<?xml version="1.0" encoding="utf-8"?>
<COLLADA xmlns="http://www.collada.org/2005/11/COLLADASchema" version="1.4.1" xmlns:xsi="http://www.w3.org/2001/XMLSchema-instance">
  <asset>
    <contributor>
      <author>Blender User</author>
      <authoring_tool>Blender 4.0.2 commit date:2023-12-05, commit time:07:41, hash:9be62e85b727</authoring_tool>
    </contributor>
    <created>2025-09-22T22:27:13</created>
    <modified>2025-09-22T22:27:13</modified>
    <unit name="meter" meter="1"/>
    <up_axis>Z_UP</up_axis>
  </asset>
  <library_effects>
    <effect id="Beware-effect">
      <profile_COMMON>
        <newparam sid="diffuse-surface">
          <surface type="2D">
            <init_from>diffuse</init_from>
          </surface>
        </newparam>
        <newparam sid="diffuse-sampler">
          <sampler2D>
            <source>diffuse-surface</source>
          </sampler2D>
        </newparam>
        <technique sid="common">
          <lambert>
            <emission>
              <color sid="emission">0 0 0 1</color>
            </emission>
            <diffuse>
              <texture texture="diffuse-sampler" texcoord="UVMap"/>
            </diffuse>
            <index_of_refraction>
              <float sid="ior">1.45</float>
            </index_of_refraction>
          </lambert>
        </technique>
      </profile_COMMON>
    </effect>
  </library_effects>
  <library_images>
    <image id="diffuse" name="diffuse">
      <init_from>diffuse.png</init_from>
    </image>
  </library_images>
  <library_materials>
    <material id="Beware-material" name="Beware">
      <instance_effect url="#Beware-effect"/>
    </material>
  </library_materials>
  <library_geometries>
    <geometry id="Cube_001-mesh" name="Cube.001">
      <mesh>
        <source id="Cube_001-mesh-positions">
          <float_array id="Cube_001-mesh-positions-array" count="84">-0.05387276 1.247033 1.302061 -0.05387276 1.27394 1.399143 -0.05792826 1.293864 1.292649 -0.05792826 1.318643 1.382652 0.05387276 1.247033 1.302061 0.05387276 1.27394 1.399143 0.05792826 1.293864 1.292649 0.05792826 1.318643 1.382652 0.01778328 1.293864 1.292649 -0.01778328 1.293864 1.292649 -0.01778328 1.318643 1.382652 0.01778328 1.318643 1.382652 0.05279988 1.475084 1.339529 -0.05279988 1.450304 1.249527 -0.06687182 1.450304 1.249527 -0.06687182 1.475084 1.339529 0.06687182 1.475084 1.339529 0.06687182 1.450304 1.249527 0.05279988 1.450304 1.249527 -0.05279988 1.475084 1.339529 -0.04325979 1.31733 1.286181 -0.04325979 1.34211 1.376183 -0.06448501 1.31733 1.286181 -0.06448501 1.34211 1.376183 0.06448501 1.34211 1.376183 0.06448501 1.31733 1.286181 0.04325979 1.34211 1.376183 0.04325979 1.31733 1.286181</float_array>
          <technique_common>
            <accessor source="#Cube_001-mesh-positions-array" count="28" stride="3">
              <param name="X" type="float"/>
              <param name="Y" type="float"/>
              <param name="Z" type="float"/>
            </accessor>
          </technique_common>
        </source>
        <source id="Cube_001-mesh-normals">
          <float_array id="Cube_001-mesh-normals-array" count="207">-0.99639 -0.08183664 0.02257728 -0.9852828 -0.164786 0.04542505 -0.9852319 -0.1650829 0.04545146 0.9976168 0.0665242 -0.01831567 0.9976167 0.06652432 -0.01831573 0.9976168 0.06652408 -0.01831567 0.9852828 -0.1647861 0.04542505 0.99639 -0.08183664 0.02257728 0.9852319 -0.1650829 0.04545146 0 0.9641261 -0.2654449 0 0.9641255 -0.2654473 0 0.9641254 -0.2654475 0 0.964126 -0.2654451 0 0.9641255 -0.2654471 0 0.9641254 -0.2654473 -0.9976168 0.0665242 -0.01831567 -0.9976167 0.06652432 -0.01831573 -0.9976167 0.06652444 -0.01831579 0 0.3305924 0.9437737 0 0.3305919 0.9437738 0 0.3461082 0.9381946 -0.9901896 -0.1347183 0.03709161 -0.9998504 -0.01668089 0.004592597 -0.9998503 -0.01668095 0.004592597 0 -0.2105416 -0.9775849 0 -0.2105414 -0.977585 0 -0.197043 -0.9803949 0 0.265735 0.9640461 0 0.2657365 0.9640457 0 0.2657329 0.9640468 0 -0.9636718 0.2670895 0 -0.9636718 0.2670894 0 -0.9636722 0.2670882 0 -0.2657324 -0.9640468 0 -0.2657356 -0.964046 0 -0.265731 -0.9640473 0.9901896 -0.1347183 0.03709161 0.9998504 -0.01668089 0.004592597 0.9901832 -0.1347615 0.03710275 0 0.964126 -0.2654454 0 0.9641263 -0.2654443 0 0.9641264 -0.2654438 0 0.2657349 0.9640461 0 0.2657364 0.9640458 0 -0.2657323 -0.9640468 0 -0.2657356 -0.9640461 0 0.3019732 0.9533164 0 -0.2351287 -0.9719642 -0.9901832 -0.1347615 0.03710275 0.6908141 0.6970938 -0.1919275 0.690816 0.6970925 -0.1919254 0.6908168 0.6970919 -0.1919245 0 -0.265731 -0.9640473 -0.6908141 0.6970938 -0.1919275 -0.690816 0.6970925 -0.1919254 -0.6908133 0.6970944 -0.1919284 -0.9963726 -0.08200597 0.02272856 0.9976167 0.06652444 -0.01831579 0.9963726 -0.08200609 0.02272856 0 0.9641262 -0.2654447 0 0.9641261 -0.2654449 -0.9976168 0.06652408 -0.01831567 0 0.3461084 0.9381945 0 -0.1970431 -0.9803949 0 -0.9636715 0.2670907 0.9998503 -0.01668095 0.004592597 0 0.9641258 -0.2654459 0.6908133 0.6970944 -0.1919284 -0.6908168 0.6970919 -0.1919245</float_array>
          <technique_common>
            <accessor source="#Cube_001-mesh-normals-array" count="69" stride="3">
              <param name="X" type="float"/>
              <param name="Y" type="float"/>
              <param name="Z" type="float"/>
            </accessor>
          </technique_common>
        </source>
        <source id="Cube_001-mesh-map-0">
          <float_array id="Cube_001-mesh-map-0-array" count="312">0.2604237 0.6119639 0.2431603 0.6034643 0.2598105 0.603436 0.2186011 0.5988912 0.2352511 0.5744877 0.2352511 0.598896 0.2835729 0.5660464 0.2663097 0.5745458 0.2669228 0.5660182 0.2637999 0.5744543 0.2663097 0.5911043 0.2637999 0.5911043 0.2604237 0.5744543 0.2629334 0.5911043 0.2604237 0.5911043 0.2829597 0.5989544 0.2663097 0.5745509 0.2829597 0.574546 0.2512108 0.5659752 0.2575544 0.5659752 0.2639912 0.5744543 0.2598042 0.59902 0.2431198 0.5744827 0.2597698 0.5744543 0.2273565 0.5659764 0.2337 0.5659764 0.2401369 0.5744826 0.2428811 0.5616344 0.2449652 0.5370363 0.2466668 0.5616344 0.2186011 0.598896 0.2365693 0.6181134 0.2186011 0.6181134 0.2190268 0.5616354 0.2211109 0.5370363 0.2228125 0.5616354 0.266929 0.5616022 0.2836135 0.5370647 0.2835791 0.5616304 0.2708536 0.5989595 0.2771973 0.6156094 0.2708536 0.6156094 0.265884 0.5616344 0.2637999 0.5370363 0.2663097 0.5370363 0.2420297 0.5616354 0.2399456 0.5370363 0.2424554 0.5370363 0.2647146 0.5659752 0.2620983 0.5616344 0.265884 0.5616344 0.2201963 0.5659764 0.2228125 0.5616354 0.2273565 0.5659764 0.2598105 0.603436 0.2431542 0.5990483 0.2598042 0.59902 0.2708536 0.6156094 0.2663097 0.5989608 0.2708536 0.5989595 0.2408602 0.5659764 0.238244 0.5616354 0.2420297 0.5616354 0.2669228 0.5660182 0.2835791 0.5616304 0.2835729 0.5660464 0.2440506 0.5659752 0.2466668 0.5616344 0.2512108 0.5659752 0.2771973 0.6156094 0.2817412 0.5989608 0.2817412 0.6156108 0.2604237 0.6119639 0.2424554 0.6119639 0.2431603 0.6034643 0.2186011 0.5988912 0.2186011 0.5744826 0.2352511 0.5744877 0.2835729 0.5660464 0.2842778 0.5745458 0.2663097 0.5745458 0.2637999 0.5744543 0.2663097 0.5744543 0.2663097 0.5911043 0.2604237 0.5744543 0.2629334 0.5744543 0.2629334 0.5911043 0.2829597 0.5989544 0.2663097 0.5989595 0.2663097 0.5745509 0.2575544 0.5659752 0.2647146 0.5659752 0.2639912 0.5744543 0.2639912 0.5744543 0.2447739 0.5744543 0.2512108 0.5659752 0.2447739 0.5744543 0.2440506 0.5659752 0.2512108 0.5659752 0.2598042 0.59902 0.2431542 0.5990483 0.2431198 0.5744827 0.2337 0.5659764 0.2408602 0.5659764 0.2401369 0.5744826 0.2401369 0.5744826 0.2209196 0.5744826 0.2273565 0.5659764 0.2209196 0.5744826 0.2201963 0.5659764 0.2273565 0.5659764 0.2428811 0.5616344 0.2424554 0.5370363 0.2449652 0.5370363 0.2186011 0.598896 0.2365693 0.598896 0.2365693 0.6181134 0.2190268 0.5616354 0.2186011 0.5370363 0.2211109 0.5370363 0.266929 0.5616022 0.2669636 0.5370363 0.2836135 0.5370647 0.2708536 0.5989595 0.2771973 0.5989595 0.2771973 0.6156094 0.265884 0.5616344 0.2620983 0.5616344 0.2637999 0.5370363 0.2420297 0.5616354 0.238244 0.5616354 0.2399456 0.5370363 0.2647146 0.5659752 0.2575544 0.5659752 0.2620983 0.5616344 0.2201963 0.5659764 0.2190268 0.5616354 0.2228125 0.5616354 0.2598105 0.603436 0.2431603 0.6034643 0.2431542 0.5990483 0.2708536 0.6156094 0.2663097 0.6156108 0.2663097 0.5989608 0.2408602 0.5659764 0.2337 0.5659764 0.238244 0.5616354 0.2669228 0.5660182 0.266929 0.5616022 0.2835791 0.5616304 0.2440506 0.5659752 0.2428811 0.5616344 0.2466668 0.5616344 0.2771973 0.6156094 0.2771973 0.5989595 0.2817412 0.5989608</float_array>
          <technique_common>
            <accessor source="#Cube_001-mesh-map-0-array" count="156" stride="2">
              <param name="S" type="float"/>
              <param name="T" type="float"/>
            </accessor>
          </technique_common>
        </source>
        <vertices id="Cube_001-mesh-vertices">
          <input semantic="POSITION" source="#Cube_001-mesh-positions"/>
        </vertices>
        <triangles material="Beware-material" count="52">
          <input semantic="VERTEX" source="#Cube_001-mesh-vertices" offset="0"/>
          <input semantic="NORMAL" source="#Cube_001-mesh-normals" offset="1"/>
          <input semantic="TEXCOORD" source="#Cube_001-mesh-map-0" offset="2" set="0"/>
          <p>0 0 0 3 1 1 2 2 2 20 3 3 19 4 4 21 5 5 7 6 6 4 7 7 6 8 8 12 9 9 17 10 10 18 11 11 15 12 12 13 13 13 14 14 14 27 15 15 12 16 16 18 17 17 11 18 18 10 19 19 1 20 20 22 21 21 15 22 22 14 23 23 9 24 24 8 25 25 4 26 26 24 27 27 12 28 28 26 29 29 1 30 30 4 31 31 5 32 32 22 33 33 13 34 34 20 35 35 25 36 36 16 37 37 24 38 38 10 39 39 8 40 40 9 41 41 23 42 42 19 28 43 15 43 44 25 44 45 18 34 46 17 45 47 3 46 48 21 29 49 23 42 50 2 47 51 20 35 52 9 24 53 2 2 54 23 48 55 22 21 56 9 49 57 21 50 58 10 51 59 6 47 60 27 52 61 25 44 62 6 8 63 24 38 64 7 6 65 7 46 66 26 29 67 11 18 68 8 53 69 26 54 70 27 55 71 0 0 72 1 56 73 3 1 74 20 3 75 13 57 76 19 4 77 7 6 78 5 58 79 4 7 80 12 9 81 16 59 82 17 10 83 15 12 84 19 60 85 13 13 86 27 15 87 26 61 88 12 16 89 10 19 90 3 46 91 1 20 92 1 20 93 5 62 94 11 18 95 5 62 96 7 46 97 11 18 98 22 21 99 23 48 100 15 22 101 8 25 102 6 47 103 4 26 104 4 26 105 0 63 106 9 24 107 0 63 108 2 47 109 9 24 110 24 27 111 16 43 112 12 28 113 1 30 114 0 64 115 4 31 116 22 33 117 14 45 118 13 34 119 25 36 120 17 65 121 16 37 122 10 39 123 11 66 124 8 40 125 23 42 126 21 29 127 19 28 128 25 44 129 27 52 130 18 34 131 3 46 132 10 19 133 21 29 134 2 47 135 22 33 136 20 35 137 2 2 138 3 1 139 23 48 140 9 49 141 20 67 142 21 50 143 6 47 144 8 25 145 27 52 146 6 8 147 25 36 148 24 38 149 7 46 150 24 27 151 26 29 152 8 53 153 11 68 154 26 54 155</p>
        </triangles>
      </mesh>
    </geometry>
    <geometry id="Vert_003-mesh" name="Vert.003">
      <mesh>
        <source id="Vert_003-mesh-positions">
          <float_array id="Vert_003-mesh-positions-array" count="96">0.03029966 0.3196654 4.624157 0.04285174 0.3477382 4.635568 0.03029966 0.392589 4.64698 -0.03355491 0.824518 3.348187 -0.04745274 0.7928168 3.337196 -0.03355491 0.7611154 3.326205 -2.46794e-6 0.7479842 3.321653 0.03354996 0.7611154 3.326205 0.04744786 0.7928166 3.337197 0.03354996 0.824518 3.348187 0.0350818 -0.08872932 5.702941 0.02480518 -0.06615072 5.71321 -4.71427e-6 -0.05679821 5.717463 0.02480518 -0.111308 5.692673 -4.70509e-6 -0.1206606 5.688419 -0.0248146 -0.111308 5.692673 -0.03509122 -0.08872932 5.702941 -2.4803e-6 0.8376491 3.35274 -0.02481466 -0.06615072 5.71321 -1.23669e-6 1.240655 2.036113 -0.04087418 1.224391 2.031412 -0.05780422 1.185126 2.020062 -0.04087418 1.14586 2.008713 -1.22163e-6 1.129595 2.004012 0.04087167 1.14586 2.008713 0.05780178 1.185126 2.020062 0.04087162 1.224391 2.031412 -3.7119e-6 0.3080374 4.619431 -0.03030711 0.3253664 4.624157 -0.04285919 0.3589778 4.635568 -0.03030711 0.392589 4.64698 -3.7225e-6 0.4065114 4.651707</float_array>
          <technique_common>
            <accessor source="#Vert_003-mesh-positions-array" count="32" stride="3">
              <param name="X" type="float"/>
              <param name="Y" type="float"/>
              <param name="Z" type="float"/>
            </accessor>
          </technique_common>
        </source>
        <source id="Vert_003-mesh-normals">
          <float_array id="Vert_003-mesh-normals-array" count="240">-0.9424014 0.3112921 0.1223813 -0.9242474 0.3496212 0.1534011 -0.9426802 0.3107773 0.1215381 -0.507464 -0.8073946 -0.3009891 -0.384788 -0.8566598 -0.3436163 -0.507368 -0.8079825 -0.2995696 0.9237773 -0.3600582 -0.1303599 0.9236454 -0.3570448 -0.1392779 0.923777 -0.3601612 -0.1300769 0.9642678 0.2460334 0.09826081 0.9243912 0.3624204 0.1189641 0.9238615 0.3636122 0.1194415 0.9237861 -0.3661416 -0.1120705 0.3825143 -0.8666867 -0.3202139 0.382543 -0.8814393 -0.2769942 0.3825103 -0.8665739 -0.320524 -0.3835899 -0.8816294 -0.2749336 -0.9424954 -0.3143879 -0.1134142 -0.9239581 -0.3659686 -0.1112146 -0.9237784 -0.3664581 -0.1110944 -0.924044 0.3629676 0.1199897 -0.923865 0.3634203 0.1199975 -0.4354522 0.8407029 0.3218697 -0.3830183 0.8798227 0.2814413 -0.3825904 0.8800389 0.2813471 0.3835605 0.8476011 0.3666794 0.4354457 0.8407054 0.3218719 0.4362801 0.8405962 0.3210263 -0.9238695 -0.3687143 -0.1025426 -0.3826408 0.8834401 0.2704066 0.3826411 0.8834397 0.2704072 0.3825886 0.8800393 0.2813479 0.3826441 0.8834385 0.2704067 0.9238686 -0.368717 -0.1025417 0.9237871 -0.366219 -0.1118083 0.9238728 -0.368707 -0.1025384 -0.3826764 -0.8874143 -0.2570109 -0.3825267 -0.8819874 -0.2752664 -0.9238325 0.3648225 0.115923 0.9238324 0.3648222 0.1159247 0.9238324 0.3648222 0.1159247 0.3826769 -0.8874143 -0.2570104 0.3825494 -0.8815091 -0.2767628 0.3826842 -0.8874115 -0.2570093 -0.3835506 0.8476052 0.3666803 -0.4362866 0.8405934 0.3210246 -0.9241002 -0.3553804 -0.1405124 -0.9427719 -0.3137994 -0.1127447 0.3822812 -0.8576455 -0.3439554 2.56422e-6 0.2776741 -0.9606754 8.97224e-7 0.2776759 -0.9606748 5.40993e-6 0.2776759 -0.9606748 0.964268 0.2454558 0.09969276 0.9250642 0.3491176 0.1495768 0.9238126 0.35196 0.1506475 9.74522e-6 -0.4139848 0.9102838 -1.7122e-5 -0.413992 0.9102805 9.74519e-6 -0.413992 0.9102805 0.3830165 0.8798231 0.2814421 -0.9238352 0.3505513 0.1537612 -0.382274 -0.8576526 -0.343946 0.9236414 -0.3570536 -0.1392819 0.3825715 0.8479895 0.3668146 -0.9238739 -0.3687043 -0.1025393 -0.3826439 0.883439 0.2704061 -0.3826839 -0.8874114 -0.2570098 -0.9238325 0.3648226 0.1159231 -0.3825611 0.8479937 0.3668155 -0.9236744 -0.3563407 -0.1408792 0.3822742 -0.8576482 -0.3439567 3.94971e-6 0.2776756 -0.960675 -1.02523e-5 0.2776739 -0.9606754 5.38346e-6 0.2776663 -0.9606777 1.07668e-5 0.2776747 -0.9606752 -5.3835e-6 0.2776762 -0.9606748 -2.4499e-5 -0.4139919 0.9102805 -5.84587e-5 -0.4139846 0.910284 3.06105e-5 -0.4139846 0.9102839 1.04335e-5 -0.4139919 0.9102806 5.84588e-5 -0.4139848 0.9102839</float_array>
          <technique_common>
            <accessor source="#Vert_003-mesh-normals-array" count="80" stride="3">
              <param name="X" type="float"/>
              <param name="Y" type="float"/>
              <param name="Z" type="float"/>
            </accessor>
          </technique_common>
        </source>
        <source id="Vert_003-mesh-map-0">
          <float_array id="Vert_003-mesh-map-0-array" count="360">0.9392067 0.6863564 0.9432271 0.518253 0.9439839 0.6863564 0.9535382 0.6860594 0.9577465 0.5182528 0.9583154 0.6860594 0.9487611 0.6862075 0.9534243 0.5183999 0.9535382 0.6862075 0.8802524 0.518253 0.8855417 0.7183969 0.8802524 0.7183868 0.9137782 0.518493 0.9090071 0.7181571 0.9090071 0.5182528 0.9190726 0.5183488 0.9142965 0.7179279 0.9142963 0.5182529 0.9248752 0.5182529 0.9195858 0.7179284 0.920099 0.5183488 0.9042359 0.5184931 0.909007 0.7181574 0.9037176 0.7181676 0.8860599 0.518493 0.8908311 0.7183866 0.8855417 0.7183968 0.8625899 0.5183487 0.8673661 0.7184816 0.8620768 0.7184818 0.9302177 0.5182529 0.9344295 0.6864186 0.9296523 0.6864186 0.8738092 0.7184208 0.8685237 0.5184538 0.8738092 0.5182529 0.8374578 0.7187947 0.8321689 0.5183271 0.8374578 0.518253 0.837458 0.7187915 0.8439013 0.5183576 0.8439013 0.7187899 0.8738092 0.7184208 0.8790948 0.5184538 0.8802524 0.7183539 0.8972744 0.7181563 0.8919855 0.5183272 0.8972744 0.5182529 0.8567874 0.7186852 0.8515018 0.5184537 0.8567874 0.5182529 0.8439013 0.7186852 0.8491869 0.5184537 0.8503444 0.7186182 0.8972744 0.7181562 0.9025633 0.5183272 0.9037177 0.7181178 0.9248752 0.6864035 0.9296523 0.5182529 0.9296523 0.6864196 0.9439839 0.6862075 0.9480055 0.518253 0.9487612 0.6862075 0.9583154 0.6860594 0.9627903 0.5183138 0.9630926 0.6860594 0.9630926 0.5292524 0.9676489 0.5182529 0.9786484 0.5228091 0.9392067 0.6863365 0.9344297 0.518253 0.9383378 0.5183824 0.9658588 0.5432507 0.9630932 0.5404852 0.9725337 0.5404852 0.8615636 0.5183489 0.8567874 0.7184818 0.8567874 0.518253 0.9392067 0.6863564 0.9393194 0.5184002 0.9432271 0.518253 0.9535382 0.6860594 0.9538359 0.518314 0.9577465 0.5182528 0.9487611 0.6862075 0.9495168 0.5182528 0.9534243 0.5183999 0.8802524 0.518253 0.8850236 0.5184932 0.8855417 0.7183969 0.9137782 0.518493 0.9142963 0.7181674 0.9090071 0.7181571 0.9190726 0.5183488 0.9195858 0.7179284 0.9142965 0.7179279 0.9248752 0.5182529 0.9248752 0.7179279 0.9195858 0.7179284 0.9042359 0.5184931 0.909007 0.518253 0.909007 0.7181574 0.8860599 0.518493 0.8908311 0.5182528 0.8908311 0.7183866 0.8625899 0.5183487 0.8673661 0.5182527 0.8673661 0.7184816 0.9302177 0.5182529 0.9341282 0.5183138 0.9344295 0.6864186 0.8738092 0.7184208 0.8673661 0.7183539 0.8685237 0.5184538 0.8374578 0.7187947 0.8310146 0.7187561 0.8321689 0.5183271 0.837458 0.7187915 0.8386129 0.518253 0.8439013 0.5183576 0.8738092 0.7184208 0.8738092 0.5182529 0.8790948 0.5184538 0.8972744 0.7181563 0.8908311 0.7181178 0.8919855 0.5183272 0.8567874 0.7186852 0.8503444 0.7186182 0.8515018 0.5184537 0.8439013 0.7186852 0.8439013 0.5182529 0.8491869 0.5184537 0.8972744 0.7181562 0.8972744 0.5182529 0.9025633 0.5183272 0.9248752 0.6864035 0.9257416 0.5183006 0.9296523 0.5182529 0.9439839 0.6862075 0.9440979 0.5184001 0.9480055 0.518253 0.9583154 0.6860594 0.9588798 0.518253 0.9627903 0.5183138 0.9786484 0.5228091 0.9786483 0.5292525 0.9630926 0.5292524 0.9786483 0.5292525 0.9740921 0.5338087 0.9630926 0.5292524 0.9740921 0.5338087 0.9676488 0.5338087 0.9630926 0.5292524 0.9630926 0.5292524 0.9630926 0.522809 0.9676489 0.5182529 0.9676489 0.5182529 0.9740921 0.5182529 0.9786484 0.5228091 0.9392067 0.6863365 0.9344297 0.6863579 0.9344297 0.518253 0.9630926 0.5365742 0.9658572 0.5338087 0.9697675 0.5338087 0.9697675 0.5338087 0.9725329 0.5365742 0.9630926 0.5365742 0.9725329 0.5365742 0.9725337 0.5404852 0.9630932 0.5404852 0.9630926 0.5365742 0.9725329 0.5365742 0.9630932 0.5404852 0.9725337 0.5404852 0.9697691 0.5432507 0.9658588 0.5432507 0.8615636 0.5183489 0.8620768 0.718482 0.8567874 0.7184818</float_array>
          <technique_common>
            <accessor source="#Vert_003-mesh-map-0-array" count="180" stride="2">
              <param name="S" type="float"/>
              <param name="T" type="float"/>
            </accessor>
          </technique_common>
        </source>
        <vertices id="Vert_003-mesh-vertices">
          <input semantic="POSITION" source="#Vert_003-mesh-positions"/>
        </vertices>
        <triangles material="Beware-material" count="60">
          <input semantic="VERTEX" source="#Vert_003-mesh-vertices" offset="0"/>
          <input semantic="NORMAL" source="#Vert_003-mesh-normals" offset="1"/>
          <input semantic="TEXCOORD" source="#Vert_003-mesh-map-0" offset="2" set="0"/>
          <p>29 0 0 18 1 1 30 2 2 27 3 3 15 4 4 28 5 5 1 6 6 13 7 7 0 8 8 2 9 9 8 10 10 9 11 11 0 8 12 8 12 13 1 6 14 27 13 15 7 14 16 0 15 17 28 5 18 6 16 19 27 3 20 28 17 21 4 18 22 5 19 23 29 0 24 3 20 25 4 21 26 30 22 27 17 23 28 3 24 29 12 25 30 2 26 31 31 27 32 21 28 33 5 19 34 4 18 35 19 29 36 3 24 37 17 23 38 19 30 39 9 31 40 26 32 41 25 33 42 7 34 43 24 35 44 22 36 45 6 16 46 5 37 47 20 38 48 4 21 49 3 20 50 26 39 51 8 10 52 25 40 53 24 41 54 6 42 55 23 43 56 30 22 57 12 44 58 31 45 59 28 17 60 16 46 61 29 47 62 0 15 63 14 48 64 27 13 65 23 49 66 21 50 67 19 51 68 1 52 69 11 53 70 10 54 71 15 55 72 14 56 73 18 57 74 2 26 75 17 58 76 31 27 77 29 0 78 16 59 79 18 1 80 27 3 81 14 60 82 15 4 83 1 6 84 10 61 85 13 7 86 2 9 87 1 52 88 8 10 89 0 8 90 7 34 91 8 12 92 27 13 93 6 42 94 7 14 95 28 5 96 5 37 97 6 16 98 28 17 99 29 47 100 4 18 101 29 0 102 30 2 103 3 20 104 30 22 105 31 45 106 17 23 107 12 25 108 11 62 109 2 26 110 21 28 111 22 63 112 5 19 113 19 29 114 20 64 115 3 24 116 19 30 117 17 58 118 9 31 119 25 33 120 8 12 121 7 34 122 22 36 123 23 65 124 6 16 125 20 38 126 21 66 127 4 21 128 26 39 129 9 11 130 8 10 131 24 41 132 7 14 133 6 42 134 30 22 135 18 67 136 12 44 137 28 17 138 15 68 139 16 46 140 0 15 141 13 69 142 14 48 143 19 51 144 26 70 145 23 49 146 26 70 147 25 71 148 23 49 149 25 71 150 24 72 151 23 49 152 23 49 153 22 73 154 21 50 155 21 50 156 20 74 157 19 51 158 1 52 159 2 9 160 11 53 161 13 75 162 10 76 163 11 77 164 11 77 165 12 78 166 13 75 167 12 78 168 18 57 169 14 56 170 13 75 171 12 78 172 14 56 173 18 57 174 16 79 175 15 55 176 2 26 177 9 31 178 17 58 179</p>
        </triangles>
      </mesh>
    </geometry>
    <geometry id="Vert_002-mesh" name="Vert.002">
      <mesh>
        <source id="Vert_002-mesh-positions">
          <float_array id="Vert_002-mesh-positions-array" count="336">0.01147383 1.13651 1.407531 0.01147383 -0.9131222 1.97605 0.01147383 1.167192 1.997838 0.01147383 -0.8724145 2.565889 0.01147383 0.9653367 2.683291 0.01147383 -0.8154674 3.189559 0.01147383 0.7843908 3.308837 0.01147383 -0.7629008 3.781608 0.01147383 0.5898361 3.915417 0.01147383 -0.6971926 4.315239 0.01147383 0.3979389 4.466823 0.01147383 -0.6314844 4.851013 0.01147383 0.1608928 5.096091 0.01147383 -0.5394929 5.362669 0.01147383 -0.06619471 5.684061 0.01147383 -0.4387403 5.748912 0.01147383 0.7949042 1.502284 0.01147383 0.4532989 1.597037 0.01147383 0.1116936 1.691791 0.01147383 -0.2299116 1.786544 0.01147383 -0.5715169 1.881297 0.01147383 0.8131683 2.076411 0.01147383 0.4760517 2.174307 0.01147383 0.1389351 2.272202 0.01147383 -0.1981814 2.370098 0.01147383 -0.535298 2.467994 0.01147383 0.6544464 2.751567 0.01147383 0.3604636 2.839166 0.01147383 0.06648081 2.926764 0.01147383 -0.2275019 3.014363 0.01147383 -0.5214847 3.101961 0.01147383 0.5124194 3.37153 0.01147383 0.2573553 3.453546 0.01147383 0.002291202 3.535562 0.01147383 -0.2527728 3.617577 0.01147383 -0.5078368 3.699593 0.01147383 0.3612417 3.965951 0.01147383 0.1495548 4.035809 0.01147383 -0.062132 4.105667 0.01147383 -0.2738189 4.175524 0.01147383 -0.4855058 4.245381 0.01147383 0.2122787 4.514752 0.01147383 0.04352611 4.582005 0.01147383 -0.1252265 4.649257 0.01147383 -0.2939792 4.716509 0.01147383 -0.4627318 4.783761 0.01147383 0.03007227 5.124418 0.01147383 -0.08384072 5.172069 0.01147383 -0.1977537 5.219719 0.01147383 -0.3116669 5.267369 0.01147383 -0.4255799 5.315019 0.01147383 -0.1423752 5.678767 0.01147383 -0.2016482 5.692796 0.01147383 -0.2609212 5.706825 0.01147383 -0.3201943 5.720854 0.01147383 -0.3794673 5.734883 -0.01147383 1.13651 1.407531 -0.01147383 -0.9131222 1.97605 -0.01147383 1.167192 1.997838 -0.01147383 -0.8724145 2.565889 -0.01147383 0.9653367 2.683291 -0.01147383 -0.8154674 3.189559 -0.01147383 0.7843908 3.308837 -0.01147383 -0.7629008 3.781608 -0.01147383 0.5898361 3.915417 -0.01147383 -0.6971926 4.315239 -0.01147383 0.3979389 4.466823 -0.01147383 -0.6314844 4.851013 -0.01147383 0.1608928 5.096091 -0.01147383 -0.5394929 5.362669 -0.01147383 -0.06619471 5.684061 -0.01147383 -0.4387403 5.748912 -0.01147383 0.7949042 1.502284 -0.01147383 0.4532989 1.597037 -0.01147383 0.1116936 1.691791 -0.01147383 -0.2299116 1.786544 -0.01147383 -0.5715169 1.881297 -0.01147383 0.8131683 2.076411 -0.01147383 0.4760517 2.174307 -0.01147383 0.1389351 2.272202 -0.01147383 -0.1981814 2.370098 -0.01147383 -0.535298 2.467994 -0.01147383 0.6544464 2.751567 -0.01147383 0.3604636 2.839166 -0.01147383 0.06648081 2.926764 -0.01147383 -0.2275019 3.014363 -0.01147383 -0.5214847 3.101961 -0.01147383 0.5124194 3.37153 -0.01147383 0.2573553 3.453546 -0.01147383 0.002291202 3.535562 -0.01147383 -0.2527728 3.617577 -0.01147383 -0.5078368 3.699593 -0.01147383 0.3612417 3.965951 -0.01147383 0.1495548 4.035809 -0.01147383 -0.062132 4.105667 -0.01147383 -0.2738189 4.175524 -0.01147383 -0.4855058 4.245381 -0.01147383 0.2122787 4.514752 -0.01147383 0.04352611 4.582005 -0.01147383 -0.1252265 4.649257 -0.01147383 -0.2939792 4.716509 -0.01147383 -0.4627318 4.783761 -0.01147383 0.03007227 5.124418 -0.01147383 -0.08384072 5.172069 -0.01147383 -0.1977537 5.219719 -0.01147383 -0.3116669 5.267369 -0.01147383 -0.4255799 5.315019 -0.01147383 -0.1423752 5.678767 -0.01147383 -0.2016482 5.692796 -0.01147383 -0.2609212 5.706825 -0.01147383 -0.3201943 5.720854 -0.01147383 -0.3794673 5.734883</float_array>
          <technique_common>
            <accessor source="#Vert_002-mesh-positions-array" count="112" stride="3">
              <param name="X" type="float"/>
              <param name="Y" type="float"/>
              <param name="Z" type="float"/>
            </accessor>
          </technique_common>
        </source>
        <source id="Vert_002-mesh-normals">
          <float_array id="Vert_002-mesh-normals-array" count="393">1 0 0 1 0 0 1 0 0 1 0 0 1 0 0 1 0 0 1 0 0 1 0 0 1 0 0 1 0 0 1 0 0 1 0 0 1 0 0 1 0 0 1 0 0 1 0 0 1 0 0 1 0 0 1 0 0 1 0 0 1 0 0 1 0 0 1 0 0 1 0 0 1 0 0 1 0 0 1 0 0 1 0 0 1 0 0 1 0 0 1 0 0 1 0 0 1 0 0 1 0 0 1 0 0 1 0 0 1 0 0 -1 0 0 -1 0 0 -1 0 0 -1 0 0 -1 0 0 -1 0 0 -1 0 0 -1 0 0 -1 0 0 -1 0 0 -1 0 0 0 -0.997627 0.06885105 0 -0.9958572 0.09093153 0 -0.9960815 0.08843976 0 -0.9925042 0.1222111 0 -0.9925634 0.1217297 0 -0.9842191 0.1769543 0 -0.9676213 0.2524067 0 0.2303215 0.9731146 0 0.2303217 0.9731146 0 0.2303216 0.9731146 0 -0.06932365 0.9975942 0 0.9328423 0.3602854 0 0.9358047 0.352519 0 0.9444417 0.3286792 0 0.9522192 0.3054155 0 0.9606189 0.2778693 0 0.9592701 0.2824906 0 0.9986519 -0.05190753 0 -0.2672848 -0.9636176 0 -0.2672849 -0.9636176 0 -0.2672845 -0.9636178 1 0 0 1 0 0 1 0 0 1 0 0 1 0 0 1 0 0 1 0 0 1 0 0 1 0 0 1 0 0 1 0 0 1 0 0 1 0 0 -1 0 0 -1 0 0 -1 0 0 -1 0 0 -1 0 0 -1 0 0 -1 0 0 -1 0 0 -1 0 0 -1 0 0 -1 0 0 -1 0 0 -1 0 0 -1 0 0 -1 0 0 -1 0 0 -1 0 0 -1 0 0 -1 0 0 -1 0 0 -1 0 0 -1 0 0 -1 0 0 -1 0 0 -1 0 0 -1 0 0 -1 0 0 -1 0 0 -1 0 0 -1 0 0 -1 0 0 -1 0 0 -1 0 0 -1 0 0 -1 0 0 0 -0.9958572 0.09093123 0 -0.9960815 0.08843952 0 -0.9925042 0.1222114 0 -0.9925634 0.1217295 0 -0.9842191 0.1769545 0 -0.9676213 0.2524069 0 0.2303213 0.9731147 0 -0.06932365 0.9975942 0 0.9358048 0.3525189 0 0.9444417 0.3286791 0 0.9522193 0.3054154 0 0.9592702 0.2824904 0 -0.2672848 -0.9636176 0 -0.2672845 -0.9636177</float_array>
          <technique_common>
            <accessor source="#Vert_002-mesh-normals-array" count="131" stride="3">
              <param name="X" type="float"/>
              <param name="Y" type="float"/>
              <param name="Z" type="float"/>
            </accessor>
          </technique_common>
        </source>
        <source id="Vert_002-mesh-map-0">
          <float_array id="Vert_002-mesh-map-0-array" count="1320">0.7060352 0.1380968 0.74467 0.07989639 0.7055553 0.07189947 0.7093991 0.2094315 0.74467 0.1464816 0.7060352 0.1380968 0.7124997 0.2766825 0.7431079 0.2169938 0.7093991 0.2094315 0.7142227 0.3381761 0.7417926 0.2839193 0.7124997 0.2766825 0.7158386 0.3988408 0.7385479 0.3443834 0.7142227 0.3381761 0.7157839 0.4588167 0.7353198 0.4050883 0.7158386 0.3988408 0.7138587 0.506347 0.7289518 0.4632871 0.7157839 0.4588167 0.6782678 0.5030661 0.6631125 0.4409355 0.6481949 0.4387673 0.6867858 0.5018806 0.6762804 0.4454059 0.6631125 0.4409355 0.693554 0.5029972 0.6894482 0.4498762 0.6762804 0.4454059 0.7003222 0.5041138 0.702616 0.4543465 0.6894482 0.4498762 0.7070904 0.5052304 0.7157839 0.4588167 0.702616 0.4543465 0.6481949 0.4387673 0.6379139 0.3738511 0.616683 0.3699058 0.6631125 0.4409355 0.6573951 0.3800985 0.6379139 0.3738511 0.6762804 0.4454059 0.6768763 0.386346 0.6573951 0.3800985 0.6894482 0.4498762 0.6963574 0.3925933 0.6768763 0.386346 0.702616 0.4543465 0.7158386 0.3988408 0.6963574 0.3925933 0.616683 0.3699058 0.6169223 0.3133472 0.5908474 0.3094421 0.6379139 0.3738511 0.6412474 0.3195545 0.6169223 0.3133472 0.6573951 0.3800985 0.6655725 0.3257617 0.6412474 0.3195545 0.6768763 0.386346 0.6898977 0.331969 0.6655725 0.3257617 0.6963574 0.3925933 0.7142227 0.3381761 0.6898977 0.331969 0.5908474 0.3094421 0.595328 0.247735 0.5642853 0.2428002 0.6169223 0.3133472 0.6246209 0.2549719 0.595328 0.247735 0.6412474 0.3195545 0.6539139 0.2622088 0.6246209 0.2549719 0.6655725 0.3257617 0.6832067 0.2694456 0.6539139 0.2622088 0.6898977 0.331969 0.7124997 0.2766825 0.6832067 0.2694456 0.5642853 0.2428002 0.5745638 0.1791821 0.5391052 0.1739218 0.595328 0.247735 0.6082726 0.1867445 0.5745638 0.1791821 0.6246209 0.2549719 0.6419814 0.1943068 0.6082726 0.1867445 0.6539139 0.2622088 0.6756902 0.2018691 0.6419814 0.1943068 0.6832067 0.2694456 0.7093991 0.2094315 0.6756902 0.2018691 0.5391052 0.1739218 0.5514959 0.1045576 0.5111114 0.09847491 0.5745638 0.1791821 0.5901308 0.1129425 0.5514959 0.1045576 0.6082726 0.1867445 0.6287656 0.1213272 0.5901308 0.1129425 0.6419814 0.1943068 0.6674004 0.129712 0.6287656 0.1213272 0.6756902 0.2018691 0.7060352 0.1380968 0.6674004 0.129712 0.5111114 0.09847491 0.5490962 0.03991168 0.5099814 0.03191471 0.5514959 0.1045576 0.5882109 0.0479086 0.5490962 0.03991168 0.5901308 0.1129425 0.6273257 0.05590558 0.5882109 0.0479086 0.6287656 0.1213272 0.6664406 0.06390249 0.6273257 0.05590558 0.6674004 0.129712 0.7055553 0.07189947 0.6664406 0.06390249 0.7535687 0.07989633 0.7922036 0.1380968 0.7926836 0.07189941 0.7535687 0.1464816 0.7888398 0.2094315 0.7922036 0.1380968 0.755131 0.2169938 0.7857391 0.2766825 0.7888398 0.2094315 0.7564462 0.2839193 0.7840161 0.3381761 0.7857391 0.2766825 0.7596909 0.3443834 0.7824002 0.3988407 0.7840161 0.3381761 0.762919 0.4050882 0.7824549 0.4588167 0.7824002 0.3988407 0.7692871 0.4632871 0.7843801 0.506347 0.7824549 0.4588167 0.8351263 0.4409354 0.8199711 0.5030661 0.8500439 0.4387673 0.8219585 0.4454059 0.8114531 0.5018806 0.8351263 0.4409354 0.8087906 0.4498761 0.8046848 0.5029972 0.8219585 0.4454059 0.7956228 0.4543465 0.7979166 0.5041138 0.8087906 0.4498761 0.7824549 0.4588167 0.7911484 0.5052304 0.7956228 0.4543465 0.8603249 0.3738511 0.8500439 0.4387673 0.8815559 0.3699057 0.8408437 0.3800985 0.8351263 0.4409354 0.8603249 0.3738511 0.8213626 0.3863459 0.8219585 0.4454059 0.8408437 0.3800985 0.8018814 0.3925933 0.8087906 0.4498761 0.8213626 0.3863459 0.7824002 0.3988407 0.7956228 0.4543465 0.8018814 0.3925933 0.8813166 0.3133472 0.8815559 0.3699057 0.9073914 0.3094421 0.8569915 0.3195545 0.8603249 0.3738511 0.8813166 0.3133472 0.8326663 0.3257616 0.8408437 0.3800985 0.8569915 0.3195545 0.8083412 0.3319689 0.8213626 0.3863459 0.8326663 0.3257616 0.7840161 0.3381761 0.8018814 0.3925933 0.8083412 0.3319689 0.9029108 0.2477349 0.9073914 0.3094421 0.9339535 0.2428001 0.8736178 0.2549718 0.8813166 0.3133472 0.9029108 0.2477349 0.844325 0.2622087 0.8569915 0.3195545 0.8736178 0.2549718 0.8150321 0.2694455 0.8326663 0.3257616 0.844325 0.2622087 0.7857391 0.2766825 0.8083412 0.3319689 0.8150321 0.2694455 0.923675 0.1791821 0.9339535 0.2428001 0.9591336 0.1739218 0.8899662 0.1867445 0.9029108 0.2477349 0.923675 0.1791821 0.8562574 0.1943067 0.8736178 0.2549718 0.8899662 0.1867445 0.8225486 0.2018691 0.844325 0.2622087 0.8562574 0.1943067 0.7888398 0.2094315 0.8150321 0.2694455 0.8225486 0.2018691 0.9467428 0.1045576 0.9591336 0.1739218 0.9871275 0.09847491 0.9081081 0.1129425 0.923675 0.1791821 0.9467428 0.1045576 0.8694732 0.1213272 0.8899662 0.1867445 0.9081081 0.1129425 0.8308384 0.129712 0.8562574 0.1943067 0.8694732 0.1213272 0.7922036 0.1380968 0.8225486 0.2018691 0.8308384 0.129712 0.9491426 0.03991168 0.9871275 0.09847491 0.9882574 0.03191471 0.9100278 0.0479086 0.9467428 0.1045576 0.9491426 0.03991168 0.8709131 0.05590558 0.9081081 0.1129425 0.9100278 0.0479086 0.8317983 0.06390249 0.8694732 0.1213272 0.8709131 0.05590558 0.7926836 0.07189941 0.8308384 0.129712 0.8317983 0.06390249 0.7509844 0.07923191 0.7535688 0.1456836 0.7535688 0.07923191 0.7509844 0.1456836 0.7535688 0.2161532 0.7535688 0.1456836 0.7509844 0.2161532 0.7535688 0.2830277 0.7535688 0.2161532 0.7509844 0.2830277 0.7535688 0.3435759 0.7535688 0.2830277 0.7509844 0.3435759 0.7535688 0.4043633 0.7535688 0.3435759 0.7509845 0.4043633 0.7535688 0.4628486 0.7535688 0.4043633 0.7509845 0.4628486 0.7535688 0.5074636 0.7535688 0.4628486 0.7535688 0.07923191 0.7509844 0.07238078 0.7509844 0.07923191 0.7535688 0.07238078 0.7509844 0.06552952 0.7509844 0.07238078 0.7535688 0.06552952 0.7509844 0.05867832 0.7509844 0.06552952 0.7535688 0.05867832 0.7509844 0.05182719 0.7509844 0.05867832 0.7535688 0.05182719 0.7509844 0.04497599 0.7509844 0.05182719 0.7535688 0.04497599 0.7509844 0.03664737 0.7509844 0.04497599 0.7472544 0.5074636 0.7446701 0.4368189 0.7446701 0.5074636 0.7472544 0.4368189 0.7446701 0.3613927 0.7446701 0.4368189 0.7472544 0.3613927 0.7446701 0.2957759 0.7446701 0.3613927 0.7472544 0.2957759 0.74467 0.2240917 0.7446701 0.2957759 0.7472544 0.2240917 0.74467 0.1507593 0.74467 0.2240917 0.7472544 0.1507593 0.74467 0.07029628 0.74467 0.1507593 0.7472544 0.07029628 0.74467 0.00716269 0.74467 0.07029628 0.7484 0.2679203 0.7509844 0.3078442 0.7509844 0.2679203 0.7484 0.3078442 0.7509844 0.347768 0.7509844 0.3078442 0.7484 0.347768 0.7509844 0.3876919 0.7509844 0.347768 0.7484 0.3876919 0.7509844 0.4276158 0.7509844 0.3876919 0.7484 0.4276158 0.7509844 0.4675396 0.7509844 0.4276158 0.7484 0.4675396 0.7509844 0.5074636 0.7509844 0.4675396 0.7060352 0.1380968 0.74467 0.1464816 0.74467 0.07989639 0.7093991 0.2094315 0.7431079 0.2169938 0.74467 0.1464816 0.7124997 0.2766825 0.7417926 0.2839193 0.7431079 0.2169938 0.7142227 0.3381761 0.7385479 0.3443834 0.7417926 0.2839193 0.7158386 0.3988408 0.7353198 0.4050883 0.7385479 0.3443834 0.7157839 0.4588167 0.7289518 0.4632871 0.7353198 0.4050883 0.7138587 0.506347 0.7206269 0.5074636 0.7289518 0.4632871 0.6782678 0.5030661 0.6867858 0.5018806 0.6631125 0.4409355 0.6867858 0.5018806 0.693554 0.5029972 0.6762804 0.4454059 0.693554 0.5029972 0.7003222 0.5041138 0.6894482 0.4498762 0.7003222 0.5041138 0.7070904 0.5052304 0.702616 0.4543465 0.7070904 0.5052304 0.7138587 0.506347 0.7157839 0.4588167 0.6481949 0.4387673 0.6631125 0.4409355 0.6379139 0.3738511 0.6631125 0.4409355 0.6762804 0.4454059 0.6573951 0.3800985 0.6762804 0.4454059 0.6894482 0.4498762 0.6768763 0.386346 0.6894482 0.4498762 0.702616 0.4543465 0.6963574 0.3925933 0.702616 0.4543465 0.7157839 0.4588167 0.7158386 0.3988408 0.616683 0.3699058 0.6379139 0.3738511 0.6169223 0.3133472 0.6379139 0.3738511 0.6573951 0.3800985 0.6412474 0.3195545 0.6573951 0.3800985 0.6768763 0.386346 0.6655725 0.3257617 0.6768763 0.386346 0.6963574 0.3925933 0.6898977 0.331969 0.6963574 0.3925933 0.7158386 0.3988408 0.7142227 0.3381761 0.5908474 0.3094421 0.6169223 0.3133472 0.595328 0.247735 0.6169223 0.3133472 0.6412474 0.3195545 0.6246209 0.2549719 0.6412474 0.3195545 0.6655725 0.3257617 0.6539139 0.2622088 0.6655725 0.3257617 0.6898977 0.331969 0.6832067 0.2694456 0.6898977 0.331969 0.7142227 0.3381761 0.7124997 0.2766825 0.5642853 0.2428002 0.595328 0.247735 0.5745638 0.1791821 0.595328 0.247735 0.6246209 0.2549719 0.6082726 0.1867445 0.6246209 0.2549719 0.6539139 0.2622088 0.6419814 0.1943068 0.6539139 0.2622088 0.6832067 0.2694456 0.6756902 0.2018691 0.6832067 0.2694456 0.7124997 0.2766825 0.7093991 0.2094315 0.5391052 0.1739218 0.5745638 0.1791821 0.5514959 0.1045576 0.5745638 0.1791821 0.6082726 0.1867445 0.5901308 0.1129425 0.6082726 0.1867445 0.6419814 0.1943068 0.6287656 0.1213272 0.6419814 0.1943068 0.6756902 0.2018691 0.6674004 0.129712 0.6756902 0.2018691 0.7093991 0.2094315 0.7060352 0.1380968 0.5111114 0.09847491 0.5514959 0.1045576 0.5490962 0.03991168 0.5514959 0.1045576 0.5901308 0.1129425 0.5882109 0.0479086 0.5901308 0.1129425 0.6287656 0.1213272 0.6273257 0.05590558 0.6287656 0.1213272 0.6674004 0.129712 0.6664406 0.06390249 0.6674004 0.129712 0.7060352 0.1380968 0.7055553 0.07189947 0.7535687 0.07989633 0.7535687 0.1464816 0.7922036 0.1380968 0.7535687 0.1464816 0.755131 0.2169938 0.7888398 0.2094315 0.755131 0.2169938 0.7564462 0.2839193 0.7857391 0.2766825 0.7564462 0.2839193 0.7596909 0.3443834 0.7840161 0.3381761 0.7596909 0.3443834 0.762919 0.4050882 0.7824002 0.3988407 0.762919 0.4050882 0.7692871 0.4632871 0.7824549 0.4588167 0.7692871 0.4632871 0.7776119 0.5074635 0.7843801 0.506347 0.8351263 0.4409354 0.8114531 0.5018806 0.8199711 0.5030661 0.8219585 0.4454059 0.8046848 0.5029972 0.8114531 0.5018806 0.8087906 0.4498761 0.7979166 0.5041138 0.8046848 0.5029972 0.7956228 0.4543465 0.7911484 0.5052304 0.7979166 0.5041138 0.7824549 0.4588167 0.7843801 0.506347 0.7911484 0.5052304 0.8603249 0.3738511 0.8351263 0.4409354 0.8500439 0.4387673 0.8408437 0.3800985 0.8219585 0.4454059 0.8351263 0.4409354 0.8213626 0.3863459 0.8087906 0.4498761 0.8219585 0.4454059 0.8018814 0.3925933 0.7956228 0.4543465 0.8087906 0.4498761 0.7824002 0.3988407 0.7824549 0.4588167 0.7956228 0.4543465 0.8813166 0.3133472 0.8603249 0.3738511 0.8815559 0.3699057 0.8569915 0.3195545 0.8408437 0.3800985 0.8603249 0.3738511 0.8326663 0.3257616 0.8213626 0.3863459 0.8408437 0.3800985 0.8083412 0.3319689 0.8018814 0.3925933 0.8213626 0.3863459 0.7840161 0.3381761 0.7824002 0.3988407 0.8018814 0.3925933 0.9029108 0.2477349 0.8813166 0.3133472 0.9073914 0.3094421 0.8736178 0.2549718 0.8569915 0.3195545 0.8813166 0.3133472 0.844325 0.2622087 0.8326663 0.3257616 0.8569915 0.3195545 0.8150321 0.2694455 0.8083412 0.3319689 0.8326663 0.3257616 0.7857391 0.2766825 0.7840161 0.3381761 0.8083412 0.3319689 0.923675 0.1791821 0.9029108 0.2477349 0.9339535 0.2428001 0.8899662 0.1867445 0.8736178 0.2549718 0.9029108 0.2477349 0.8562574 0.1943067 0.844325 0.2622087 0.8736178 0.2549718 0.8225486 0.2018691 0.8150321 0.2694455 0.844325 0.2622087 0.7888398 0.2094315 0.7857391 0.2766825 0.8150321 0.2694455 0.9467428 0.1045576 0.923675 0.1791821 0.9591336 0.1739218 0.9081081 0.1129425 0.8899662 0.1867445 0.923675 0.1791821 0.8694732 0.1213272 0.8562574 0.1943067 0.8899662 0.1867445 0.8308384 0.129712 0.8225486 0.2018691 0.8562574 0.1943067 0.7922036 0.1380968 0.7888398 0.2094315 0.8225486 0.2018691 0.9491426 0.03991168 0.9467428 0.1045576 0.9871275 0.09847491 0.9100278 0.0479086 0.9081081 0.1129425 0.9467428 0.1045576 0.8709131 0.05590558 0.8694732 0.1213272 0.9081081 0.1129425 0.8317983 0.06390249 0.8308384 0.129712 0.8694732 0.1213272 0.7926836 0.07189941 0.7922036 0.1380968 0.8308384 0.129712 0.7509844 0.07923191 0.7509844 0.1456836 0.7535688 0.1456836 0.7509844 0.1456836 0.7509844 0.2161532 0.7535688 0.2161532 0.7509844 0.2161532 0.7509844 0.2830277 0.7535688 0.2830277 0.7509844 0.2830277 0.7509844 0.3435759 0.7535688 0.3435759 0.7509844 0.3435759 0.7509845 0.4043633 0.7535688 0.4043633 0.7509845 0.4043633 0.7509845 0.4628486 0.7535688 0.4628486 0.7509845 0.4628486 0.7509845 0.5074636 0.7535688 0.5074636 0.7535688 0.07923191 0.7535688 0.07238078 0.7509844 0.07238078 0.7535688 0.07238078 0.7535688 0.06552952 0.7509844 0.06552952 0.7535688 0.06552952 0.7535688 0.05867832 0.7509844 0.05867832 0.7535688 0.05867832 0.7535688 0.05182719 0.7509844 0.05182719 0.7535688 0.05182719 0.7535688 0.04497599 0.7509844 0.04497599 0.7535688 0.04497599 0.7535688 0.03664737 0.7509844 0.03664737 0.7472544 0.5074636 0.7472544 0.4368189 0.7446701 0.4368189 0.7472544 0.4368189 0.7472544 0.3613927 0.7446701 0.3613927 0.7472544 0.3613927 0.7472544 0.2957759 0.7446701 0.2957759 0.7472544 0.2957759 0.7472544 0.2240917 0.74467 0.2240917 0.7472544 0.2240917 0.7472544 0.1507593 0.74467 0.1507593 0.7472544 0.1507593 0.7472544 0.07029628 0.74467 0.07029628 0.7472544 0.07029628 0.7472544 0.00716269 0.74467 0.00716269 0.7484 0.2679203 0.7484 0.3078442 0.7509844 0.3078442 0.7484 0.3078442 0.7484 0.347768 0.7509844 0.347768 0.7484 0.347768 0.7484 0.3876919 0.7509844 0.3876919 0.7484 0.3876919 0.7484 0.4276158 0.7509844 0.4276158 0.7484 0.4276158 0.7484 0.4675396 0.7509844 0.4675396 0.7484 0.4675396 0.7484001 0.5074636 0.7509844 0.5074636</float_array>
          <technique_common>
            <accessor source="#Vert_002-mesh-map-0-array" count="660" stride="2">
              <param name="S" type="float"/>
              <param name="T" type="float"/>
            </accessor>
          </technique_common>
        </source>
        <vertices id="Vert_002-mesh-vertices">
          <input semantic="POSITION" source="#Vert_002-mesh-positions"/>
        </vertices>
        <triangles material="Beware-material" count="220">
          <input semantic="VERTEX" source="#Vert_002-mesh-vertices" offset="0"/>
          <input semantic="NORMAL" source="#Vert_002-mesh-normals" offset="1"/>
          <input semantic="TEXCOORD" source="#Vert_002-mesh-map-0" offset="2" set="0"/>
          <p>25 0 0 1 0 1 20 0 2 30 1 3 3 1 4 25 1 5 35 2 6 5 2 7 30 2 8 40 3 9 7 3 10 35 3 11 45 4 12 9 4 13 40 4 14 50 5 15 11 5 16 45 5 17 55 6 18 13 6 19 50 6 20 14 7 21 46 7 22 12 7 23 51 8 24 47 8 25 46 8 26 52 9 27 48 9 28 47 9 29 53 10 30 49 10 31 48 10 32 54 11 33 50 11 34 49 11 35 12 12 36 41 12 37 10 12 38 46 13 39 42 13 40 41 13 41 47 14 42 43 14 43 42 14 44 48 15 45 44 15 46 43 15 47 49 16 48 45 16 49 44 16 50 10 17 51 36 17 52 8 17 53 41 18 54 37 18 55 36 18 56 42 19 57 38 19 58 37 19 59 43 20 60 39 20 61 38 20 62 44 21 63 40 21 64 39 21 65 8 22 66 31 22 67 6 22 68 36 1 69 32 1 70 31 1 71 37 1 72 33 1 73 32 1 74 38 23 75 34 23 76 33 23 77 39 24 78 35 24 79 34 24 80 6 25 81 26 25 82 4 25 83 31 26 84 27 26 85 26 26 86 32 27 87 28 27 88 27 27 89 33 28 90 29 28 91 28 28 92 34 29 93 30 29 94 29 29 95 4 30 96 21 30 97 2 30 98 26 1 99 22 1 100 21 1 101 27 1 102 23 1 103 22 1 104 28 1 105 24 1 106 23 1 107 29 31 108 25 31 109 24 31 110 2 32 111 16 32 112 0 32 113 21 33 114 17 33 115 16 33 116 22 34 117 18 34 118 17 34 119 23 35 120 19 35 121 18 35 122 24 36 123 20 36 124 19 36 125 57 37 126 81 37 127 76 37 128 59 37 129 86 37 130 81 37 131 61 37 132 91 37 133 86 37 134 63 38 135 96 38 136 91 38 137 65 37 138 101 37 139 96 37 140 67 37 141 106 37 142 101 37 143 69 37 144 111 37 145 106 37 146 102 37 147 70 37 148 68 37 149 103 39 150 107 39 151 102 39 152 104 40 153 108 40 154 103 40 155 105 37 156 109 37 157 104 37 158 106 41 159 110 41 160 105 41 161 97 37 162 68 37 163 66 37 164 98 42 165 102 42 166 97 42 167 99 37 168 103 37 169 98 37 170 100 37 171 104 37 172 99 37 173 101 37 174 105 37 175 100 37 176 92 43 177 66 43 178 64 43 179 93 44 180 97 44 181 92 44 182 94 37 183 98 37 184 93 37 185 95 37 186 99 37 187 94 37 188 96 37 189 100 37 190 95 37 191 87 37 192 64 37 193 62 37 194 88 37 195 92 37 196 87 37 197 89 37 198 93 37 199 88 37 200 90 37 201 94 37 202 89 37 203 91 37 204 95 37 205 90 37 206 82 45 207 62 45 208 60 45 209 83 37 210 87 37 211 82 37 212 84 37 213 88 37 214 83 37 215 85 37 216 89 37 217 84 37 218 86 37 219 90 37 220 85 37 221 77 46 222 60 46 223 58 46 224 78 37 225 82 37 226 77 37 227 79 37 228 83 37 229 78 37 230 80 37 231 84 37 232 79 37 233 81 37 234 85 37 235 80 37 236 72 37 237 58 37 238 56 37 239 73 37 240 77 37 241 72 37 242 74 47 243 78 47 244 73 47 245 75 37 246 79 37 247 74 37 248 76 37 249 80 37 250 75 37 251 1 48 252 59 48 253 57 48 254 3 49 255 61 49 256 59 49 257 5 50 258 63 50 259 61 50 260 7 51 261 65 51 262 63 51 263 9 52 264 67 52 265 65 52 266 11 53 267 69 53 268 67 53 269 13 54 270 71 54 271 69 54 272 15 55 273 111 55 274 71 55 275 55 56 276 110 56 277 111 56 278 54 55 279 109 55 280 110 55 281 53 57 282 108 57 283 109 57 284 52 55 285 107 55 286 108 55 287 51 58 288 70 58 289 107 58 290 14 59 291 68 59 292 70 59 293 12 60 294 66 60 295 68 60 296 10 61 297 64 61 298 66 61 299 8 62 300 62 62 301 64 62 302 6 63 303 60 63 304 62 63 305 4 64 306 58 64 307 60 64 308 2 65 309 56 65 310 58 65 311 0 66 312 72 66 313 56 66 314 16 66 315 73 66 316 72 66 317 17 66 318 74 66 319 73 66 320 18 66 321 75 66 322 74 66 323 19 67 324 76 67 325 75 67 326 20 68 327 57 68 328 76 68 329 25 1 330 3 1 331 1 1 332 30 1 333 5 1 334 3 1 335 35 1 336 7 1 337 5 1 338 40 1 339 9 1 340 7 1 341 45 1 342 11 1 343 9 1 344 50 69 345 13 69 346 11 69 347 55 1 348 15 1 349 13 1 350 14 70 351 51 70 352 46 70 353 51 71 354 52 71 355 47 71 356 52 72 357 53 72 358 48 72 359 53 1 360 54 1 361 49 1 362 54 1 363 55 1 364 50 1 365 12 1 366 46 1 367 41 1 368 46 1 369 47 1 370 42 1 371 47 73 372 48 73 373 43 73 374 48 74 375 49 74 376 44 74 377 49 1 378 50 1 379 45 1 380 10 75 381 41 75 382 36 75 383 41 1 384 42 1 385 37 1 386 42 1 387 43 1 388 38 1 389 43 1 390 44 1 391 39 1 392 44 1 393 45 1 394 40 1 395 8 76 396 36 76 397 31 76 398 36 1 399 37 1 400 32 1 401 37 1 402 38 1 403 33 1 404 38 77 405 39 77 406 34 77 407 39 78 408 40 78 409 35 78 410 6 1 411 31 1 412 26 1 413 31 1 414 32 1 415 27 1 416 32 1 417 33 1 418 28 1 419 33 79 420 34 79 421 29 79 422 34 1 423 35 1 424 30 1 425 4 80 426 26 80 427 21 80 428 26 1 429 27 1 430 22 1 431 27 1 432 28 1 433 23 1 434 28 81 435 29 81 436 24 81 437 29 1 438 30 1 439 25 1 440 2 1 441 21 1 442 16 1 443 21 1 444 22 1 445 17 1 446 22 1 447 23 1 448 18 1 449 23 1 450 24 1 451 19 1 452 24 1 453 25 1 454 20 1 455 57 37 456 59 37 457 81 37 458 59 82 459 61 82 460 86 82 461 61 37 462 63 37 463 91 37 464 63 83 465 65 83 466 96 83 467 65 84 468 67 84 469 101 84 470 67 85 471 69 85 472 106 85 473 69 86 474 71 86 475 111 86 476 102 87 477 107 87 478 70 87 479 103 88 480 108 88 481 107 88 482 104 89 483 109 89 484 108 89 485 105 90 486 110 90 487 109 90 488 106 91 489 111 91 490 110 91 491 97 92 492 102 92 493 68 92 494 98 93 495 103 93 496 102 93 497 99 94 498 104 94 499 103 94 500 100 95 501 105 95 502 104 95 503 101 96 504 106 96 505 105 96 506 92 97 507 97 97 508 66 97 509 93 98 510 98 98 511 97 98 512 94 99 513 99 99 514 98 99 515 95 100 516 100 100 517 99 100 518 96 101 519 101 101 520 100 101 521 87 102 522 92 102 523 64 102 524 88 103 525 93 103 526 92 103 527 89 104 528 94 104 529 93 104 530 90 105 531 95 105 532 94 105 533 91 106 534 96 106 535 95 106 536 82 107 537 87 107 538 62 107 539 83 37 540 88 37 541 87 37 542 84 37 543 89 37 544 88 37 545 85 108 546 90 108 547 89 108 548 86 109 549 91 109 550 90 109 551 77 110 552 82 110 553 60 110 554 78 111 555 83 111 556 82 111 557 79 112 558 84 112 559 83 112 560 80 113 561 85 113 562 84 113 563 81 114 564 86 114 565 85 114 566 72 115 567 77 115 568 58 115 569 73 37 570 78 37 571 77 37 572 74 37 573 79 37 574 78 37 575 75 37 576 80 37 577 79 37 578 76 116 579 81 116 580 80 116 581 1 48 582 3 48 583 59 48 584 3 117 585 5 117 586 61 117 587 5 118 588 7 118 589 63 118 590 7 119 591 9 119 592 65 119 593 9 120 594 11 120 595 67 120 596 11 121 597 13 121 598 69 121 599 13 122 600 15 122 601 71 122 602 15 55 603 55 55 604 111 55 605 55 55 606 54 55 607 110 55 608 54 123 609 53 123 610 109 123 611 53 55 612 52 55 613 108 55 614 52 55 615 51 55 616 107 55 617 51 124 618 14 124 619 70 124 620 14 59 621 12 59 622 68 59 623 12 125 624 10 125 625 66 125 626 10 126 627 8 126 628 64 126 629 8 127 630 6 127 631 62 127 632 6 63 633 4 63 634 60 63 635 4 128 636 2 128 637 58 128 638 2 65 639 0 65 640 56 65 641 0 66 642 16 66 643 72 66 644 16 129 645 17 129 646 73 129 647 17 66 648 18 66 649 74 66 650 18 66 651 19 66 652 75 66 653 19 66 654 20 66 655 76 66 656 20 130 657 1 130 658 57 130 659</p>
        </triangles>
      </mesh>
    </geometry>
    <geometry id="Cylinder-mesh" name="Cylinder">
      <mesh>
        <source id="Cylinder-mesh-positions">
          <float_array id="Cylinder-mesh-positions-array" count="48">0 1.275418 1.39175 0 -1.364157 2.118475 0.03184914 1.271916 1.379031 0.03184914 -1.367659 2.105756 0.04504156 1.263462 1.348324 0.04504156 -1.376113 2.075049 0.03184914 1.255008 1.317617 0.03184914 -1.384567 2.044343 0 1.251506 1.304898 0 -1.388069 2.031624 -0.03184914 1.255008 1.317617 -0.03184914 -1.384567 2.044343 -0.0450415 1.263462 1.348324 -0.0450415 -1.376113 2.075049 -0.03184914 1.271916 1.379031 -0.03184914 -1.367659 2.105756</float_array>
          <technique_common>
            <accessor source="#Cylinder-mesh-positions-array" count="16" stride="3">
              <param name="X" type="float"/>
              <param name="Y" type="float"/>
              <param name="Z" type="float"/>
            </accessor>
          </technique_common>
        </source>
        <source id="Cylinder-mesh-normals">
          <float_array id="Cylinder-mesh-normals-array" count="144">0.3826718 0.2452381 0.8907415 0.3826836 0.2452369 0.8907369 0.3826718 0.2452382 0.8907416 0.923881 0.1015795 0.3689519 0.923881 0.1015796 0.368952 0.9238809 0.1015796 0.368952 0.9238795 -0.1015805 -0.3689554 0.9238772 -0.1015819 -0.3689608 0.9238796 -0.1015805 -0.3689553 0.3826805 -0.2452372 -0.8907381 0.3826843 -0.2452369 -0.8907366 0.3826843 -0.2452369 -0.8907365 -0.3826805 -0.2452372 -0.8907381 -0.3826843 -0.2452368 -0.8907366 -0.3826844 -0.2452368 -0.8907366 -0.9238768 -0.1015822 -0.3689618 -0.9238799 -0.1015803 -0.3689547 -0.9238798 -0.1015803 -0.3689546 0 -0.9641273 0.2654405 0 -0.9641271 0.2654409 6.809e-7 -0.9641264 0.265444 -0.9238811 0.1015794 0.3689516 -0.9238809 0.1015796 0.3689522 -0.9238812 0.1015794 0.3689516 -0.3826804 0.2452372 0.8907381 -0.3826696 0.2452384 0.8907425 -0.3826695 0.2452384 0.8907425 -8.23239e-6 0.9641265 -0.265443 -3.10317e-5 0.9641248 -0.2654498 -3.40357e-6 0.964127 -0.2654414 0.3826838 0.2452369 0.8907368 0.923881 0.1015795 0.3689519 0.9238772 -0.101582 -0.3689609 0.3826805 -0.2452372 -0.8907381 -0.3826805 -0.2452373 -0.8907381 -0.9238768 -0.1015822 -0.3689619 -1.22418e-6 -0.9641271 0.2654415 -1.58273e-6 -0.9641262 0.2654446 8.86615e-6 -0.9641289 0.2654348 -1.10828e-6 -0.9641206 0.2654651 -1.84713e-7 -0.9641272 0.2654407 -0.9238809 0.1015796 0.3689522 -0.3826805 0.2452372 0.8907381 7.60614e-7 0.9641273 -0.2654407 6.20148e-6 0.9641259 -0.2654457 5.81318e-7 0.964125 -0.2654487 3.10317e-5 0.9641248 -0.2654495 5.0707e-7 0.9641261 -0.2654449</float_array>
          <technique_common>
            <accessor source="#Cylinder-mesh-normals-array" count="48" stride="3">
              <param name="X" type="float"/>
              <param name="Y" type="float"/>
              <param name="Z" type="float"/>
            </accessor>
          </technique_common>
        </source>
        <source id="Cylinder-mesh-map-0">
          <float_array id="Cylinder-mesh-map-0-array" count="168">0.7572928 0.7379215 0.7542874 0.9766085 0.7542874 0.7379214 0.7633036 0.9766085 0.7602983 0.7379215 0.7633036 0.7379214 0.7723202 0.7379215 0.7693147 0.9766085 0.7693147 0.7379214 0.7783311 0.9766085 0.7753256 0.7379214 0.7783311 0.7379214 0.7753256 0.9766085 0.7723202 0.7379214 0.7753256 0.7379214 0.7693147 0.9766085 0.7663091 0.7379215 0.7693147 0.7379214 0.7783311 0.7400466 0.7804562 0.7379214 0.7834616 0.7451773 0.7663092 0.7379215 0.7633036 0.9766085 0.7633036 0.7379214 0.7602983 0.9766085 0.7572928 0.7379215 0.7602983 0.7379214 0.7834616 0.7524331 0.7804562 0.7524331 0.7783311 0.7503079 0.7572928 0.7379215 0.7572928 0.9766085 0.7542874 0.9766085 0.7633036 0.9766085 0.7602983 0.9766085 0.7602983 0.7379215 0.7723202 0.7379215 0.7723202 0.9766085 0.7693147 0.9766085 0.7783311 0.9766085 0.7753256 0.9766085 0.7753256 0.7379214 0.7753256 0.9766085 0.7723202 0.9766084 0.7723202 0.7379214 0.7693147 0.9766085 0.7663091 0.9766085 0.7663091 0.7379215 0.7804562 0.7379214 0.7834616 0.7379214 0.7834616 0.7451773 0.7834616 0.7379214 0.7855868 0.7400466 0.7834616 0.7451773 0.7855868 0.7400466 0.7855869 0.7430521 0.7834616 0.7451773 0.7834616 0.7451773 0.7804562 0.7451773 0.7783311 0.7430521 0.7783311 0.7430521 0.7783311 0.7400466 0.7834616 0.7451773 0.7663092 0.7379215 0.7663092 0.9766085 0.7633036 0.9766085 0.7602983 0.9766085 0.7572928 0.9766085 0.7572928 0.7379215 0.7783311 0.7503079 0.7783311 0.7473025 0.7855868 0.7473025 0.7783311 0.7473025 0.7804562 0.7451773 0.7855868 0.7473025 0.7804562 0.7451773 0.7834616 0.7451773 0.7855868 0.7473025 0.7855868 0.7473025 0.7855868 0.7503079 0.7783311 0.7503079 0.7855868 0.7503079 0.7834616 0.7524331 0.7783311 0.7503079</float_array>
          <technique_common>
            <accessor source="#Cylinder-mesh-map-0-array" count="84" stride="2">
              <param name="S" type="float"/>
              <param name="T" type="float"/>
            </accessor>
          </technique_common>
        </source>
        <vertices id="Cylinder-mesh-vertices">
          <input semantic="POSITION" source="#Cylinder-mesh-positions"/>
        </vertices>
        <triangles material="Beware-material" count="28">
          <input semantic="VERTEX" source="#Cylinder-mesh-vertices" offset="0"/>
          <input semantic="NORMAL" source="#Cylinder-mesh-normals" offset="1"/>
          <input semantic="TEXCOORD" source="#Cylinder-mesh-map-0" offset="2" set="0"/>
          <p>0 0 0 3 1 1 2 2 2 3 3 3 4 4 4 2 5 5 4 6 6 7 7 7 6 8 8 7 9 9 8 10 10 6 11 11 9 12 12 10 13 13 8 14 14 11 15 15 12 16 16 10 17 17 7 18 18 5 19 19 13 20 20 12 21 21 15 22 22 14 23 23 15 24 24 0 25 25 14 26 26 10 27 27 12 28 28 14 29 29 0 0 30 1 30 31 3 1 32 3 3 33 5 31 34 4 4 35 4 6 36 5 32 37 7 7 38 7 9 39 9 33 40 8 10 41 9 12 42 11 34 43 10 13 44 11 15 45 13 35 46 12 16 47 5 19 48 3 36 49 13 20 50 3 36 51 1 37 52 13 20 53 1 37 54 15 38 55 13 20 56 13 20 57 11 39 58 9 40 59 9 40 60 7 18 61 13 20 62 12 21 63 13 41 64 15 22 65 15 24 66 1 42 67 0 25 68 14 29 69 0 43 70 6 44 71 0 43 72 2 45 73 6 44 74 2 45 75 4 46 76 6 44 77 6 44 78 8 47 79 14 29 80 8 47 81 10 27 82 14 29 83</p>
        </triangles>
      </mesh>
    </geometry>
    <geometry id="Cylinder_010-mesh" name="Cylinder.010">
      <mesh>
        <source id="Cylinder_010-mesh-positions">
          <float_array id="Cylinder_010-mesh-positions-array" count="192">0 1.552769 0.7631286 0.03163123 1.540009 0.7601542 0.0447334 1.509204 0.7529734 0.03163123 1.478398 0.7457925 0 1.465639 0.7428181 -0.03163129 1.478398 0.7457925 -0.04473334 1.509204 0.7529732 -0.03163129 1.540009 0.7601542 0.03163003 1.154736 2.011279 -0.04473459 1.185123 2.020062 -3.71521e-6 0.3182059 4.623564 0.02556788 0.3240489 4.625939 0.02253806 0.3268558 4.627079 0.03615999 0.3477382 4.635568 0.03187519 0.3477382 4.635568 0.02556788 0.3714274 4.645198 0.02253806 0.3686206 4.644057 -3.72364e-6 0.3772705 4.647573 -0.02860391 0.8198402 3.346565 -0.04045099 0.7928168 3.337196 -0.02860391 0.7657933 3.327827 -2.47025e-6 0.7545998 3.323946 0.02859896 0.7657933 3.327827 0.04044604 0.7928166 3.337197 0.02859896 0.8198402 3.346565 -0.02557408 0.8169775 3.345573 0.03187394 -0.1985357 5.97147 -0.03616619 0.7928168 3.337196 0.02253681 -0.1781262 5.98104 -0.02557408 0.768656 3.328819 -4.96368e-6 -0.1696723 5.985004 -2.47165e-6 0.7586483 3.32535 0.02253681 -0.2189452 5.961901 0.02556914 0.768656 3.328819 -4.95525e-6 -0.2273992 5.957936 0.03616124 0.7928168 3.337196 -0.0225467 -0.2189452 5.961901 0.02556908 0.8169775 3.345573 -0.03188383 -0.1985357 5.97147 -2.48079e-6 0.8269851 3.349042 -2.48079e-6 0.8310337 3.350446 -0.02254676 -0.1781262 5.98104 -1.23793e-6 1.223983 2.031294 -0.02860265 1.212602 2.028004 -0.04044979 1.185126 2.020062 -0.02860265 1.157649 2.01212 -1.2274e-6 1.146268 2.008831 0.02860021 1.157649 2.012121 0.04044729 1.185126 2.020062 0.02860015 1.212602 2.028004 0.04473215 1.185124 2.020062 -0.03163248 1.154736 2.011279 -0.03163254 1.215511 2.028846 -1.23723e-6 1.228099 2.032484 -1.22599e-6 1.14215 2.007641 0.03163003 1.215512 2.028846 -3.7138e-6 0.3142366 4.621951 -0.02254551 0.3268558 4.627079 -0.02557533 0.3240489 4.625939 -0.03188258 0.3477382 4.635568 -0.03616744 0.3477382 4.635568 -0.02254551 0.3686206 4.644057 -0.02557533 0.3714274 4.645198 -3.72294e-6 0.3812399 4.649187</float_array>
          <technique_common>
            <accessor source="#Cylinder_010-mesh-positions-array" count="64" stride="3">
              <param name="X" type="float"/>
              <param name="Y" type="float"/>
              <param name="Z" type="float"/>
            </accessor>
          </technique_common>
        </source>
        <source id="Cylinder_010-mesh-normals">
          <float_array id="Cylinder_010-mesh-normals-array" count="576">0.3825987 0.8950996 0.2289429 0.382519 0.8951312 0.2289534 0.3826001 0.8950991 0.2289427 0.9238482 0.370822 0.09484505 0.9238193 0.370889 0.09486436 0.9238488 0.3708208 0.09484475 0.9238486 -0.3708221 -0.094841 0.9238172 -0.3708948 -0.09486186 0.9238491 -0.3708208 -0.09484064 0.3825981 -0.8951036 -0.2289292 0.3824948 -0.8951441 -0.2289428 0.3825998 -0.8951028 -0.2289289 -0.3824978 -0.8951428 -0.2289429 -0.3825978 -0.8951033 -0.22893 -0.3825995 -0.8951027 -0.2289298 -0.9238146 -0.3709007 -0.09486538 -0.9238489 -0.3708207 -0.09484243 -0.9238497 -0.3708193 -0.09484207 -0.3826856 0.8551382 0.3497005 -0.3822837 0.8552895 0.3497704 -0.3822793 0.855291 0.3497712 -0.9238165 0.3708961 0.09486472 -0.9238493 0.3708199 0.09484285 -0.9238499 0.3708185 0.09484249 -0.3825499 0.8951188 0.2289494 -0.3825989 0.8950996 0.2289432 -0.3825997 0.8950992 0.228943 -8.5553e-7 0.2270164 -0.973891 1.34831e-5 0.227016 -0.973891 3.38182e-6 0.2270176 -0.9738907 -0.9238777 -0.3542199 -0.1448394 -0.9237095 -0.3545926 -0.1450001 -0.9237077 -0.3545966 -0.1450018 0.3826833 -0.8551558 -0.3496603 0.3822776 -0.8553085 -0.3497304 0.3826878 -0.855154 -0.3496595 0.923876 0.3542208 0.1448481 0.9237118 0.3545845 0.1450048 0.9238777 0.3542168 0.1448464 0 -0.3275505 0.9448336 3.46328e-6 -0.3275483 0.9448345 0 -0.3275521 0.9448332 -5.43178e-5 -0.3275624 0.9448297 0 -0.3275444 0.9448358 -3.76737e-5 -0.3275517 0.9448333 -4.76162e-5 -0.3275664 0.9448282 0 -0.3275507 0.9448336 -3.01267e-5 -0.3275538 0.9448326 4.51883e-5 -0.3275424 0.9448365 0 -0.3275521 0.9448332 1.16199e-6 -0.3275756 0.944825 5.09984e-5 -0.3275403 0.9448372 -8.49994e-6 -0.3275412 0.9448369 0 -0.3275739 0.9448256 -1.09945e-5 -0.3275414 0.9448369 -0.9238758 -0.3620164 -0.1240875 -0.923671 -0.3624801 -0.1242581 -0.9236684 -0.362486 -0.1242602 -0.3826758 -0.8739714 -0.2995555 -0.3821717 -0.8741652 -0.2996333 -0.3821651 -0.8741677 -0.2996343 0.3826763 -0.8739715 -0.2995547 0.3821721 -0.8741652 -0.2996326 0.3826829 -0.8739689 -0.2995536 0.9238755 -0.3620178 -0.1240863 0.9236705 -0.3624818 -0.1242567 0.9238781 -0.3620117 -0.124084 0.9238758 0.3620127 0.1240981 0.9236721 0.3624743 0.1242676 0.9238785 0.3620067 0.1240958 -0.9238747 -0.3667739 -0.1092367 -0.9237491 -0.367062 -0.1093303 -0.9237473 -0.3670662 -0.1093317 -0.3826612 0.885442 0.2637478 -0.3823695 0.8855557 0.2637892 -0.3823653 0.8855574 0.2637898 0.3826614 0.8854417 0.2637485 0.3823698 0.8855553 0.2637899 0.3826657 0.88544 0.2637479 0.9238744 -0.3667749 -0.1092354 0.9237472 -0.367067 -0.10933 0.9238764 -0.3667706 -0.109234 -0.382664 -0.8854533 -0.2637063 -0.3823723 -0.8855668 -0.2637478 -0.382368 -0.8855685 -0.2637484 -0.9238728 0.3667765 0.1092438 -0.9237503 0.3670578 0.1093351 -0.9237485 0.3670619 0.1093364 0.9238729 0.3667756 0.1092451 0.9237495 0.3670591 0.1093373 0.9238748 0.3667715 0.1092438 0.3826691 -0.8854514 -0.2637051 0.382368 -0.8855687 -0.2637476 0.3826735 -0.8854496 -0.2637045 -3.2868e-5 -0.3765901 0.92638 2.52221e-5 -0.3765982 0.9263767 2.89261e-5 -0.3765995 0.9263762 0 -0.3765686 0.9263889 2.22273e-6 -0.376567 0.9263894 5.9222e-5 -0.376514 0.9264109 6.32779e-5 -0.3765134 0.9264112 0 -0.3764966 0.9264181 0 -0.3764986 0.9264172 -6.32779e-5 -0.3765126 0.9264115 -5.9222e-5 -0.3765133 0.9264112 -2.22272e-6 -0.3765676 0.9263892 -8.70816e-6 -0.3765721 0.9263873 -1.1098e-4 -0.3766694 0.9263477 -1.14384e-4 -0.3766639 0.92635 5.46003e-5 -0.2777335 0.9606583 -1.41163e-6 -0.2777255 0.9606605 5.34021e-5 -0.2777356 0.9606577 1.10792e-4 -0.2776727 0.9606758 1.13623e-4 -0.2776733 0.9606755 1.22593e-4 -0.2775973 0.9606977 1.19921e-4 -0.2776014 0.9606963 -2.41501e-5 -0.2776411 0.9606849 -2.74795e-5 -0.2776471 0.9606832 -4.39269e-5 -0.2775797 0.9607027 -4.5231e-5 -0.2775737 0.9607044 -1.47249e-4 -0.2776725 0.9606758 -1.45511e-4 -0.2776725 0.9606758 -8.56024e-6 -0.2777586 0.960651 8.95424e-7 -0.2777568 0.9606515 0 -0.27772 0.9606621 -3.39989e-5 -0.3765844 0.9263824 0.3826858 0.8551378 0.3497011 0.3822839 0.8552891 0.3497709 0.3826903 0.8551362 0.3497003 0.9238774 -0.354221 -0.1448382 0.923709 -0.3545942 -0.1449989 0.9238793 -0.3542169 -0.1448364 -0.3826829 -0.8551556 -0.3496609 -0.3822772 -0.8553084 -0.3497312 -0.3822728 -0.85531 -0.3497319 -0.9238765 0.3542203 0.1448462 -0.9237123 0.3545839 0.1450029 -0.9237106 0.3545878 0.1450045 0.3826736 0.8739511 0.2996169 0.3821839 0.8741396 0.2996926 0.3826801 0.8739488 0.299616 -0.3826735 0.8739514 0.2996164 -0.3821886 0.8741378 0.2996913 -0.3821824 0.8741403 0.2996923 -0.9238764 0.362012 0.1240961 -0.9236716 0.3624758 0.1242664 -0.923669 0.3624817 0.1242686 0 -0.42454 0.9054092 0 -0.4245389 0.9054097 0 -0.4245388 0.9054098 0.3825175 0.8951317 0.2289535 0.9238188 0.3708901 0.09486472 0.9238167 -0.3708961 -0.09486222 0.382493 -0.8951448 -0.2289431 -0.3824961 -0.8951436 -0.2289432 -0.9238139 -0.3709021 -0.09486573 -0.38269 0.8551365 0.3496997 -0.923816 0.3708974 0.09486508 -0.3825491 0.8951192 0.2289496 5.14084e-7 0.2270177 -0.9738907 1.88369e-6 0.2270177 -0.9738907 -2.35366e-6 0.2270166 -0.973891 4.49438e-6 0.2270168 -0.9738909 5.14085e-7 0.2270176 -0.9738907 -0.9238795 -0.3542158 -0.1448376 0.3822731 -0.8553102 -0.3497312 0.9237101 0.3545883 0.1450064 -0.9238786 -0.3620103 -0.1240853 -0.3826825 -0.8739688 -0.2995544 0.3821655 -0.8741677 -0.2996337 0.923668 -0.3624878 -0.1242589 0.9236695 0.3624802 0.1242698 -0.9238765 -0.3667696 -0.1092354 -0.3826655 0.8854404 0.2637472 0.3823656 0.8855571 0.2637905 0.9237454 -0.3670712 -0.1093314 -0.3826683 -0.8854515 -0.2637056 -0.9238746 0.3667722 0.1092424 0.9237477 0.3670632 0.1093386 0.3823636 -0.8855704 -0.2637482 0.3822795 0.8552907 0.3497717 0.9237071 -0.3545982 -0.1450006 -0.3826875 -0.855154 -0.3496601 -0.9238782 0.3542163 0.1448445 0.3821775 0.8741419 0.2996936 -0.3826799 0.8739489 0.2996155 -0.923879 0.3620059 0.1240939 0 -0.4245325 0.9054128 0 -0.4245398 0.9054093 0 -0.4245783 0.9053913 0 -0.4245325 0.9054127 0 -0.4245706 0.9053949</float_array>
          <technique_common>
            <accessor source="#Cylinder_010-mesh-normals-array" count="192" stride="3">
              <param name="X" type="float"/>
              <param name="Y" type="float"/>
              <param name="Z" type="float"/>
            </accessor>
          </technique_common>
        </source>
        <source id="Cylinder_010-mesh-map-0">
          <float_array id="Cylinder_010-mesh-map-0-array" count="744">0.9382958 0.9571158 0.9440306 0.7380924 0.9440308 0.9570693 0.9210926 0.9573206 0.9268257 0.7381883 0.9268268 0.9572074 0.9497648 0.9570433 0.9554989 0.7381884 0.9554989 0.9569302 0.9554989 0.9564477 0.9612339 0.7380925 0.9612339 0.9564013 0.9612341 0.7380924 0.9669688 0.9564477 0.9612339 0.9564013 0.9440321 0.7381884 0.9497649 0.9570434 0.9440308 0.9569302 0.8302535 0.9795107 0.8261671 0.7381022 0.8302535 0.7380242 0.9268279 0.7381883 0.9325608 0.9573206 0.9268267 0.9572074 0.9325608 0.7380924 0.9382958 0.9571159 0.9325608 0.9570693 0.9669688 0.7420795 0.9710243 0.7380242 0.9767595 0.7380242 0.8220792 0.9796945 0.8179966 0.7382135 0.8220791 0.7380241 0.8384277 0.9790347 0.8425149 0.7381022 0.8425149 0.979031 0.8139048 0.9798921 0.8179876 0.7382137 0.8179921 0.9798842 0.9788253 0.7696546 0.9758216 0.7657129 0.9794884 0.7693799 0.9709104 0.766376 0.9758216 0.7657129 0.9755469 0.766376 0.9676319 0.7696546 0.9706357 0.7657129 0.9709104 0.766376 0.9676319 0.774291 0.9669688 0.7693799 0.9676319 0.7696546 0.9676319 0.774291 0.9706357 0.7782326 0.9669688 0.7745656 0.9755469 0.7775695 0.9706357 0.7782326 0.9709104 0.7775695 0.9788253 0.774291 0.9758216 0.7782326 0.9755469 0.7775695 0.9788253 0.7696546 0.9794884 0.7745657 0.9788253 0.774291 0.9071832 0.9679368 0.9025529 0.7382633 0.9071832 0.7380241 0.9164562 0.9676928 0.9118197 0.7381232 0.9164551 0.7380242 0.9164561 0.9676928 0.9210916 0.7381231 0.9210926 0.9676991 0.9071832 0.9679369 0.9118135 0.7382631 0.9118197 0.9679518 0.8829022 0.9681611 0.8875326 0.7382633 0.8875387 0.968176 0.8736292 0.9682281 0.8684436 0.7382362 0.873625 0.7380242 0.8477006 0.9685314 0.8425156 0.7381119 0.8477006 0.7380242 0.8477006 0.9685314 0.8528864 0.7381119 0.8528864 0.9685152 0.8632578 0.9682282 0.8684394 0.7382363 0.8684436 0.9681893 0.897361 0.9679262 0.8921758 0.738112 0.897361 0.7380241 0.8580722 0.9684789 0.8528864 0.7382362 0.858068 0.7380241 0.8580722 0.9684788 0.8632537 0.7382358 0.8632578 0.9684398 0.897361 0.9679262 0.9025461 0.7381121 0.9025468 0.9679102 0.977489 0.7817853 0.978155 0.7861463 0.9774923 0.7858716 0.9774923 0.7858716 0.9748824 0.7894243 0.9746075 0.7887612 0.9746075 0.7887612 0.9702506 0.7894243 0.9705244 0.7887612 0.9705244 0.7887612 0.9669727 0.7861462 0.9676349 0.7858716 0.9676316 0.7817852 0.9669727 0.7861462 0.9669688 0.7815106 0.9705163 0.7788956 0.9669688 0.7815106 0.9702414 0.7782326 0.9745995 0.7788956 0.9702414 0.7782326 0.9748733 0.7782326 0.9801402 0.7613838 0.9807961 0.7559247 0.9808022 0.7616585 0.9764823 0.7650498 0.9808022 0.7616585 0.9767571 0.7657129 0.9713035 0.7650498 0.9767571 0.7657129 0.9710297 0.7657128 0.9676375 0.7613835 0.9710297 0.7657128 0.9669755 0.7616583 0.9676375 0.7613835 0.9669688 0.7559245 0.9676318 0.756199 0.9676318 0.756199 0.9710143 0.7518701 0.9712895 0.752533 0.9712895 0.752533 0.9767417 0.7518701 0.9764683 0.7525331 0.9764683 0.7525331 0.9807961 0.7559247 0.9801343 0.7561992 0.977489 0.7817853 0.9748733 0.7782326 0.9781513 0.7815106 0.8302535 0.9795107 0.8343399 0.7381021 0.8343406 0.979507 0.8220791 0.9796946 0.8261619 0.7382135 0.8261663 0.9796866 0.8384277 0.9790347 0.8343414 0.7381021 0.8384277 0.7380242 0.813905 0.9798922 0.8098222 0.7382135 0.813905 0.7380241 0.8736292 0.9682338 0.8782647 0.7381231 0.8782657 0.9682399 0.8829022 0.9682338 0.8782657 0.7381232 0.8829011 0.7380241 0.8921751 0.9681609 0.8875449 0.7382631 0.8921751 0.7380241 0.9698466 0.7894387 0.9767935 0.7923018 0.9739159 0.7992841 0.9382958 0.9571158 0.9382959 0.7380241 0.9440306 0.7380924 0.9210926 0.9573206 0.9210926 0.7380241 0.9268257 0.7381883 0.9497648 0.9570433 0.9497659 0.7380242 0.9554989 0.7381884 0.9554989 0.9564477 0.9554992 0.7380241 0.9612339 0.7380925 0.9612341 0.7380924 0.9669688 0.7380241 0.9669688 0.9564477 0.9440321 0.7381884 0.9497649 0.7380241 0.9497649 0.9570434 0.8302535 0.9795107 0.8261663 0.979507 0.8261671 0.7381022 0.9268279 0.7381883 0.9325608 0.7380242 0.9325608 0.9573206 0.9325608 0.7380924 0.9382957 0.7380242 0.9382958 0.9571159 0.9767595 0.7380242 0.9808149 0.7420796 0.9710242 0.7518701 0.9808149 0.7420796 0.9808149 0.7478148 0.9710242 0.7518701 0.9808149 0.7478148 0.9767594 0.7518701 0.9710242 0.7518701 0.9710242 0.7518701 0.9669688 0.7478147 0.9767595 0.7380242 0.9669688 0.7478147 0.9669688 0.7420795 0.9767595 0.7380242 0.8220792 0.9796945 0.8179921 0.9796866 0.8179966 0.7382135 0.8384277 0.9790347 0.8384285 0.7380241 0.8425149 0.7381022 0.8139048 0.9798921 0.8139048 0.7380241 0.8179876 0.7382137 0.9788253 0.7696546 0.9755469 0.766376 0.9758216 0.7657129 0.9709104 0.766376 0.9706357 0.7657129 0.9758216 0.7657129 0.9676319 0.7696546 0.9669688 0.7693799 0.9706357 0.7657129 0.9676319 0.774291 0.9669688 0.7745656 0.9669688 0.7693799 0.9676319 0.774291 0.9709104 0.7775695 0.9706357 0.7782326 0.9755469 0.7775695 0.9758216 0.7782326 0.9706357 0.7782326 0.9788253 0.774291 0.9794884 0.7745657 0.9758216 0.7782326 0.9788253 0.7696546 0.9794884 0.7693799 0.9794884 0.7745657 0.9071832 0.9679368 0.9025467 0.9679518 0.9025529 0.7382633 0.9164562 0.9676928 0.9118197 0.9676991 0.9118197 0.7381232 0.9164561 0.9676928 0.9164562 0.7380242 0.9210916 0.7381231 0.9071832 0.9679369 0.9071832 0.7380242 0.9118135 0.7382631 0.8829022 0.9681611 0.8829022 0.7380242 0.8875326 0.7382633 0.8736292 0.9682281 0.8684436 0.9681894 0.8684436 0.7382362 0.8477006 0.9685314 0.8425149 0.9685153 0.8425156 0.7381119 0.8477006 0.9685314 0.8477014 0.7380241 0.8528864 0.7381119 0.8632578 0.9682282 0.8632578 0.7380242 0.8684394 0.7382363 0.897361 0.9679262 0.8921751 0.9679101 0.8921758 0.738112 0.8580722 0.9684789 0.8528864 0.9684401 0.8528864 0.7382362 0.8580722 0.9684788 0.8580722 0.7380241 0.8632537 0.7382358 0.897361 0.9679262 0.897361 0.7380242 0.9025461 0.7381121 0.977489 0.7817853 0.9781513 0.7815106 0.978155 0.7861463 0.9774923 0.7858716 0.978155 0.7861463 0.9748824 0.7894243 0.9746075 0.7887612 0.9748824 0.7894243 0.9702506 0.7894243 0.9705244 0.7887612 0.9702506 0.7894243 0.9669727 0.7861462 0.9676316 0.7817852 0.9676349 0.7858716 0.9669727 0.7861462 0.9705163 0.7788956 0.9676316 0.7817852 0.9669688 0.7815106 0.9745995 0.7788956 0.9705163 0.7788956 0.9702414 0.7782326 0.9801402 0.7613838 0.9801343 0.7561992 0.9807961 0.7559247 0.9764823 0.7650498 0.9801402 0.7613838 0.9808022 0.7616585 0.9713035 0.7650498 0.9764823 0.7650498 0.9767571 0.7657129 0.9676375 0.7613835 0.9713035 0.7650498 0.9710297 0.7657128 0.9676375 0.7613835 0.9669755 0.7616583 0.9669688 0.7559245 0.9676318 0.756199 0.9669688 0.7559245 0.9710143 0.7518701 0.9712895 0.752533 0.9710143 0.7518701 0.9767417 0.7518701 0.9764683 0.7525331 0.9767417 0.7518701 0.9807961 0.7559247 0.977489 0.7817853 0.9745995 0.7788956 0.9748733 0.7782326 0.8302535 0.9795107 0.8302535 0.7380241 0.8343399 0.7381021 0.8220791 0.9796946 0.8220791 0.7380241 0.8261619 0.7382135 0.8384277 0.9790347 0.8343406 0.9790312 0.8343414 0.7381021 0.813905 0.9798922 0.8098177 0.9798842 0.8098222 0.7382135 0.8736292 0.9682338 0.8736292 0.7380242 0.8782647 0.7381231 0.8829022 0.9682338 0.8782657 0.9682399 0.8782657 0.7381232 0.8921751 0.9681609 0.8875387 0.9681758 0.8875449 0.7382631 0.9739159 0.7992841 0.9698465 0.7992987 0.9669689 0.7964211 0.9669689 0.7964211 0.9669689 0.792337 0.9698466 0.7894387 0.9698466 0.7894387 0.9739161 0.7894243 0.9767935 0.7923018 0.9767935 0.7923018 0.9767935 0.796386 0.9739159 0.7992841 0.9739159 0.7992841 0.9669689 0.7964211 0.9698466 0.7894387</float_array>
          <technique_common>
            <accessor source="#Cylinder_010-mesh-map-0-array" count="372" stride="2">
              <param name="S" type="float"/>
              <param name="T" type="float"/>
            </accessor>
          </technique_common>
        </source>
        <vertices id="Cylinder_010-mesh-vertices">
          <input semantic="POSITION" source="#Cylinder_010-mesh-positions"/>
        </vertices>
        <triangles material="Beware-material" count="124">
          <input semantic="VERTEX" source="#Cylinder_010-mesh-vertices" offset="0"/>
          <input semantic="NORMAL" source="#Cylinder_010-mesh-normals" offset="1"/>
          <input semantic="TEXCOORD" source="#Cylinder_010-mesh-map-0" offset="2" set="0"/>
          <p>0 0 0 55 1 1 1 2 2 1 3 3 50 4 4 2 5 5 2 6 6 8 7 7 3 8 8 3 9 9 54 10 10 4 11 11 54 12 12 5 13 13 4 14 14 51 15 15 6 16 16 5 17 17 17 18 18 41 19 19 30 20 20 9 21 21 7 22 22 6 23 23 52 24 24 0 25 25 7 26 26 5 27 27 6 28 28 7 29 29 59 30 30 36 31 31 38 32 32 12 33 33 34 34 34 10 35 35 16 36 36 26 37 37 14 38 38 39 39 39 24 40 40 40 41 41 35 42 42 24 40 43 37 43 44 33 44 45 23 45 46 35 42 47 31 46 48 22 47 49 33 44 50 31 46 51 20 48 52 21 49 53 27 50 54 20 48 55 29 51 56 25 52 57 19 53 58 27 50 59 39 39 60 18 54 61 25 52 62 27 55 63 58 56 64 60 57 65 29 58 66 56 59 67 58 60 68 33 61 69 56 62 70 31 63 71 35 64 72 11 65 73 33 66 74 37 67 75 13 68 76 35 69 77 44 70 78 20 71 79 19 72 80 42 73 81 18 74 82 40 75 83 42 76 84 24 77 85 49 78 86 48 79 87 22 80 88 47 81 89 45 82 90 21 83 91 20 84 92 43 85 93 19 86 94 18 87 95 49 88 96 23 89 97 48 90 98 47 91 99 21 92 100 46 93 101 17 94 102 62 95 103 61 96 104 61 96 105 60 97 106 59 98 107 59 98 108 58 99 109 57 100 110 57 100 111 56 101 112 10 102 113 12 103 114 56 101 115 11 104 116 14 105 117 11 104 118 13 106 119 16 107 120 13 106 121 15 108 122 43 109 123 53 110 124 52 111 125 44 112 126 52 111 127 9 113 128 45 114 129 9 113 130 51 115 131 46 116 132 51 115 133 54 117 134 46 116 135 8 118 136 47 119 137 47 119 138 50 120 139 48 121 140 48 121 141 55 122 142 49 123 143 49 123 144 53 110 145 42 124 146 17 94 147 15 108 148 63 125 149 17 126 150 28 127 151 16 128 152 14 129 153 32 130 154 12 131 155 57 132 156 34 133 157 36 134 158 61 135 159 38 136 160 41 137 161 39 138 162 15 139 163 37 140 164 39 141 165 62 142 166 63 143 167 25 144 168 60 145 169 62 146 170 41 147 171 36 148 172 32 149 173 0 0 174 53 150 175 55 1 176 1 3 177 55 151 178 50 4 179 2 6 180 50 152 181 8 7 182 3 9 183 8 153 184 54 10 185 54 12 186 51 154 187 5 13 188 51 15 189 9 155 190 6 16 191 17 18 192 61 156 193 41 19 194 9 21 195 52 157 196 7 22 197 52 24 198 53 158 199 0 25 200 7 29 201 0 159 202 3 160 203 0 159 204 1 161 205 3 160 206 1 161 207 2 162 208 3 160 209 3 160 210 4 163 211 7 29 212 4 163 213 5 27 214 7 29 215 59 30 216 57 164 217 36 31 218 12 33 219 32 165 220 34 34 221 16 36 222 28 166 223 26 37 224 39 39 225 37 43 226 24 40 227 35 42 228 23 45 229 24 40 230 33 44 231 22 47 232 23 45 233 31 46 234 21 49 235 22 47 236 31 46 237 29 51 238 20 48 239 27 50 240 19 53 241 20 48 242 25 52 243 18 54 244 19 53 245 39 39 246 40 41 247 18 54 248 27 55 249 29 167 250 58 56 251 29 58 252 31 168 253 56 59 254 33 61 255 11 169 256 56 62 257 35 64 258 13 170 259 11 65 260 37 67 261 15 171 262 13 68 263 44 70 264 45 172 265 20 71 266 42 73 267 43 173 268 18 74 269 42 76 270 40 174 271 24 77 272 48 79 273 23 175 274 22 80 275 45 82 276 46 176 277 21 83 278 43 85 279 44 177 280 19 86 281 49 88 282 24 178 283 23 89 284 47 91 285 22 179 286 21 92 287 17 94 288 63 125 289 62 95 290 61 96 291 62 95 292 60 97 293 59 98 294 60 97 295 58 99 296 57 100 297 58 99 298 56 101 299 12 103 300 10 102 301 56 101 302 14 105 303 12 103 304 11 104 305 16 107 306 14 105 307 13 106 308 43 109 309 42 124 310 53 110 311 44 112 312 43 109 313 52 111 314 45 114 315 44 112 316 9 113 317 46 116 318 45 114 319 51 115 320 46 116 321 54 117 322 8 118 323 47 119 324 8 118 325 50 120 326 48 121 327 50 120 328 55 122 329 49 123 330 55 122 331 53 110 332 17 94 333 16 107 334 15 108 335 17 126 336 30 180 337 28 127 338 14 129 339 26 181 340 32 130 341 57 132 342 10 182 343 34 133 344 61 135 345 59 183 346 38 136 347 39 138 348 63 184 349 15 139 350 39 141 351 25 185 352 62 142 353 25 144 354 27 186 355 60 145 356 32 149 357 26 187 358 28 188 359 28 188 360 30 189 361 41 147 362 41 147 363 38 190 364 36 148 365 36 148 366 34 191 367 32 149 368 32 149 369 28 188 370 41 147 371</p>
        </triangles>
      </mesh>
    </geometry>
    <geometry id="Cylinder_003-mesh" name="Cylinder.003">
      <mesh>
        <source id="Cylinder_003-mesh-positions">
          <float_array id="Cylinder_003-mesh-positions-array" count="540">0.05073553 2.128778 0.2338144 0.05073553 2.149029 0.1675648 -0.05073869 2.149029 0.1675648 -0.05073869 2.128778 0.2338143 0.05073547 2.199693 0.1203166 -0.05073875 2.199693 0.1203166 0.05073547 2.267192 0.1047301 -0.05073875 2.267192 0.1047301 0.05073541 2.333442 0.1249818 -0.05073881 2.333442 0.1249818 0.05073541 2.38069 0.175645 -0.05073881 2.38069 0.175645 0.05073541 2.396276 0.2431446 -0.05073881 2.396276 0.2431446 0.05073541 2.376025 0.3093943 -0.05073881 2.376025 0.3093943 0.05073541 2.325362 0.3566424 -0.05073881 2.325362 0.3566424 0.05073547 2.257862 0.3722289 -0.05073875 2.257862 0.3722289 0.05073547 2.191612 0.3519772 -0.05073875 2.191612 0.3519772 0.05073553 2.144364 0.301314 -0.05073869 2.144364 0.301314 0.05073553 2.094145 0.2326064 0.05073553 2.119641 0.1492026 -0.05073869 2.119641 0.1492026 -0.05073869 2.094145 0.2326064 0.05073547 2.183423 0.08972054 -0.05073875 2.183423 0.08972042 0.05073547 2.268401 0.07009816 -0.05073875 2.268401 0.07009816 0.05073541 2.351804 0.09559363 -0.05073881 2.351804 0.09559357 0.05073541 2.411285 0.1593751 -0.05073881 2.411285 0.1593751 0.05073541 2.430909 0.2443526 -0.05073881 2.430909 0.2443526 0.05073541 2.405413 0.3277565 -0.05073881 2.405413 0.3277565 0.05073541 2.341631 0.3872386 -0.05073881 2.341631 0.3872386 0.05073547 2.256654 0.4068608 -0.05073875 2.256654 0.4068608 0.05073547 2.17325 0.3813654 -0.05073875 2.17325 0.3813654 0.05073553 2.113768 0.3175839 -0.05073869 2.113768 0.3175839 0.02414262 2.203612 0.2364246 0.02414262 2.212532 0.2072427 -0.02414584 2.212532 0.2072427 -0.02414584 2.203612 0.2364245 0.02414262 2.234849 0.1864304 -0.0241459 2.234849 0.1864304 0.02414262 2.264582 0.1795648 -0.0241459 2.264582 0.1795648 0.02414256 2.293765 0.1884853 -0.0241459 2.293765 0.1884853 0.02414256 2.314576 0.2108017 -0.0241459 2.314576 0.2108017 0.02414256 2.321442 0.2405344 -0.0241459 2.321442 0.2405344 0.02414256 2.312521 0.2697166 -0.0241459 2.312521 0.2697166 0.02414256 2.290205 0.2905285 -0.0241459 2.290205 0.2905285 0.02414262 2.260472 0.2973942 -0.0241459 2.260472 0.2973942 0.02414262 2.23129 0.2884737 -0.0241459 2.23129 0.2884736 0.02414262 2.210477 0.266157 -0.02414584 2.210477 0.266157 0.02935761 2.144501 0.2343628 0.02935761 2.162372 0.1759012 -0.02936077 2.162372 0.1759012 -0.02936077 2.144501 0.2343627 0.02935755 2.20708 0.1342075 -0.02936083 2.20708 0.1342074 0.02935755 2.266644 0.1204532 -0.02936083 2.266644 0.1204532 0.02935749 2.325105 0.1383242 -0.02936089 2.325105 0.1383241 0.02935749 2.366799 0.1830316 -0.02936089 2.366799 0.1830316 0.02935749 2.380554 0.2425963 -0.02936089 2.380554 0.2425962 0.02935749 2.362682 0.3010578 -0.02936089 2.362682 0.3010578 0.02935749 2.317975 0.3427516 -0.02936083 2.317975 0.3427516 0.02935755 2.258411 0.3565058 -0.02936083 2.258411 0.3565058 0.02935755 2.19995 0.3386349 -0.02936083 2.19995 0.3386349 0.02935761 2.158255 0.2939274 -0.02936077 2.158255 0.2939274 0.03997993 2.23989 0.2376899 0.03997993 2.243318 0.226477 -0.03998321 2.243318 0.226477 -0.03998321 2.23989 0.2376899 0.03997993 2.251892 0.2184801 -0.03998327 2.251892 0.2184801 0.03997993 2.263317 0.215842 -0.03998327 2.263317 0.215842 0.03997993 2.274529 0.2192696 -0.03998327 2.274529 0.2192696 0.03997993 2.282527 0.2278445 -0.03998327 2.282527 0.2278445 0.03997993 2.285164 0.2392691 -0.03998327 2.285164 0.2392691 0.03997993 2.281737 0.2504821 -0.03998327 2.281737 0.2504821 0.03997993 2.273162 0.2584789 -0.03998327 2.273162 0.2584789 0.03997993 2.261738 0.261117 -0.03998327 2.261738 0.261117 0.03997993 2.250524 0.2576894 -0.03998327 2.250524 0.2576893 0.03997993 2.242527 0.2491143 -0.03998321 2.242527 0.2491143 0.1037834 2.240217 0.2377012 -0.1037867 2.240217 0.2377012 0.1037834 2.252046 0.2187704 -0.1037867 2.252046 0.2187703 0.1037834 2.274354 0.2195485 -0.1037867 2.274354 0.2195485 0.1037834 2.284835 0.2392575 -0.1037867 2.284835 0.2392575 0.1037834 2.273007 0.2581885 -0.1037867 2.273007 0.2581885 0.1037834 2.250698 0.2574104 -0.1037867 2.250698 0.2574104 0.03997999 2.215988 0.2368562 0.03997999 2.223034 0.2138043 -0.03998321 2.223034 0.2138043 -0.03998321 2.215988 0.2368562 0.03997993 2.240664 0.1973639 -0.03998321 2.240664 0.1973638 0.03997993 2.264151 0.1919404 -0.03998327 2.264151 0.1919404 0.03997993 2.287202 0.1989871 -0.03998327 2.287202 0.1989871 0.03997993 2.303643 0.2166157 -0.03998327 2.303643 0.2166157 0.03997993 2.309066 0.2401028 -0.03998327 2.309066 0.2401028 0.03997993 2.302019 0.2631549 -0.03998327 2.302019 0.2631549 0.03997993 2.284391 0.2795951 -0.03998327 2.284391 0.2795951 0.03997993 2.260904 0.2850186 -0.03998327 2.260904 0.2850186 0.03997999 2.237852 0.277972 -0.03998321 2.237852 0.2779719 0.03997999 2.221411 0.2603431 -0.03998321 2.221411 0.2603431 0.03735774 2.23989 0.2376899 0.03735774 2.243318 0.226477 -0.03736102 2.243318 0.226477 -0.03736102 2.23989 0.2376899 0.03735774 2.251892 0.2184801 -0.03736102 2.251892 0.2184801 0.03735768 2.263317 0.215842 -0.03736102 2.263317 0.215842 0.03735768 2.274529 0.2192696 -0.03736102 2.274529 0.2192696 0.03735768 2.282527 0.2278445 -0.03736102 2.282527 0.2278445 0.03735768 2.285164 0.2392691 -0.03736102 2.285164 0.2392691 0.03735768 2.281737 0.2504821 -0.03736102 2.281737 0.2504821 0.03735768 2.273162 0.2584789 -0.03736102 2.273162 0.2584789 0.03735768 2.261738 0.261117 -0.03736102 2.261738 0.261117 0.03735774 2.250524 0.2576894 -0.03736102 2.250524 0.2576893 0.03735774 2.242527 0.2491143 -0.03736102 2.242527 0.2491143</float_array>
          <technique_common>
            <accessor source="#Cylinder_003-mesh-positions-array" count="180" stride="3">
              <param name="X" type="float"/>
              <param name="Y" type="float"/>
              <param name="Z" type="float"/>
            </accessor>
          </technique_common>
        </source>
        <source id="Cylinder_003-mesh-normals">
          <float_array id="Cylinder_003-mesh-normals-array" count="1206">0 -0.9993923 -0.03485935 0 -0.8480693 -0.5298855 0 -0.9993923 -0.03485876 1.79117e-7 -0.848069 -0.5298859 2.85383e-7 -0.6820274 -0.7313267 4.28071e-7 -0.2249898 -0.9743612 5.19034e-7 -0.2249898 -0.9743612 9.47105e-7 -0.2249896 -0.9743613 4.61371e-7 0.2923336 -0.9563164 3.8051e-7 0.2923337 -0.9563164 0 0.2923343 -0.9563162 1.90256e-7 0.731331 -0.6820228 1.19413e-7 0.8829264 -0.4695116 4.20944e-7 0.7313324 -0.6820212 0 0.882926 -0.4695124 0 0.9743573 -0.2250069 0 0.9563134 0.2923433 0 0.8480657 0.529891 0 0.8480671 0.529889 0 0.4695073 0.8829287 0 0.4695075 0.8829285 0 -0.03485763 0.9993924 0 -0.03485822 0.9993923 0 -0.5298833 0.8480706 0 -0.5298843 0.84807 0 -0.8829281 0.4695081 0 -0.8829286 0.4695073 -0.5927273 -0.4267732 0.6830366 -0.5927228 -0.711116 0.3781453 -0.5927207 -0.7111181 0.3781445 0.592724 0.02807682 -0.8049162 0.5927275 -0.3781399 -0.711115 0.5927267 -0.3781449 -0.7111128 1 3.91801e-7 0 1 4.25381e-7 0 1 3.98789e-7 0 -1 -3.75191e-7 0 -1 -3.76121e-7 0 -1 -4.01629e-7 0 1 3.90683e-7 0 1 3.5143e-7 0 -1 -3.43666e-7 0 -1 -3.98789e-7 0 1 3.81403e-7 0 1 3.92631e-7 0 -1 -3.61394e-7 0 -1 -3.0123e-7 0 1 3.31716e-7 0 1 3.19032e-7 0 -1 -3.51724e-7 0 -1 -3.65068e-7 0 1 4.1083e-7 0 1 4.51846e-7 0 -1 -4.25388e-7 0 -1 -3.5891e-7 0 1 4.6711e-7 0 1 4.78535e-7 0 -1 -4.50499e-7 0 -1 -4.01641e-7 0 1 3.90686e-7 0 1 3.51434e-7 0 -1 -2.72024e-7 0 -1 -4.78534e-7 0 1 3.58371e-7 0 1 3.59896e-7 0 -1 -3.52834e-7 0 -1 -2.51024e-7 0 1 3.50322e-7 0 1 3.65071e-7 0 -1 -3.69443e-7 0 -1 -3.47581e-7 0 1 3.39245e-7 0 1 3.52753e-7 0 -1 -3.00115e-7 0 -1 -3.59894e-7 0 1 4.47042e-7 0 1 4.78543e-7 0 -1 -3.68267e-7 0 -1 -3.42682e-7 0 1 4.01629e-7 0 -1 -3.98786e-7 0 0.6159536 -0.4174286 0.6680977 0.6159625 -0.6955486 0.3698681 0.6159495 -0.4174301 0.6681006 -0.6159586 0.02746003 -0.7872999 -0.615961 -0.3698632 -0.6955525 -0.6159557 0.02746367 -0.7873019 0.5927264 0.3781433 0.7111139 0.5927404 0.6830252 0.4267733 0.5927398 0.6830296 0.4267671 -0.5927245 0.02807646 -0.8049158 -0.5927267 -0.3781401 -0.7111155 -0.5927236 0.02807205 -0.8049166 0.59272 -0.711117 0.3781477 0.5927166 -0.8049216 -0.02807372 0.5927221 -0.7111148 0.3781485 -0.5927256 0.3781428 0.7111149 -0.5927409 0.6830253 0.4267725 -0.5927245 0.3781434 0.7111156 0.5927348 0.4267598 -0.6830385 0.5927231 0.02807247 -0.804917 -0.5927163 -0.8049219 -0.02807378 -0.5927141 -0.8049236 -0.02807414 0.5927228 -0.02807086 0.8049172 0.5927248 0.3781437 0.7111153 -0.592736 0.4267603 -0.6830372 -0.5927346 0.426769 -0.6830329 0.5927212 -0.6830403 -0.4267756 0.5927146 -0.8049233 -0.02807426 -0.592724 -0.02807217 0.8049163 -0.592724 -0.0280779 0.8049162 0.5927336 0.426769 -0.6830338 0.5927326 0.7111101 -0.3781409 -0.5927217 -0.6830416 -0.4267731 -0.5927239 -0.6830394 -0.4267735 0.5927271 -0.4267736 0.6830365 0.5927236 -0.02807664 0.8049166 -0.5927325 0.7111097 -0.3781418 -0.5927317 0.7111109 -0.3781409 0.5927236 -0.6830383 -0.4267758 -0.5927276 -0.4267683 0.6830394 0.5927269 0.8049142 0.02807205 0.5927319 0.7111117 -0.3781391 0.5927283 0.8049132 0.02807313 -0.5927259 -0.3781455 -0.7111133 0.5927293 -0.426769 0.6830375 -0.592727 0.8049142 0.02807313 -0.5927283 0.8049131 0.02807438 -0.5927402 0.6830295 0.4267668 0.9961355 0.07448524 0.04653948 0.9961355 0.087776 0.003061771 0.9961357 0.074485 0.04653924 -0.9961356 0.0744844 0.0465396 -0.9961357 0.08777523 0.003062009 -0.9961357 0.08777534 0.003062069 0.9961356 0.04123634 0.07754659 0.9961357 0.04123616 0.07754623 -0.9961357 0.04123556 0.07754611 -0.9961357 0.07448422 0.04653942 0.9961357 -0.003060996 0.08777487 0.9961357 -0.003061115 0.08777415 -0.9961358 -0.00306183 0.08777433 -0.9961357 0.04123544 0.07754606 0.9961357 -0.04653835 0.07448446 0.9961357 -0.04653859 0.0744847 -0.9961357 -0.04653912 0.07448428 -0.9961358 -0.00306189 0.08777439 0.9961357 -0.07754552 0.04123616 0.9961357 -0.07754611 0.04123526 -0.9961357 -0.04653942 0.07448369 -0.9961357 -0.07754635 0.04123598 0.9961358 -0.08777374 -0.003061771 0.9961358 -0.08777326 -0.003061234 -0.9961357 -0.08777451 -0.003061592 -0.9961356 -0.07754677 0.04123532 0.9961358 -0.07448375 -0.04653865 0.9961357 -0.07448405 -0.04653817 -0.9961357 -0.07448452 -0.04653877 -0.9961357 -0.08777409 -0.003061354 0.9961357 -0.04123592 -0.0775457 0.9961357 -0.04123544 -0.07754617 -0.9961357 -0.04123681 -0.07754528 -0.9961357 -0.07448488 -0.04653817 0.9961357 0.003062129 -0.08777469 0.9961357 0.00306183 -0.08777463 -0.9961358 0.003061354 -0.08777439 -0.9961357 -0.04123622 -0.07754617 0.9961356 0.04653894 -0.07448506 0.9961357 0.04653882 -0.07448464 -0.9961357 0.04653811 -0.07448494 -0.9961357 0.003060996 -0.08777463 0.9961356 0.07754659 -0.04123675 0.9961355 0.07754665 -0.04123646 -0.9961357 0.0775457 -0.04123646 -0.9961357 0.04653799 -0.07448452 0.9961356 0.08777618 0.003061413 -0.9961357 0.07754588 -0.0412364 0 -0.9993919 -0.03487282 0 -0.9563173 -0.2923308 0 -0.9563161 -0.2923346 0 0.5298768 -0.8480746 0 0.882929 -0.4695066 0 0.5298754 -0.8480755 -0.6159627 0.6680901 0.4174274 -0.615966 0.7872937 0.02746886 -0.6159625 0.668089 0.4174295 0.6159586 0.02746021 -0.7872999 0.6159676 0.4174243 -0.6680876 0.6159532 0.02746212 -0.787304 -0.6159508 -0.4174277 0.6681009 -0.6159616 -0.6955488 0.3698691 -0.6159577 -0.6955502 0.3698731 0.615965 0.3698727 0.695544 0.6159636 0.6680913 0.4174243 0.6159645 0.6680923 0.4174213 -0.6159655 0.4174227 -0.6680905 -0.6159651 0.4174307 -0.6680859 0.6159758 -0.787286 -0.02746939 0.6159599 -0.6955506 0.3698687 0.6159642 -0.6680862 -0.4174314 0.6159769 -0.7872852 -0.02747249 -0.6159669 0.3698722 0.6955426 -0.6159669 0.3698663 0.6955456 0.6159681 0.4174326 -0.668082 0.6159633 0.6955522 -0.3698598 -0.6159756 -0.7872862 -0.02746844 -0.6159768 -0.7872853 -0.02747094 -0.6159653 -0.6680878 -0.4174273 -0.6159617 -0.6680914 -0.4174269 0.6159593 -0.0274595 0.7872993 0.6159657 0.3698658 0.6955469 -0.6159628 0.6955514 -0.3698623 -0.6159579 0.6955547 -0.3698644 0.6159623 -0.3698644 -0.6955507 0.6159611 -0.6680901 -0.4174299 -0.6159586 -0.02746087 0.7872998 -0.6159566 -0.02746129 0.7873014 0.6159639 0.7872956 0.02746403 0.6159586 0.6955543 -0.3698638 -0.6159615 -0.3698655 -0.6955509 0.6159606 -0.02745944 0.7872984 -0.6159642 0.7872954 0.027462 0.6159614 -0.3698624 -0.6955525 -0.6159493 -0.4174314 0.6681 0.6159647 0.7872946 0.02747052 0 -0.8480595 -0.5299011 0 -0.8480514 -0.529914 0 -0.8480507 -0.5299151 0 0.03486013 -0.9993922 1.87295e-7 0.03485989 -0.9993922 2.01004e-7 0.03485989 -0.9993923 0 0.8829229 -0.469518 0 0.8829351 -0.4694954 0 0.8829219 -0.4695198 0 0.8480944 0.5298452 0 0.8480816 0.5298659 0 0.8480805 0.5298674 -1 -2.69782e-7 0 -1 -1.07914e-6 0 -1 -2.69774e-7 0 0 -0.03485876 0.9993923 0 -0.03485816 0.9993923 0 -0.0348581 0.9993923 0 -0.8829225 0.4695188 0 -0.8829199 0.4695237 0 -0.8829197 0.4695242 1 0 0 1 5.36741e-7 0 1 2.66961e-7 0 1 4.26857e-7 0 1 3.15358e-7 0 1 3.74292e-7 0 -1 -3.73733e-7 0 -1 -4.59098e-7 0 -1 -3.6346e-7 0 1 5.30054e-7 0 1 3.05151e-7 0 -1 0 0 -1 -4.66556e-7 0 1 5.73396e-7 0 1 0 0 -1 0 0 -1 -5.84135e-7 0 1 5.38263e-7 0 1 2.14883e-7 0 -1 -1.83951e-7 0 -1 -5.38263e-7 0 1 4.30597e-7 0 1 4.18126e-7 0 -1 -4.63987e-7 0 -1 -2.14883e-7 0 1 2.36041e-7 0 1 5.37241e-7 0 -1 -3.08802e-7 0 -1 -4.18126e-7 0 1 3.6849e-7 0 1 1.38074e-7 0 -1 -3.87658e-7 0 -1 -5.37239e-7 0 1 5.8921e-7 0 1 3.44294e-7 0 -1 -5.8921e-7 0 -1 -2.42603e-7 0 1 0 0 1 4.18904e-7 0 -1 -3.31957e-7 0 -1 -3.98865e-7 0 1 1.29661e-7 0 1 6.15891e-7 0 -1 -2.10226e-7 0 -1 -5.26229e-7 0 1 2.64517e-7 0 1 3.1358e-7 0 -1 -3.43785e-7 0 -1 -6.36386e-7 0 1 3.47132e-7 0 -1 -4.18106e-7 0 1 3.56734e-7 0 1 3.46207e-7 0 1 2.64569e-7 0 -1 -2.50614e-7 0 -1 -3.41134e-7 0 -1 -6.13431e-7 0 0 -0.5298803 0.8480725 0 -0.2923501 0.9563114 0 -0.2923513 0.9563111 0 0.8829284 -0.4695076 0 0.5298777 -0.8480741 0 0.8829283 -0.4695079 0 -0.6820232 -0.7313306 0 -0.4695141 -0.882925 0 -0.6820216 -0.731332 0 -0.2923488 0.9563118 0 -0.5298765 0.8480749 0 -0.5298751 0.8480757 0 0.9743641 -0.2249774 0 0.882929 -0.4695066 0 0.8480712 0.5298824 0 0.9563066 0.292366 0 -0.4695115 -0.8829265 0 -0.6820206 -0.7313331 0 -0.4695121 -0.8829261 0 -0.7313019 0.6820541 0 -0.5298788 0.8480734 0 0.9743641 -0.224977 0 0.974365 -0.224973 0 0.9563063 0.2923666 0 0.8480719 0.5298812 0 0.8480709 0.5298827 0 -0.469515 -0.8829246 0 -0.2250022 -0.9743583 0 -0.7312974 0.6820588 0 -0.731296 0.6820603 0 0.6820436 0.7313116 0 0.8480703 0.5298838 0 -0.225001 -0.9743586 0 -0.225001 -0.9743586 0 -0.9993918 -0.03487157 0 -0.9743725 0.2249408 0 -0.9743724 0.2249409 0 0.6820451 0.7313103 0 0.6820425 0.7313125 0 0.292326 -0.9563187 0 0.2923263 -0.9563187 0 -0.9743724 0.2249409 0 -0.9993919 -0.0348708 0 0.2249782 0.9743638 0 0.224982 0.9743629 0 0.2249828 0.9743628 0 0.5298764 -0.848075 0 0.2923306 -0.9563173 0 -0.9563171 -0.2923313 0 -0.9993917 -0.03487354 0 0.2249791 0.9743637 0 0.2249755 0.9743645 0 0.2249748 0.9743646 6.31409e-7 -0.6820275 -0.7313266 0 -0.2249901 -0.9743611 8.41881e-7 0.2923331 -0.9563166 0 0.9743573 -0.2250066 0 0.9563124 0.292347 0 -0.8480601 -0.5299 0 0.03486013 -0.9993923 0 0.882936 -0.4694935 0 0.8480954 0.5298436 -1 0 1.80936e-7 -1 0 0 -1 0 0 0 -0.03485882 0.9993923 0 -0.8829227 0.4695184 1 -1.07905e-6 0 1 0 2.0422e-7 1 7.08138e-7 -1.8097e-7 1 4.96849e-7 0 1 0 0 1 4.23353e-7 -1.54468e-7 1 8.46872e-7 1.74243e-7 1 6.4256e-7 0 1 1.23979e-7 0 1 4.10295e-7 0 1 6.42577e-7 0 1 8.46734e-7 1.74293e-7 -1 -1.14531e-6 0 -1 0 0 -1 8.46763e-7 1.42953e-7 -1 0 0 -1 -6.28791e-7 0 -1 0 -1.85745e-7 -1 0 1.42904e-7 -1 -5.96031e-7 0 -1 0 0 0 -0.29235 0.9563115 0 0.9743649 -0.2249734 0 -0.6820193 -0.7313342 0 -0.7313003 0.6820557 0 0.9563064 0.2923666 0 -0.2250024 -0.9743583 0 0.6820412 0.7313137 0 0.2249774 0.9743641 0 0.292331 -0.9563172 0 -0.9563159 -0.2923352 0 0.2249796 0.9743635</float_array>
          <technique_common>
            <accessor source="#Cylinder_003-mesh-normals-array" count="402" stride="3">
              <param name="X" type="float"/>
              <param name="Y" type="float"/>
              <param name="Z" type="float"/>
            </accessor>
          </technique_common>
        </source>
        <source id="Cylinder_003-mesh-map-0">
          <float_array id="Cylinder_003-mesh-map-0-array" count="2112">0.1223537 0.7513021 0.09824669 0.7692455 0.09824669 0.7513021 0.04502886 0.7126397 0.02092182 0.7305831 0.02092182 0.7126397 0.0450288 0.7305831 0.02092182 0.7513024 0.02092182 0.7305831 0.0450288 0.7513024 0.02092182 0.7692456 0.02092182 0.7513024 0.0691359 0.7692455 0.09324294 0.7513023 0.09324294 0.7692455 0.0691359 0.7513023 0.09324294 0.730583 0.09324294 0.7513023 0.09324294 0.730583 0.0691359 0.7126397 0.09324294 0.7126397 0.06913584 0.7692455 0.04502886 0.7513021 0.0691359 0.7513021 0.0691359 0.7513021 0.04502886 0.7305831 0.0691359 0.7305831 0.0691359 0.7305831 0.04502886 0.7126397 0.0691359 0.7126397 0.09824669 0.7126397 0.1223537 0.730583 0.09824669 0.730583 0.1223537 0.730583 0.09824669 0.7513021 0.09824669 0.730583 0.1908077 0.680278 0.185729 0.6650579 0.1908077 0.6660252 0.1806502 0.6495676 0.1857289 0.6650578 0.1806502 0.6660253 0.1676196 0.6657481 0.1652119 0.6456741 0.1755715 0.6636175 0.02887374 0.6657482 0.03128135 0.6456742 0.03710269 0.6514955 0.1676196 0.6657481 0.1755715 0.6843366 0.1676194 0.682206 0.02887374 0.6657482 0.02092182 0.6843367 0.02092182 0.6636175 0.1593908 0.6964587 0.1755715 0.6843366 0.1652119 0.7022801 0.03710252 0.6964588 0.02092182 0.6843367 0.02887386 0.6822061 0.1451379 0.7046877 0.1652119 0.7022801 0.1472687 0.7126396 0.05135542 0.7046877 0.03128141 0.7022801 0.03710252 0.6964588 0.1451379 0.7046877 0.1265497 0.7126395 0.1286803 0.7046876 0.05135542 0.7046877 0.06994366 0.7126395 0.04922467 0.7126396 0.1144275 0.6964589 0.1265497 0.7126395 0.1086061 0.7022802 0.08206588 0.6964589 0.06994366 0.7126395 0.06781303 0.7046877 0.1144275 0.6964589 0.09824669 0.6843367 0.1061986 0.682206 0.08206588 0.6964589 0.09824663 0.6843367 0.08788722 0.7022803 0.1061985 0.6657484 0.09824669 0.6843367 0.09824663 0.6636176 0.09029483 0.6657484 0.09824663 0.6843367 0.09029477 0.6822061 0.1144273 0.6514956 0.09824663 0.6636176 0.1086062 0.6456743 0.08206599 0.6514956 0.09824663 0.6636176 0.09029483 0.6657484 0.1286801 0.6432667 0.1086062 0.6456743 0.1265494 0.6353147 0.06781315 0.6432667 0.08788716 0.6456744 0.08206599 0.6514956 0.1451379 0.6432666 0.1265494 0.6353147 0.1472686 0.6353147 0.05135542 0.6432666 0.06994384 0.6353147 0.06781315 0.6432667 0.1451379 0.6432666 0.1652119 0.6456741 0.1593906 0.6514955 0.05135542 0.6432666 0.03128135 0.6456742 0.04922473 0.6353147 0.0731123 0.7692455 0.06934988 0.7762851 0.06934988 0.7713256 0.09324294 0.7459732 0.09700536 0.7394853 0.09700536 0.745212 0.1806502 0.6495678 0.1755715 0.6379578 0.1806502 0.6353147 0.1867116 0.7268926 0.1816329 0.7423828 0.1816329 0.72786 0.1867116 0.7433502 0.1917903 0.7278598 0.1917903 0.7423829 0.1765542 0.7268928 0.1816329 0.7152827 0.1816329 0.7278601 0.1806502 0.6495676 0.1857289 0.6379579 0.1857289 0.650535 0.1908077 0.6660252 0.185729 0.6505348 0.1908077 0.6495675 0.1806502 0.6660253 0.1755715 0.6505351 0.1806502 0.6495678 0.1867116 0.7268926 0.1816329 0.7152829 0.1867116 0.7126397 0.1867116 0.7126397 0.1917903 0.7278598 0.1867116 0.7268925 0.1765542 0.7433503 0.1816329 0.7278601 0.1816329 0.742383 0.1867116 0.7576032 0.1816329 0.7728233 0.1816329 0.760246 0.1908077 0.6353147 0.185729 0.6505348 0.185729 0.6379575 0.1806502 0.6802782 0.1755715 0.665058 0.1806502 0.6660253 0.1765542 0.7576032 0.1816328 0.7728233 0.1765542 0.771856 0.1806502 0.6660253 0.1857289 0.6776351 0.1806502 0.6802781 0.1765542 0.7433503 0.1816329 0.7549602 0.1765542 0.7576032 0.1867116 0.7883136 0.1816329 0.7728233 0.1867116 0.771856 0.1867116 0.8025665 0.1816329 0.7873463 0.1867116 0.7883136 0.1867116 0.7433503 0.1816329 0.7549602 0.1816329 0.7423828 0.1867116 0.757603 0.1917903 0.7423829 0.1917903 0.7549601 0.1765542 0.7883136 0.1816328 0.7728233 0.1816329 0.7873463 0.1765542 0.8025665 0.1816329 0.7873463 0.1816328 0.7999237 0.1629815 0.7361152 0.1692925 0.7199013 0.1765541 0.7324785 0.1359263 0.7903157 0.1296152 0.7741018 0.1395509 0.7840376 0.1629815 0.7433647 0.1765541 0.7324785 0.1765541 0.7470016 0.1359264 0.7975652 0.1223537 0.786679 0.1359263 0.7903157 0.1593567 0.7496429 0.1765541 0.7470016 0.1692928 0.7595788 0.1395511 0.8038434 0.1223537 0.8012021 0.1359264 0.7975652 0.1593567 0.7496429 0.1567155 0.7668403 0.1530785 0.7532677 0.1395511 0.8038434 0.1421923 0.8210408 0.1296151 0.8137794 0.1530785 0.7532677 0.1421926 0.7668403 0.1458293 0.7532676 0.1458293 0.8074682 0.1567153 0.8210408 0.1421923 0.8210408 0.1395511 0.7496429 0.1421926 0.7668403 0.1296151 0.759579 0.1593567 0.8038434 0.1567153 0.8210408 0.1530786 0.8074681 0.1395511 0.7496429 0.1223537 0.7470017 0.1359264 0.7433648 0.1593567 0.8038434 0.1765542 0.8012021 0.1692927 0.8137794 0.1359263 0.7361155 0.1223537 0.7470017 0.1223537 0.7324786 0.1629816 0.7903159 0.1765542 0.8012021 0.1629814 0.7975652 0.139551 0.7298373 0.1223537 0.7324786 0.129615 0.7199015 0.1593568 0.7840377 0.1765542 0.786679 0.1629816 0.7903159 0.139551 0.7298373 0.1421921 0.7126399 0.1458292 0.7262126 0.1593568 0.7840377 0.1567156 0.7668404 0.1692928 0.7741019 0.1530787 0.7262124 0.1421921 0.7126399 0.1567153 0.7126398 0.1458291 0.7804129 0.1567156 0.7668404 0.1530786 0.780413 0.1530787 0.7262124 0.1692925 0.7199013 0.1593568 0.7298371 0.1458291 0.7804129 0.1296152 0.7741018 0.1421924 0.7668402 0.09762835 0.715052 0.09700536 0.7126397 0.09762835 0.7126397 0.09762835 0.72786 0.09700536 0.7302724 0.09700536 0.72786 0.0691359 0.7692455 0.06537348 0.7762851 0.06537348 0.7713257 0.09700536 0.7261673 0.09324294 0.7303653 0.09324294 0.7254061 0.06161099 0.7692456 0.06537348 0.7762851 0.06161099 0.7755237 0.05784857 0.7827731 0.06161099 0.7869708 0.05784851 0.7890511 0.09324294 0.7459732 0.09700536 0.7501713 0.09324294 0.7522516 0.0731123 0.782773 0.06934988 0.7762851 0.0731123 0.7755237 0.0731123 0.7890511 0.06934988 0.7820116 0.0731123 0.782773 0.05784851 0.7827731 0.05408608 0.7869708 0.05408608 0.7820115 0.0731123 0.7890511 0.07687479 0.7820116 0.07687479 0.7869709 0.06161099 0.7827731 0.06537348 0.7762851 0.06537342 0.7820116 0.06161099 0.7890512 0.06537342 0.7820116 0.06537348 0.786971 0.05784857 0.7755236 0.06161099 0.7820115 0.05784857 0.7827731 0.0691359 0.7890512 0.06537348 0.7820117 0.0691359 0.7827731 0.09700536 0.718918 0.09324294 0.7147199 0.09700536 0.7126397 0.05784851 0.7755236 0.05408608 0.7820115 0.05408608 0.7762849 0.0731123 0.7755236 0.07687479 0.7820116 0.0731123 0.782773 0.09324294 0.7387239 0.09700536 0.7345259 0.09700536 0.7394853 0.05784857 0.7692455 0.06161099 0.7762849 0.05784857 0.7755236 0.0691359 0.7755237 0.06537348 0.7820117 0.06537348 0.7762851 0.09700536 0.7261673 0.09324294 0.7196794 0.09700536 0.718918 0.05784851 0.7692455 0.05408608 0.7762849 0.05408608 0.7713255 0.0731123 0.7692455 0.07687479 0.776285 0.0731123 0.7755236 0.1371019 0.6917609 0.135189 0.6561897 0.1371018 0.6561897 0.1351891 0.6917609 0.1313636 0.6561898 0.135189 0.6561897 0.1313636 0.6561898 0.1294512 0.6917609 0.129451 0.6561898 0.1447527 0.6917609 0.1428401 0.6561897 0.1447527 0.6561897 0.1447527 0.6581023 0.1480655 0.6561898 0.1513784 0.6581025 0.1428401 0.6917609 0.1390147 0.6561897 0.1428401 0.6561897 0.1390147 0.6917609 0.1371019 0.6561897 0.1390147 0.6561897 0.1447527 0.6695784 0.1480655 0.6638405 0.1513784 0.6695784 0.09275847 0.7785387 0.09824663 0.7827946 0.09275841 0.7813242 0.1075399 0.7851291 0.1117959 0.7906174 0.1060694 0.7906172 0.09275841 0.7813242 0.09538328 0.787754 0.09136575 0.7837365 0.1103254 0.7851291 0.1167553 0.7877539 0.1117959 0.7906174 0.09136575 0.7837365 0.09042388 0.7906174 0.08895331 0.7851293 0.1127377 0.7837364 0.1196186 0.7827945 0.1167553 0.7877539 0.08895331 0.7851293 0.08469736 0.7906174 0.08616793 0.7851293 0.1141306 0.781324 0.1196186 0.7770681 0.1196186 0.7827945 0.08375543 0.7837366 0.08469736 0.7906174 0.07973802 0.7877541 0.1127378 0.7761261 0.1196186 0.7770681 0.1141305 0.7785386 0.08375543 0.7837366 0.07687473 0.7827947 0.08236283 0.7813242 0.1127378 0.7761261 0.1117959 0.7692455 0.1167553 0.7721086 0.08236283 0.7785387 0.07687473 0.7827947 0.07687473 0.7770681 0.1075398 0.7747335 0.1117959 0.7692455 0.1103254 0.7747336 0.08375555 0.7761263 0.07687473 0.7770681 0.0797379 0.7721088 0.1051276 0.7761263 0.1060693 0.7692455 0.1075398 0.7747335 0.08616775 0.7747336 0.0797379 0.7721088 0.0846973 0.7692455 0.1037348 0.7785385 0.10111 0.7721086 0.1051276 0.7761263 0.08895337 0.7747336 0.0846973 0.7692455 0.09042388 0.7692455 0.1037348 0.7813241 0.09824669 0.777068 0.1037348 0.7785385 0.09136575 0.7761263 0.09042388 0.7692455 0.0953834 0.7721087 0.1051276 0.7837365 0.09824669 0.7827946 0.1037348 0.7813241 0.09136575 0.7761263 0.09824651 0.7770681 0.09275847 0.7785387 0.1051276 0.7837365 0.1060694 0.7906172 0.10111 0.7877541 0.03131741 0.7758361 0.02751237 0.7796413 0.02092176 0.7730507 0.03512263 0.7692456 0.04171311 0.7758362 0.03271019 0.7782485 0.09762835 0.7430803 0.09700536 0.7406681 0.09762835 0.7406681 0.09638243 0.7546639 0.09700536 0.7522515 0.09700536 0.7546639 0.09700536 0.7583006 0.09762835 0.7558882 0.09762835 0.7583006 0.09700536 0.7482782 0.09762835 0.7506904 0.09700536 0.7506904 0.09762835 0.7330579 0.09700536 0.7302724 0.09762835 0.7302724 0.09762835 0.7354702 0.09700536 0.7330579 0.09762835 0.7330579 0.09386587 0.7574493 0.09324294 0.7598617 0.09324294 0.7574493 0.09700536 0.7254477 0.09762835 0.72786 0.09700536 0.72786 0.09638243 0.7546639 0.09700536 0.7574493 0.09638243 0.7574493 0.09638243 0.7574493 0.09700536 0.7598617 0.09638243 0.7598617 0.09700536 0.7558882 0.09762835 0.7531028 0.09762835 0.7558882 0.09762835 0.7202499 0.09700536 0.7178375 0.09762835 0.7178375 0.09762835 0.7378824 0.09700536 0.7354702 0.09762835 0.7354702 0.09386587 0.7546639 0.09324294 0.7574493 0.09324294 0.7546639 0.09700536 0.7226622 0.09762835 0.7254477 0.09700536 0.7254477 0.09700536 0.7430803 0.09762835 0.7454926 0.09700536 0.7454926 0.09700536 0.7531028 0.09762835 0.7506904 0.09762835 0.7531028 0.09762835 0.7178375 0.09700536 0.715052 0.09762835 0.715052 0.09762835 0.7406681 0.09700536 0.7378824 0.09762835 0.7378824 0.09386587 0.7522515 0.09324294 0.7546639 0.09324294 0.7522515 0.09700536 0.7202499 0.09762835 0.7226622 0.09700536 0.7226622 0.09700536 0.7454926 0.09762835 0.7482782 0.09700536 0.7482782 0.1223537 0.7513021 0.1223537 0.7692455 0.09824669 0.7692455 0.04502886 0.7126397 0.0450288 0.7305831 0.02092182 0.7305831 0.0450288 0.7305831 0.0450288 0.7513024 0.02092182 0.7513024 0.0450288 0.7513024 0.0450288 0.7692456 0.02092182 0.7692456 0.0691359 0.7692455 0.0691359 0.7513023 0.09324294 0.7513023 0.0691359 0.7513023 0.0691359 0.730583 0.09324294 0.730583 0.09324294 0.730583 0.0691359 0.730583 0.0691359 0.7126397 0.06913584 0.7692455 0.04502886 0.7692455 0.04502886 0.7513021 0.0691359 0.7513021 0.04502886 0.7513021 0.04502886 0.7305831 0.0691359 0.7305831 0.04502886 0.7305831 0.04502886 0.7126397 0.09824669 0.7126397 0.1223537 0.7126397 0.1223537 0.730583 0.1223537 0.730583 0.1223537 0.7513021 0.09824669 0.7513021 0.1908077 0.680278 0.1857289 0.6776351 0.185729 0.6650579 0.1806502 0.6495676 0.1857289 0.650535 0.1857289 0.6650578 0.1676196 0.6657481 0.1593906 0.6514955 0.1652119 0.6456741 0.02887374 0.6657482 0.02092182 0.6636175 0.03128135 0.6456742 0.1676196 0.6657481 0.1755715 0.6636175 0.1755715 0.6843366 0.02887374 0.6657482 0.02887386 0.6822061 0.02092182 0.6843367 0.1593908 0.6964587 0.1676194 0.682206 0.1755715 0.6843366 0.03710252 0.6964588 0.03128141 0.7022801 0.02092182 0.6843367 0.1451379 0.7046877 0.1593908 0.6964587 0.1652119 0.7022801 0.05135542 0.7046877 0.04922467 0.7126396 0.03128141 0.7022801 0.1451379 0.7046877 0.1472687 0.7126396 0.1265497 0.7126395 0.05135542 0.7046877 0.06781303 0.7046877 0.06994366 0.7126395 0.1144275 0.6964589 0.1286803 0.7046876 0.1265497 0.7126395 0.08206588 0.6964589 0.08788722 0.7022803 0.06994366 0.7126395 0.1144275 0.6964589 0.1086061 0.7022802 0.09824669 0.6843367 0.08206588 0.6964589 0.09029477 0.6822061 0.09824663 0.6843367 0.1061985 0.6657484 0.1061986 0.682206 0.09824669 0.6843367 0.09029483 0.6657484 0.09824663 0.6636176 0.09824663 0.6843367 0.1144273 0.6514956 0.1061985 0.6657484 0.09824663 0.6636176 0.08206599 0.6514956 0.08788716 0.6456744 0.09824663 0.6636176 0.1286801 0.6432667 0.1144273 0.6514956 0.1086062 0.6456743 0.06781315 0.6432667 0.06994384 0.6353147 0.08788716 0.6456744 0.1451379 0.6432666 0.1286801 0.6432667 0.1265494 0.6353147 0.05135542 0.6432666 0.04922473 0.6353147 0.06994384 0.6353147 0.1451379 0.6432666 0.1472686 0.6353147 0.1652119 0.6456741 0.05135542 0.6432666 0.03710269 0.6514955 0.03128135 0.6456742 0.0731123 0.7692455 0.0731123 0.7755237 0.06934988 0.7762851 0.09324294 0.7459732 0.09324294 0.7387239 0.09700536 0.7394853 0.1806502 0.6495678 0.1755715 0.6505351 0.1755715 0.6379578 0.1867116 0.7268926 0.1867116 0.7433503 0.1816329 0.7423828 0.1867116 0.7433502 0.1867116 0.7268925 0.1917903 0.7278598 0.1765542 0.7268928 0.1765542 0.7126396 0.1816329 0.7152827 0.1806502 0.6495676 0.1806502 0.6353147 0.1857289 0.6379579 0.1908077 0.6660252 0.185729 0.6650579 0.185729 0.6505348 0.1806502 0.6660253 0.1755715 0.665058 0.1755715 0.6505351 0.1867116 0.7268926 0.1816329 0.72786 0.1816329 0.7152829 0.1867116 0.7126397 0.1917903 0.7152825 0.1917903 0.7278598 0.1765542 0.7433503 0.1765542 0.7268928 0.1816329 0.7278601 0.1867116 0.7576032 0.1867116 0.771856 0.1816329 0.7728233 0.1908077 0.6353147 0.1908077 0.6495675 0.185729 0.6505348 0.1806502 0.6802782 0.1755715 0.6776352 0.1755715 0.665058 0.1765542 0.7576032 0.1816328 0.760246 0.1816328 0.7728233 0.1806502 0.6660253 0.1857289 0.6650578 0.1857289 0.6776351 0.1765542 0.7433503 0.1816329 0.742383 0.1816329 0.7549602 0.1867116 0.7883136 0.1816329 0.7873463 0.1816329 0.7728233 0.1867116 0.8025665 0.1816329 0.7999237 0.1816329 0.7873463 0.1867116 0.7433503 0.1867116 0.7576031 0.1816329 0.7549602 0.1867116 0.757603 0.1867116 0.7433502 0.1917903 0.7423829 0.1765542 0.7883136 0.1765542 0.771856 0.1816328 0.7728233 0.1765542 0.8025665 0.1765542 0.7883136 0.1816329 0.7873463 0.1629815 0.7361152 0.1593568 0.7298371 0.1692925 0.7199013 0.1359263 0.7903157 0.1223537 0.786679 0.1296152 0.7741018 0.1629815 0.7433647 0.1629815 0.7361152 0.1765541 0.7324785 0.1359264 0.7975652 0.1223537 0.8012021 0.1223537 0.786679 0.1593567 0.7496429 0.1629815 0.7433647 0.1765541 0.7470016 0.1395511 0.8038434 0.1296151 0.8137794 0.1223537 0.8012021 0.1593567 0.7496429 0.1692928 0.7595788 0.1567155 0.7668403 0.1395511 0.8038434 0.1458293 0.8074682 0.1421923 0.8210408 0.1530785 0.7532677 0.1567155 0.7668403 0.1421926 0.7668403 0.1458293 0.8074682 0.1530786 0.8074681 0.1567153 0.8210408 0.1395511 0.7496429 0.1458293 0.7532676 0.1421926 0.7668403 0.1593567 0.8038434 0.1692927 0.8137794 0.1567153 0.8210408 0.1395511 0.7496429 0.1296151 0.759579 0.1223537 0.7470017 0.1593567 0.8038434 0.1629814 0.7975652 0.1765542 0.8012021 0.1359263 0.7361155 0.1359264 0.7433648 0.1223537 0.7470017 0.1629816 0.7903159 0.1765542 0.786679 0.1765542 0.8012021 0.139551 0.7298373 0.1359263 0.7361155 0.1223537 0.7324786 0.1593568 0.7840377 0.1692928 0.7741019 0.1765542 0.786679 0.139551 0.7298373 0.129615 0.7199015 0.1421921 0.7126399 0.1593568 0.7840377 0.1530786 0.780413 0.1567156 0.7668404 0.1530787 0.7262124 0.1458292 0.7262126 0.1421921 0.7126399 0.1458291 0.7804129 0.1421924 0.7668402 0.1567156 0.7668404 0.1530787 0.7262124 0.1567153 0.7126398 0.1692925 0.7199013 0.1458291 0.7804129 0.1395509 0.7840376 0.1296152 0.7741018 0.09762835 0.715052 0.09700536 0.715052 0.09700536 0.7126397 0.09762835 0.72786 0.09762835 0.7302724 0.09700536 0.7302724 0.0691359 0.7692455 0.0691359 0.7755237 0.06537348 0.7762851 0.09700536 0.7261673 0.09700536 0.7324457 0.09324294 0.7303653 0.06161099 0.7692456 0.06537348 0.7713257 0.06537348 0.7762851 0.05784857 0.7827731 0.06161099 0.7820115 0.06161099 0.7869708 0.09324294 0.7459732 0.09700536 0.745212 0.09700536 0.7501713 0.0731123 0.782773 0.06934988 0.7820116 0.06934988 0.7762851 0.0731123 0.7890511 0.06934988 0.7869709 0.06934988 0.7820116 0.05784851 0.7827731 0.05784851 0.7890511 0.05408608 0.7869708 0.0731123 0.7890511 0.0731123 0.782773 0.07687479 0.7820116 0.06161099 0.7827731 0.06161099 0.7755237 0.06537348 0.7762851 0.06161099 0.7890512 0.06161099 0.7827731 0.06537342 0.7820116 0.05784857 0.7755236 0.06161099 0.7762849 0.06161099 0.7820115 0.0691359 0.7890512 0.06537348 0.786971 0.06537348 0.7820117 0.09700536 0.718918 0.09324294 0.7196794 0.09324294 0.7147199 0.05784851 0.7755236 0.05784851 0.7827731 0.05408608 0.7820115 0.0731123 0.7755236 0.07687479 0.776285 0.07687479 0.7820116 0.09324294 0.7387239 0.09324294 0.7324457 0.09700536 0.7345259 0.05784857 0.7692455 0.06161099 0.7713255 0.06161099 0.7762849 0.0691359 0.7755237 0.0691359 0.7827731 0.06537348 0.7820117 0.09700536 0.7261673 0.09324294 0.7254061 0.09324294 0.7196794 0.05784851 0.7692455 0.05784851 0.7755236 0.05408608 0.7762849 0.0731123 0.7692455 0.07687479 0.7713257 0.07687479 0.776285 0.1371019 0.6917609 0.1351891 0.6917609 0.135189 0.6561897 0.1351891 0.6917609 0.1313639 0.6917609 0.1313636 0.6561898 0.1313636 0.6561898 0.1313639 0.6917609 0.1294512 0.6917609 0.1447527 0.6917609 0.1428401 0.6917609 0.1428401 0.6561897 0.1513784 0.6581025 0.1513784 0.6619277 0.1480655 0.6638405 0.1480655 0.6638405 0.1447527 0.6619278 0.1513784 0.6581025 0.1447527 0.6619278 0.1447527 0.6581023 0.1513784 0.6581025 0.1428401 0.6917609 0.1390147 0.6917609 0.1390147 0.6561897 0.1390147 0.6917609 0.1371019 0.6917609 0.1371019 0.6561897 0.1513784 0.6695784 0.1480655 0.6714913 0.1447527 0.6695784 0.1447527 0.6695784 0.1447527 0.6657531 0.1480655 0.6638405 0.1480655 0.6638405 0.1513784 0.665753 0.1513784 0.6695784 0.09275847 0.7785387 0.09824651 0.7770681 0.09824663 0.7827946 0.1075399 0.7851291 0.1103254 0.7851291 0.1117959 0.7906174 0.09275841 0.7813242 0.09824663 0.7827946 0.09538328 0.787754 0.1103254 0.7851291 0.1127377 0.7837364 0.1167553 0.7877539 0.09136575 0.7837365 0.09538328 0.787754 0.09042388 0.7906174 0.1127377 0.7837364 0.1141306 0.781324 0.1196186 0.7827945 0.08895331 0.7851293 0.09042388 0.7906174 0.08469736 0.7906174 0.1141306 0.781324 0.1141305 0.7785386 0.1196186 0.7770681 0.08375543 0.7837366 0.08616793 0.7851293 0.08469736 0.7906174 0.1127378 0.7761261 0.1167553 0.7721086 0.1196186 0.7770681 0.08375543 0.7837366 0.07973802 0.7877541 0.07687473 0.7827947 0.1127378 0.7761261 0.1103254 0.7747336 0.1117959 0.7692455 0.08236283 0.7785387 0.08236283 0.7813242 0.07687473 0.7827947 0.1075398 0.7747335 0.1060693 0.7692455 0.1117959 0.7692455 0.08375555 0.7761263 0.08236283 0.7785387 0.07687473 0.7770681 0.1051276 0.7761263 0.10111 0.7721086 0.1060693 0.7692455 0.08616775 0.7747336 0.08375555 0.7761263 0.0797379 0.7721088 0.1037348 0.7785385 0.09824669 0.777068 0.10111 0.7721086 0.08895337 0.7747336 0.08616775 0.7747336 0.0846973 0.7692455 0.1037348 0.7813241 0.09824669 0.7827946 0.09824669 0.777068 0.09136575 0.7761263 0.08895337 0.7747336 0.09042388 0.7692455 0.1051276 0.7837365 0.10111 0.7877541 0.09824669 0.7827946 0.09136575 0.7761263 0.0953834 0.7721087 0.09824651 0.7770681 0.1051276 0.7837365 0.1075399 0.7851291 0.1060694 0.7906172 0.02992469 0.7706384 0.03131747 0.7730506 0.03131741 0.7758361 0.03131741 0.7758361 0.0299248 0.7782485 0.02751237 0.7796413 0.02751237 0.7796413 0.02472698 0.7796413 0.02231448 0.7782486 0.02231448 0.7782486 0.02092182 0.7758363 0.02751237 0.7796413 0.02092182 0.7758363 0.02092176 0.7730507 0.02751237 0.7796413 0.02092176 0.7730507 0.02231454 0.7706384 0.02992469 0.7706384 0.02231454 0.7706384 0.02472674 0.7692457 0.02992469 0.7706384 0.02472674 0.7692457 0.02751231 0.7692456 0.02992469 0.7706384 0.02992469 0.7706384 0.03131741 0.7758361 0.02092176 0.7730507 0.03271019 0.7782485 0.03131753 0.7758361 0.03512263 0.7692456 0.03131753 0.7758361 0.03131753 0.7730506 0.03512263 0.7692456 0.03131753 0.7730506 0.03271025 0.7706383 0.03512263 0.7692456 0.03512263 0.7692456 0.03790825 0.7692456 0.04032045 0.7706384 0.04032045 0.7706384 0.04171317 0.7730507 0.04171311 0.7758362 0.04171311 0.7758362 0.04032045 0.7782486 0.03790795 0.7796413 0.03790795 0.7796413 0.03512257 0.7796413 0.03271019 0.7782485 0.03512263 0.7692456 0.04032045 0.7706384 0.04171311 0.7758362 0.04171311 0.7758362 0.03790795 0.7796413 0.03271019 0.7782485 0.09762835 0.7430803 0.09700536 0.7430803 0.09700536 0.7406681 0.09638243 0.7546639 0.09638243 0.7522515 0.09700536 0.7522515 0.09700536 0.7583006 0.09700536 0.7558882 0.09762835 0.7558882 0.09700536 0.7482782 0.09762835 0.7482782 0.09762835 0.7506904 0.09762835 0.7330579 0.09700536 0.7330579 0.09700536 0.7302724 0.09762835 0.7354702 0.09700536 0.7354702 0.09700536 0.7330579 0.09386587 0.7574493 0.09386587 0.7598617 0.09324294 0.7598617 0.09700536 0.7254477 0.09762835 0.7254477 0.09762835 0.72786 0.09638243 0.7546639 0.09700536 0.7546639 0.09700536 0.7574493 0.09638243 0.7574493 0.09700536 0.7574493 0.09700536 0.7598617 0.09700536 0.7558882 0.09700536 0.7531028 0.09762835 0.7531028 0.09762835 0.7202499 0.09700536 0.7202499 0.09700536 0.7178375 0.09762835 0.7378824 0.09700536 0.7378824 0.09700536 0.7354702 0.09386587 0.7546639 0.09386587 0.7574493 0.09324294 0.7574493 0.09700536 0.7226622 0.09762835 0.7226622 0.09762835 0.7254477 0.09700536 0.7430803 0.09762835 0.7430803 0.09762835 0.7454926 0.09700536 0.7531028 0.09700536 0.7506904 0.09762835 0.7506904 0.09762835 0.7178375 0.09700536 0.7178375 0.09700536 0.715052 0.09762835 0.7406681 0.09700536 0.7406681 0.09700536 0.7378824 0.09386587 0.7522515 0.09386587 0.7546639 0.09324294 0.7546639 0.09700536 0.7202499 0.09762835 0.7202499 0.09762835 0.7226622 0.09700536 0.7454926 0.09762835 0.7454926 0.09762835 0.7482782</float_array>
          <technique_common>
            <accessor source="#Cylinder_003-mesh-map-0-array" count="1056" stride="2">
              <param name="S" type="float"/>
              <param name="T" type="float"/>
            </accessor>
          </technique_common>
        </source>
        <vertices id="Cylinder_003-mesh-vertices">
          <input semantic="POSITION" source="#Cylinder_003-mesh-positions"/>
        </vertices>
        <triangles material="Beware-material" count="352">
          <input semantic="VERTEX" source="#Cylinder_003-mesh-vertices" offset="0"/>
          <input semantic="NORMAL" source="#Cylinder_003-mesh-normals" offset="1"/>
          <input semantic="TEXCOORD" source="#Cylinder_003-mesh-map-0" offset="2" set="0"/>
          <p>27 0 0 25 1 1 24 2 2 26 3 3 28 4 4 25 1 5 29 5 6 30 6 7 28 7 8 31 8 9 32 9 10 30 10 11 33 11 12 34 12 13 32 13 14 35 14 15 36 15 16 34 12 17 36 16 18 39 17 19 38 18 20 38 18 21 41 19 22 40 20 23 40 20 24 43 21 25 42 22 26 42 22 27 45 23 28 44 24 29 44 24 30 47 25 31 46 26 32 47 25 33 24 2 34 46 26 35 9 27 36 83 28 37 11 29 38 18 30 39 88 31 40 16 32 41 1 33 42 24 34 43 25 35 44 2 36 45 27 37 46 3 38 47 1 33 48 28 39 49 4 40 50 2 36 51 29 41 52 26 42 53 6 43 54 28 39 55 30 44 56 7 45 57 29 41 58 5 46 59 8 47 60 30 44 61 32 48 62 9 49 63 31 50 64 7 45 65 8 47 66 34 51 67 10 52 68 9 49 69 35 53 70 33 54 71 12 55 72 34 51 73 36 56 74 13 57 75 35 53 76 11 58 77 12 55 78 38 59 79 14 60 80 13 57 81 39 61 82 37 62 83 16 63 84 38 59 85 40 64 86 17 65 87 39 61 88 15 66 89 18 67 90 40 64 91 42 68 92 19 69 93 41 70 94 17 65 95 20 71 96 42 68 97 44 72 98 21 73 99 43 74 100 19 69 101 22 75 102 44 72 103 46 76 104 23 77 105 45 78 106 21 73 107 22 75 108 24 34 109 0 79 110 23 77 111 27 37 112 47 80 113 68 81 114 154 82 115 152 83 116 55 84 117 137 85 118 139 86 119 4 87 120 73 88 121 1 89 122 19 90 123 89 91 124 91 92 125 10 93 126 84 94 127 82 95 128 5 96 129 74 97 130 77 98 131 18 30 132 92 99 133 90 100 134 11 29 135 85 101 136 13 102 137 6 103 138 76 104 139 4 87 140 19 90 141 93 105 142 21 106 143 14 107 144 84 94 145 12 108 146 7 109 147 77 98 148 79 110 149 20 111 150 94 112 151 92 99 152 15 113 153 85 101 154 87 114 155 8 115 156 78 116 157 6 103 158 21 106 159 95 117 160 23 118 161 16 32 162 86 119 163 14 107 164 7 109 165 81 120 166 9 27 167 0 121 168 94 112 169 22 122 170 1 89 171 72 123 172 0 121 173 17 124 174 87 114 175 89 91 176 8 115 177 82 95 178 80 125 179 3 126 180 95 117 181 75 127 182 2 128 183 75 127 184 74 97 185 49 129 186 72 130 187 73 131 188 50 132 189 75 133 190 51 134 191 52 135 192 73 131 193 76 136 194 53 137 195 74 138 196 50 132 197 54 139 198 76 136 199 78 140 200 55 141 201 77 142 202 53 137 203 54 139 204 80 143 205 56 144 206 55 141 207 81 145 208 79 146 209 56 144 210 82 147 211 58 148 212 57 149 213 83 150 214 81 145 215 60 151 216 82 147 217 84 152 218 61 153 219 83 150 220 59 154 221 60 151 222 86 155 223 62 156 224 61 153 225 87 157 226 85 158 227 64 159 228 86 155 229 88 160 230 65 161 231 87 157 232 63 162 233 66 163 234 88 160 235 90 164 236 67 165 237 89 166 238 65 161 239 66 163 240 92 167 241 68 168 242 67 165 243 93 169 244 91 170 245 70 171 246 92 167 247 94 172 248 71 173 249 93 169 250 69 174 251 70 171 252 72 130 253 48 175 254 71 173 255 75 133 256 95 176 257 109 177 258 171 178 259 111 179 260 116 180 261 178 181 262 176 182 263 63 183 264 145 184 265 147 185 266 54 186 267 140 187 268 138 188 269 69 189 270 155 190 271 71 191 272 64 192 273 146 193 274 62 194 275 55 84 276 141 195 277 57 196 278 48 197 279 154 82 280 70 198 281 49 199 282 132 200 283 48 197 284 65 201 285 147 185 286 149 202 287 56 203 288 142 204 289 140 187 290 51 205 291 155 190 292 135 206 293 50 207 294 135 206 295 134 208 296 66 209 297 148 210 298 64 192 299 57 196 300 143 211 301 59 212 302 52 213 303 133 214 304 49 199 305 67 215 306 149 202 307 151 216 308 60 217 309 142 204 310 58 218 311 53 219 312 134 208 313 137 85 314 68 81 315 150 220 316 66 209 317 61 221 318 143 211 319 145 184 320 54 186 321 136 222 322 52 213 323 69 189 324 151 216 325 153 223 326 62 194 327 144 224 328 60 217 329 121 225 330 122 226 331 120 227 332 123 228 333 124 229 334 122 230 335 124 231 336 127 232 337 126 233 338 127 234 339 128 235 340 126 236 341 129 237 342 127 238 343 125 239 344 129 240 345 130 241 346 128 242 347 131 243 348 120 244 349 130 245 350 122 246 351 126 247 352 130 248 353 96 249 354 133 250 355 97 251 356 99 252 357 134 253 358 135 254 359 97 251 360 136 255 361 100 256 362 98 257 363 137 258 364 134 253 365 100 256 366 138 259 367 102 260 368 101 261 369 139 262 370 137 258 371 102 260 372 140 263 373 104 264 374 103 265 375 141 266 376 139 262 377 106 267 378 140 263 379 142 268 380 107 269 381 141 266 382 105 270 383 106 267 384 144 271 385 108 272 386 107 269 387 145 273 388 143 274 389 110 275 390 144 271 391 146 276 392 111 277 393 145 273 394 109 278 395 112 279 396 146 276 397 148 280 398 113 281 399 147 282 400 111 277 401 114 283 402 148 280 403 150 284 404 115 285 405 149 286 406 113 281 407 116 287 408 150 284 409 152 288 410 117 289 411 151 290 412 115 285 413 118 291 414 152 288 415 154 292 416 119 293 417 153 294 418 117 289 419 118 291 420 132 295 421 96 249 422 119 293 423 135 254 424 155 296 425 157 297 426 162 298 427 170 299 428 177 300 429 169 301 430 161 302 431 104 303 432 162 304 433 102 305 434 119 306 435 177 307 436 179 308 437 110 309 438 172 310 439 170 311 440 103 312 441 165 313 442 105 314 443 96 315 444 178 181 445 118 316 446 97 317 447 156 318 448 96 318 449 113 319 450 171 320 451 173 321 452 106 322 453 164 323 454 104 303 455 119 306 456 159 324 457 99 325 458 99 326 459 158 327 460 98 328 461 112 329 462 174 330 463 172 310 464 105 314 465 167 331 466 107 332 467 100 333 468 157 334 469 97 317 470 115 335 471 173 321 472 175 336 473 108 337 474 166 338 475 106 339 476 98 328 477 161 340 478 101 341 479 114 342 480 176 182 481 174 343 482 107 344 483 169 345 484 109 177 485 102 346 486 160 347 487 100 348 488 117 349 489 175 350 490 177 307 491 110 351 492 168 352 493 108 337 494 101 353 495 163 354 496 103 355 497 27 0 498 26 3 499 25 1 500 26 3 501 29 356 502 28 4 503 29 5 504 31 357 505 30 6 506 31 8 507 33 358 508 32 9 509 33 11 510 35 14 511 34 12 512 35 14 513 37 359 514 36 15 515 36 16 516 37 360 517 39 17 518 38 18 519 39 17 520 41 19 521 40 20 522 41 19 523 43 21 524 42 22 525 43 21 526 45 23 527 44 24 528 45 23 529 47 25 530 47 25 531 27 0 532 24 2 533 9 27 534 81 120 535 83 28 536 18 30 537 90 100 538 88 31 539 1 33 540 0 79 541 24 34 542 2 36 543 26 42 544 27 37 545 1 33 546 25 35 547 28 39 548 2 36 549 5 46 550 29 41 551 6 43 552 4 40 553 28 39 554 7 45 555 31 50 556 29 41 557 8 47 558 6 43 559 30 44 560 9 49 561 33 54 562 31 50 563 8 47 564 32 48 565 34 51 566 9 49 567 11 58 568 35 53 569 12 55 570 10 52 571 34 51 572 13 57 573 37 62 574 35 53 575 12 55 576 36 56 577 38 59 578 13 57 579 15 66 580 39 61 581 16 63 582 14 60 583 38 59 584 17 65 585 41 70 586 39 61 587 18 67 588 16 63 589 40 64 590 19 69 591 43 74 592 41 70 593 20 71 594 18 67 595 42 68 596 21 73 597 45 78 598 43 74 599 22 75 600 20 71 601 44 72 602 23 77 603 47 80 604 45 78 605 22 75 606 46 76 607 24 34 608 23 77 609 3 38 610 27 37 611 68 81 612 70 198 613 154 82 614 55 84 615 53 219 616 137 85 617 4 87 618 76 104 619 73 88 620 19 90 621 17 124 622 89 91 623 10 93 624 12 108 625 84 94 626 5 96 627 2 128 628 74 97 629 18 30 630 20 111 631 92 99 632 11 29 633 83 28 634 85 101 635 6 103 636 78 116 637 76 104 638 19 90 639 91 92 640 93 105 641 14 107 642 86 119 643 84 94 644 7 109 645 5 96 646 77 98 647 20 111 648 22 122 649 94 112 650 15 113 651 13 102 652 85 101 653 8 115 654 80 125 655 78 116 656 21 106 657 93 105 658 95 117 659 16 32 660 88 31 661 86 119 662 7 109 663 79 110 664 81 120 665 0 121 666 72 123 667 94 112 668 1 89 669 73 88 670 72 123 671 17 124 672 15 113 673 87 114 674 8 115 675 10 93 676 82 95 677 3 126 678 23 118 679 95 117 680 2 128 681 3 126 682 75 127 683 49 129 684 48 175 685 72 130 686 50 132 687 74 138 688 75 133 689 52 135 690 49 129 691 73 131 692 53 137 693 77 142 694 74 138 695 54 139 696 52 135 697 76 136 698 55 141 699 79 146 700 77 142 701 54 139 702 78 140 703 80 143 704 55 141 705 57 149 706 81 145 707 56 144 708 80 143 709 82 147 710 57 149 711 59 154 712 83 150 713 60 151 714 58 148 715 82 147 716 61 153 717 85 158 718 83 150 719 60 151 720 84 152 721 86 155 722 61 153 723 63 162 724 87 157 725 64 159 726 62 156 727 86 155 728 65 161 729 89 166 730 87 157 731 66 163 732 64 159 733 88 160 734 67 165 735 91 170 736 89 166 737 66 163 738 90 164 739 92 167 740 67 165 741 69 174 742 93 169 743 70 171 744 68 168 745 92 167 746 71 173 747 95 176 748 93 169 749 70 171 750 94 172 751 72 130 752 71 173 753 51 134 754 75 133 755 109 177 756 169 345 757 171 178 758 116 180 759 118 316 760 178 181 761 63 183 762 61 221 763 145 184 764 54 186 765 56 203 766 140 187 767 69 189 768 153 223 769 155 190 770 64 192 771 148 210 772 146 193 773 55 84 774 139 86 775 141 195 776 48 197 777 132 200 778 154 82 779 49 199 780 133 214 781 132 200 782 65 201 783 63 183 784 147 185 785 56 203 786 58 218 787 142 204 788 51 205 789 71 191 790 155 190 791 50 207 792 51 205 793 135 206 794 66 209 795 150 220 796 148 210 797 57 196 798 141 195 799 143 211 800 52 213 801 136 222 802 133 214 803 67 215 804 65 201 805 149 202 806 60 217 807 144 224 808 142 204 809 53 219 810 50 207 811 134 208 812 68 81 813 152 83 814 150 220 815 61 221 816 59 212 817 143 211 818 54 186 819 138 188 820 136 222 821 69 189 822 67 215 823 151 216 824 62 194 825 146 193 826 144 224 827 121 225 828 123 361 829 122 226 830 123 228 831 125 362 832 124 229 833 124 231 834 125 363 835 127 232 836 127 234 837 129 364 838 128 235 839 125 239 840 123 365 841 121 366 842 121 366 843 131 367 844 125 239 845 131 367 846 129 237 847 125 239 848 129 240 849 131 368 850 130 241 851 131 243 852 121 369 853 120 244 854 130 248 855 120 370 856 122 246 857 122 246 858 124 371 859 126 247 860 126 247 861 128 372 862 130 248 863 96 249 864 132 295 865 133 250 866 99 252 867 98 257 868 134 253 869 97 251 870 133 250 871 136 255 872 98 257 873 101 261 874 137 258 875 100 256 876 136 255 877 138 259 878 101 261 879 103 265 880 139 262 881 102 260 882 138 259 883 140 263 884 103 265 885 105 270 886 141 266 887 106 267 888 104 264 889 140 263 890 107 269 891 143 274 892 141 266 893 106 267 894 142 268 895 144 271 896 107 269 897 109 278 898 145 273 899 110 275 900 108 272 901 144 271 902 111 277 903 147 282 904 145 273 905 112 279 906 110 275 907 146 276 908 113 281 909 149 286 910 147 282 911 114 283 912 112 279 913 148 280 914 115 285 915 151 290 916 149 286 917 116 287 918 114 283 919 150 284 920 117 289 921 153 294 922 151 290 923 118 291 924 116 287 925 152 288 926 119 293 927 155 296 928 153 294 929 118 291 930 154 292 931 132 295 932 119 293 933 99 252 934 135 254 935 178 373 936 156 374 937 157 297 938 157 297 939 160 375 940 162 298 941 162 298 942 164 376 943 166 377 944 166 377 945 168 378 946 162 298 947 168 378 948 170 299 949 162 298 950 170 299 951 172 379 952 178 373 953 172 379 954 174 380 955 178 373 956 174 380 957 176 381 958 178 373 959 178 373 960 157 297 961 170 299 962 161 302 963 158 382 964 177 300 965 158 382 966 159 383 967 177 300 968 159 383 969 179 384 970 177 300 971 177 300 972 175 385 973 173 386 974 173 386 975 171 387 976 169 301 977 169 301 978 167 388 979 165 389 980 165 389 981 163 390 982 161 302 983 177 300 984 173 386 985 169 301 986 169 301 987 165 389 988 161 302 989 104 303 990 164 323 991 162 304 992 119 306 993 117 349 994 177 307 995 110 309 996 112 329 997 172 310 998 103 312 999 163 391 1000 165 313 1001 96 315 1002 156 392 1003 178 181 1004 97 317 1005 157 334 1006 156 318 1007 113 319 1008 111 393 1009 171 320 1010 106 322 1011 166 394 1012 164 323 1013 119 306 1014 179 308 1015 159 324 1016 99 326 1017 159 395 1018 158 327 1019 112 329 1020 114 396 1021 174 330 1022 105 314 1023 165 313 1024 167 331 1025 100 333 1026 160 397 1027 157 334 1028 115 335 1029 113 319 1030 173 321 1031 108 337 1032 168 352 1033 166 338 1034 98 328 1035 158 327 1036 161 340 1037 114 342 1038 116 180 1039 176 182 1040 107 344 1041 167 339 1042 169 345 1043 102 346 1044 162 398 1045 160 347 1046 117 349 1047 115 399 1048 175 350 1049 110 351 1050 170 400 1051 168 352 1052 101 353 1053 161 401 1054 163 354 1055</p>
        </triangles>
      </mesh>
    </geometry>
    <geometry id="Cylinder_002-mesh" name="Cylinder.002">
      <mesh>
        <source id="Cylinder_002-mesh-positions">
          <float_array id="Cylinder_002-mesh-positions-array" count="144">0.04390472 2.097419 0.2327205 -0.04390788 2.097419 0.2327204 0.04390472 2.122419 0.1509388 -0.04390788 2.122419 0.1509388 0.04390466 2.18496 0.09261363 -0.04390794 2.18496 0.09261357 0.04390466 2.268284 0.07337296 -0.04390794 2.268284 0.07337296 0.0439046 2.350066 0.09837251 -0.04390799 2.350066 0.09837245 0.0439046 2.408391 0.1609134 -0.04390799 2.408391 0.1609134 0.0439046 2.427632 0.2442383 -0.04390799 2.427632 0.2442382 0.0439046 2.402633 0.32602 -0.04390799 2.402633 0.32602 0.0439046 2.340092 0.3843452 -0.04390799 2.340092 0.3843452 0.04390466 2.256766 0.4035859 -0.04390794 2.256766 0.4035859 0.04390466 2.174985 0.3785863 -0.04390794 2.174985 0.3785863 0.04390472 2.11666 0.3160453 -0.04390788 2.11666 0.3160453 0.04390478 2.003328 0.2294386 0.04390472 2.042575 0.101051 -0.04390788 2.042575 0.101051 -0.04390782 2.003328 0.2294386 0.04390472 2.140757 0.009487211 -0.04390788 2.140757 0.009487092 0.04390466 2.271566 -0.02071839 -0.04390794 2.271566 -0.02071851 0.0439046 2.399955 0.01852792 -0.04390799 2.399955 0.0185278 0.04390454 2.491518 0.11671 -0.04390805 2.491518 0.11671 0.04390454 2.521723 0.2475202 -0.04390805 2.521723 0.2475201 0.04390454 2.482478 0.3759078 -0.04390805 2.482478 0.3759078 0.0439046 2.384295 0.4674717 -0.04390799 2.384295 0.4674717 0.04390466 2.253485 0.4976772 -0.04390794 2.253485 0.4976772 0.04390472 2.125097 0.4584309 -0.04390788 2.125097 0.4584309 0.04390472 2.033534 0.3602488 -0.04390788 2.033534 0.3602488</float_array>
          <technique_common>
            <accessor source="#Cylinder_002-mesh-positions-array" count="48" stride="3">
              <param name="X" type="float"/>
              <param name="Y" type="float"/>
              <param name="Z" type="float"/>
            </accessor>
          </technique_common>
        </source>
        <source id="Cylinder_002-mesh-normals">
          <float_array id="Cylinder_002-mesh-normals-array" count="144">-0.6532251 -0.7567036 -0.02639472 0.6532278 -0.6421245 -0.4012103 0.6532254 -0.7567034 -0.02639335 -0.6532274 -0.6421247 -0.4012108 0.6532272 -0.3554946 -0.6685192 -0.6532261 -0.3554953 -0.6685199 0.6532273 0.02639222 -0.7567018 -0.6532261 0.4012083 -0.6421274 0.6532268 0.4012082 -0.6421267 -0.653226 0.6685218 -0.3554917 0.6532258 0.6685224 -0.355491 -0.6532286 0.7567008 0.02639347 0.653228 0.7567011 0.02639496 -0.653226 0.6421285 0.4012067 0.6532257 0.6421285 0.4012072 -0.6532268 0.3554928 0.6685205 0.6532267 0.3554933 0.6685204 -0.6532273 -0.0263946 0.7567018 0.6532265 -0.02639389 0.7567025 -0.6532266 -0.4012104 0.6421256 0.6532266 -0.4012097 0.642126 -0.7702616 0.5630675 -0.2994195 0.7702612 0.3379232 -0.5408378 0.7702615 0.5630683 -0.2994185 -0.6532276 -0.668519 0.355494 0.6532279 -0.6685184 0.3554948 0.770263 0.6373389 0.02223128 -0.7702633 0.6373386 0.02223086 0.7702603 0.5408387 0.3379238 0.7702618 0.2994198 0.563067 -0.7702623 0.2994189 0.5630669 -0.7702608 0.5408382 0.337924 0.7702621 -0.02222943 0.6373401 -0.770262 -0.02223008 0.6373401 0.7702623 -0.3379225 0.540837 -0.7702624 -0.3379229 0.5408363 -0.6532263 0.02639198 -0.7567026 0.7702607 -0.5630684 0.2994205 -0.7702603 -0.5630688 0.2994207 0.770263 -0.6373388 -0.02222895 0.7702615 -0.5408374 -0.3379232 -0.7702616 -0.5408374 -0.337923 -0.7702628 -0.6373392 -0.02222752 0.7702624 -0.2994182 -0.5630673 0.770262 0.02223223 -0.6373401 -0.770262 -0.2994184 -0.5630677 -0.770262 0.02223128 -0.63734 -0.7702614 0.3379225 -0.5408382</float_array>
          <technique_common>
            <accessor source="#Cylinder_002-mesh-normals-array" count="48" stride="3">
              <param name="X" type="float"/>
              <param name="Y" type="float"/>
              <param name="Z" type="float"/>
            </accessor>
          </technique_common>
        </source>
        <source id="Cylinder_002-mesh-map-0">
          <float_array id="Cylinder_002-mesh-map-0-array" count="576">0.06429439 0.9387455 0.0492888 0.9616868 0.0492888 0.9387455 0.06429439 0.9616868 0.04928886 0.9815544 0.0492888 0.9616868 0.01927775 0.9815545 0.03428322 0.961687 0.03428328 0.9815545 0.03428322 0.961687 0.01927763 0.9387454 0.03428316 0.9387454 0.03428316 0.9387454 0.01927757 0.9188778 0.0342831 0.9188778 0.0492888 0.9815545 0.03428328 0.9616867 0.0492888 0.9616867 0.0492888 0.9616867 0.03428328 0.9387456 0.0492888 0.9387456 0.0492888 0.9387456 0.03428328 0.9188779 0.0492888 0.9188779 0.06429445 0.918878 0.07929998 0.9387457 0.06429445 0.9387457 0.06429445 0.9387457 0.07929992 0.9616869 0.06429439 0.9616869 0.0793001 0.9588022 0.09430563 0.9461467 0.09430569 0.9588022 0.06429439 0.9616869 0.07929992 0.9815545 0.06429439 0.9815545 0.06429439 0.9188779 0.0492888 0.9387455 0.0492888 0.9188779 0.1093112 0.9188779 0.1243168 0.9315334 0.1093112 0.9315334 0.08204865 0.8561067 0.1048953 0.8645984 0.08935528 0.8687623 0.127742 0.8561067 0.1048954 0.8645984 0.1163659 0.8447306 0.08935534 0.8833755 0.1048953 0.8645984 0.1048954 0.8875395 0.1204354 0.8833756 0.1048954 0.8645984 0.1204354 0.8687623 0.08204871 0.896031 0.1048954 0.8875395 0.09342485 0.9074071 0.127742 0.896031 0.1048954 0.8875396 0.1204354 0.8833756 0.06939321 0.9033377 0.09342485 0.9074071 0.07355707 0.9188779 0.1403975 0.9033377 0.1163658 0.9074071 0.127742 0.896031 0.05477994 0.9033377 0.07355707 0.9188779 0.05061584 0.9188779 0.1550108 0.9033377 0.1362336 0.9188779 0.1403975 0.9033377 0.05477994 0.9033377 0.03074836 0.9074071 0.04212433 0.8960312 0.1550108 0.9033377 0.1790424 0.9074071 0.1591749 0.9188779 0.03481769 0.8833756 0.03074836 0.9074071 0.01927757 0.8875396 0.174973 0.8833756 0.1790424 0.9074071 0.1676664 0.8960312 0.03481769 0.8833756 0.01927757 0.8645984 0.03481763 0.8687623 0.174973 0.8833756 0.1905131 0.8645984 0.1905131 0.8875396 0.03481763 0.8687623 0.03074824 0.8447306 0.04212439 0.8561066 0.1749731 0.8687623 0.1790425 0.8447306 0.1905131 0.8645984 0.04212439 0.8561066 0.05061584 0.8332601 0.05477976 0.8488001 0.1676663 0.8561066 0.1591748 0.8332601 0.1790425 0.8447306 0.05477976 0.8488001 0.07355701 0.8332601 0.06939315 0.8488001 0.1550109 0.8488001 0.1362337 0.8332601 0.1591748 0.8332601 0.08204865 0.8561067 0.07355701 0.8332601 0.09342479 0.8447306 0.127742 0.8561067 0.1362337 0.8332601 0.1403976 0.8488001 0.0793001 0.9461467 0.09430563 0.9315335 0.09430563 0.9461467 0.07930004 0.9315335 0.09430557 0.9188779 0.09430563 0.9315335 0.1093112 0.9188779 0.09430569 0.9315334 0.09430569 0.9188779 0.1093112 0.9315334 0.09430569 0.9461467 0.09430569 0.9315334 0.1093112 0.9461467 0.09430569 0.9588022 0.09430569 0.9461467 0.1393224 0.9188779 0.1243168 0.9315334 0.1243168 0.9188779 0.1393224 0.9461467 0.1243168 0.9315334 0.1393224 0.9315334 0.1393223 0.9588022 0.1243168 0.9461467 0.1393224 0.9461467 0.1093112 0.9461467 0.1243168 0.9588022 0.1093112 0.9588022 0.1093112 0.9315334 0.1243168 0.9461467 0.1093112 0.9461467 0.06429439 0.9387455 0.06429439 0.9616868 0.0492888 0.9616868 0.06429439 0.9616868 0.06429439 0.9815545 0.04928886 0.9815544 0.01927775 0.9815545 0.01927769 0.961687 0.03428322 0.961687 0.03428322 0.961687 0.01927769 0.961687 0.01927763 0.9387454 0.03428316 0.9387454 0.01927763 0.9387454 0.01927757 0.9188778 0.0492888 0.9815545 0.03428328 0.9815545 0.03428328 0.9616867 0.0492888 0.9616867 0.03428328 0.9616867 0.03428328 0.9387456 0.0492888 0.9387456 0.03428328 0.9387456 0.03428328 0.9188779 0.06429445 0.918878 0.07929998 0.918878 0.07929998 0.9387457 0.06429445 0.9387457 0.07929998 0.9387457 0.07929992 0.9616869 0.0793001 0.9588022 0.0793001 0.9461467 0.09430563 0.9461467 0.06429439 0.9616869 0.07929992 0.9616869 0.07929992 0.9815545 0.06429439 0.9188779 0.06429439 0.9387455 0.0492888 0.9387455 0.1093112 0.9188779 0.1243168 0.9188779 0.1243168 0.9315334 0.08204865 0.8561067 0.09342479 0.8447306 0.1048953 0.8645984 0.127742 0.8561067 0.1204354 0.8687623 0.1048954 0.8645984 0.08935534 0.8833755 0.08935528 0.8687623 0.1048953 0.8645984 0.1204354 0.8833756 0.1048954 0.8875396 0.1048954 0.8645984 0.08204871 0.896031 0.08935534 0.8833755 0.1048954 0.8875395 0.127742 0.896031 0.1163658 0.9074071 0.1048954 0.8875396 0.06939321 0.9033377 0.08204871 0.896031 0.09342485 0.9074071 0.1403975 0.9033377 0.1362336 0.9188779 0.1163658 0.9074071 0.05477994 0.9033377 0.06939321 0.9033377 0.07355707 0.9188779 0.1550108 0.9033377 0.1591749 0.9188779 0.1362336 0.9188779 0.05477994 0.9033377 0.05061584 0.9188779 0.03074836 0.9074071 0.1550108 0.9033377 0.1676664 0.8960312 0.1790424 0.9074071 0.03481769 0.8833756 0.04212433 0.8960312 0.03074836 0.9074071 0.174973 0.8833756 0.1905131 0.8875396 0.1790424 0.9074071 0.03481769 0.8833756 0.01927757 0.8875396 0.01927757 0.8645984 0.174973 0.8833756 0.1749731 0.8687623 0.1905131 0.8645984 0.03481763 0.8687623 0.01927757 0.8645984 0.03074824 0.8447306 0.1749731 0.8687623 0.1676663 0.8561066 0.1790425 0.8447306 0.04212439 0.8561066 0.03074824 0.8447306 0.05061584 0.8332601 0.1676663 0.8561066 0.1550109 0.8488001 0.1591748 0.8332601 0.05477976 0.8488001 0.05061584 0.8332601 0.07355701 0.8332601 0.1550109 0.8488001 0.1403976 0.8488001 0.1362337 0.8332601 0.08204865 0.8561067 0.06939315 0.8488001 0.07355701 0.8332601 0.127742 0.8561067 0.1163659 0.8447306 0.1362337 0.8332601 0.0793001 0.9461467 0.07930004 0.9315335 0.09430563 0.9315335 0.07930004 0.9315335 0.07929998 0.9188779 0.09430557 0.9188779 0.1093112 0.9188779 0.1093112 0.9315334 0.09430569 0.9315334 0.1093112 0.9315334 0.1093112 0.9461467 0.09430569 0.9461467 0.1093112 0.9461467 0.1093112 0.9588022 0.09430569 0.9588022 0.1393224 0.9188779 0.1393224 0.9315334 0.1243168 0.9315334 0.1393224 0.9461467 0.1243168 0.9461467 0.1243168 0.9315334 0.1393223 0.9588022 0.1243168 0.9588022 0.1243168 0.9461467 0.1093112 0.9461467 0.1243168 0.9461467 0.1243168 0.9588022 0.1093112 0.9315334 0.1243168 0.9315334 0.1243168 0.9461467</float_array>
          <technique_common>
            <accessor source="#Cylinder_002-mesh-map-0-array" count="288" stride="2">
              <param name="S" type="float"/>
              <param name="T" type="float"/>
            </accessor>
          </technique_common>
        </source>
        <vertices id="Cylinder_002-mesh-vertices">
          <input semantic="POSITION" source="#Cylinder_002-mesh-positions"/>
        </vertices>
        <triangles material="Beware-material" count="96">
          <input semantic="VERTEX" source="#Cylinder_002-mesh-vertices" offset="0"/>
          <input semantic="NORMAL" source="#Cylinder_002-mesh-normals" offset="1"/>
          <input semantic="TEXCOORD" source="#Cylinder_002-mesh-map-0" offset="2" set="0"/>
          <p>27 0 0 25 1 1 24 2 2 26 3 3 28 4 4 25 1 5 29 5 6 30 6 7 28 4 8 30 6 9 33 7 10 32 8 11 32 8 12 35 9 13 34 10 14 34 10 15 37 11 16 36 12 17 36 12 18 39 13 19 38 14 20 38 14 21 41 15 22 40 16 23 40 16 24 43 17 25 42 18 26 42 18 27 45 19 28 44 20 29 23 21 30 20 22 31 22 23 32 44 20 33 47 24 34 46 25 35 47 24 36 24 2 37 46 25 38 23 21 39 0 26 40 1 27 41 0 26 42 25 1 43 2 28 44 1 27 45 26 3 46 27 0 47 4 29 48 25 1 49 28 4 50 5 30 51 26 3 52 3 31 53 6 32 54 28 4 55 30 6 56 7 33 57 29 5 58 5 30 59 8 34 60 30 6 61 32 8 62 9 35 63 31 36 64 7 33 65 10 37 66 32 8 67 34 10 68 11 38 69 33 7 70 9 35 71 10 37 72 36 12 73 12 39 74 11 38 75 37 11 76 35 9 77 14 40 78 36 12 79 38 14 80 15 41 81 37 11 82 13 42 83 14 40 84 40 16 85 16 43 86 15 41 87 41 15 88 39 13 89 16 43 90 42 18 91 18 44 92 17 45 93 43 17 94 41 15 95 18 44 96 44 20 97 20 22 98 19 46 99 45 19 100 43 17 101 20 22 102 46 25 103 22 23 104 21 47 105 47 24 106 45 19 107 0 26 108 46 25 109 24 2 110 1 27 111 47 24 112 23 21 113 21 47 114 18 44 115 20 22 116 19 46 117 16 43 118 18 44 119 17 45 120 14 40 121 16 43 122 15 41 123 12 39 124 14 40 125 13 42 126 10 37 127 12 39 128 11 38 129 8 34 130 10 37 131 7 33 132 8 34 133 9 35 134 5 30 135 6 32 136 7 33 137 3 31 138 4 29 139 5 30 140 1 27 141 2 28 142 3 31 143 27 0 144 26 3 145 25 1 146 26 3 147 29 5 148 28 4 149 29 5 150 31 36 151 30 6 152 30 6 153 31 36 154 33 7 155 32 8 156 33 7 157 35 9 158 34 10 159 35 9 160 37 11 161 36 12 162 37 11 163 39 13 164 38 14 165 39 13 166 41 15 167 40 16 168 41 15 169 43 17 170 42 18 171 43 17 172 45 19 173 23 21 174 21 47 175 20 22 176 44 20 177 45 19 178 47 24 179 47 24 180 27 0 181 24 2 182 23 21 183 22 23 184 0 26 185 0 26 186 24 2 187 25 1 188 1 27 189 3 31 190 26 3 191 4 29 192 2 28 193 25 1 194 5 30 195 29 5 196 26 3 197 6 32 198 4 29 199 28 4 200 7 33 201 31 36 202 29 5 203 8 34 204 6 32 205 30 6 206 9 35 207 33 7 208 31 36 209 10 37 210 8 34 211 32 8 212 11 38 213 35 9 214 33 7 215 10 37 216 34 10 217 36 12 218 11 38 219 13 42 220 37 11 221 14 40 222 12 39 223 36 12 224 15 41 225 39 13 226 37 11 227 14 40 228 38 14 229 40 16 230 15 41 231 17 45 232 41 15 233 16 43 234 40 16 235 42 18 236 17 45 237 19 46 238 43 17 239 18 44 240 42 18 241 44 20 242 19 46 243 21 47 244 45 19 245 20 22 246 44 20 247 46 25 248 21 47 249 23 21 250 47 24 251 0 26 252 22 23 253 46 25 254 1 27 255 27 0 256 47 24 257 21 47 258 19 46 259 18 44 260 19 46 261 17 45 262 16 43 263 17 45 264 15 41 265 14 40 266 15 41 267 13 42 268 12 39 269 13 42 270 11 38 271 10 37 272 11 38 273 9 35 274 8 34 275 7 33 276 6 32 277 8 34 278 5 30 279 4 29 280 6 32 281 3 31 282 2 28 283 4 29 284 1 27 285 0 26 286 2 28 287</p>
        </triangles>
      </mesh>
    </geometry>
    <geometry id="Cube_004-mesh" name="Cube.004">
      <mesh>
        <source id="Cube_004-mesh-positions">
          <float_array id="Cube_004-mesh-positions-array" count="168">0.09138524 2.252676 0.1943864 0.09138536 1.904967 0.5324727 0.09138524 2.215988 0.1567506 0.09138542 1.86881 0.4943261 -0.09138852 2.252676 0.1943864 -0.0913884 1.904967 0.5324727 -0.09138852 2.215988 0.1567506 -0.0913884 1.86881 0.4943261 -0.06479448 2.215988 0.1567506 0.0647912 2.215988 0.1567506 0.06479138 1.86881 0.4943261 -0.06479436 1.86881 0.4943261 0.0647912 2.252676 0.1943864 -0.06479448 2.252676 0.1943864 -0.06479436 1.904967 0.5324727 0.06479132 1.904967 0.5324727 0.0913853 2.052778 0.3946572 0.0913853 2.03463 0.4118601 0.09138536 1.922116 0.5162186 0.09138536 1.885958 0.4780719 0.09138536 1.998472 0.3737134 0.09138536 2.016621 0.3565106 -0.0913884 1.885958 0.4780719 -0.0913884 1.998472 0.3737134 -0.09138846 2.016621 0.3565106 -0.0913884 1.922116 0.5162186 -0.09138846 2.03463 0.4118601 -0.09138846 2.052778 0.3946572 -0.06479436 1.922116 0.5162186 -0.06479442 2.03463 0.4118601 -0.06479442 2.052778 0.3946572 0.06479132 1.922116 0.5162186 0.06479126 2.03463 0.4118601 0.06479126 2.052778 0.3946572 0.06479132 1.885958 0.4780719 0.06479132 1.998472 0.3737134 0.06479132 2.016621 0.3565106 -0.06479436 1.885958 0.4780719 -0.06479436 1.998472 0.3737134 -0.06479442 2.016621 0.3565106 -0.09138852 2.173954 0.1977256 -0.09138852 2.210643 0.2353615 -0.06479448 2.210643 0.2353615 -0.06479448 2.173954 0.1977256 0.0913853 2.173954 0.1977256 0.0647912 2.210643 0.2353615 0.06479126 2.173954 0.1977256 0.09138524 2.210643 0.2353615 -0.09138852 2.26006 0.2831723 -0.09138852 2.302093 0.2421973 -0.06479448 2.302093 0.2421973 0.09138524 2.302093 0.2421973 0.0647912 2.302093 0.2421973 -0.06479448 2.26006 0.2831723 0.0647912 2.26006 0.2831723 0.09138524 2.26006 0.2831724</float_array>
          <technique_common>
            <accessor source="#Cube_004-mesh-positions-array" count="56" stride="3">
              <param name="X" type="float"/>
              <param name="Y" type="float"/>
              <param name="Z" type="float"/>
            </accessor>
          </technique_common>
        </source>
        <source id="Cube_004-mesh-normals">
          <float_array id="Cube_004-mesh-normals-array" count="285">1 7.49917e-7 0 0 -0.687936 -0.7257714 -1 -7.49917e-7 0 0 0.6879149 0.7257914 0 0.716063 -0.6980357 0 -0.7257825 0.6879243 0 -0.7257823 0.6879245 0 -0.7257832 0.6879236 0 0.6879075 0.7257985 0 -0.6879358 -0.7257717 0 -0.6879302 -0.725777 0 -0.6879444 -0.7257634 0 -0.7257741 0.6879331 0 -0.7103452 -0.7038536 0 -0.6879457 -0.7257621 0 -0.6800361 -0.7331786 0 0.6879496 0.7257585 -1 -4.61886e-7 0 0 0.7102893 0.7039099 0 0.687952 0.7257562 0 0.680036 0.7331788 0 0.6879519 0.7257564 0 0.6800357 0.733179 -1 -4.36048e-7 0 -1 -3.54297e-7 0 0 -0.710345 -0.7038537 0 -0.6800363 -0.7331785 1 4.75689e-7 0 1 1.77149e-7 0 1 4.0415e-7 0 0 0.7257719 -0.6879355 1 3.46414e-7 0 -1 -2.77485e-7 0 0 0.7257738 -0.6879335 1 4.52794e-7 0 0 -0.6980369 -0.7160618 -1 -4.52794e-7 0 0 0.6953287 -0.7186918 -1 -3.01862e-7 0 1 3.01862e-7 0 0 -0.6953305 0.7186903 0 -0.6980371 -0.7160617 0 0.6980404 0.7160584 1 5.77102e-7 0 -1 0 0 1 6.92522e-7 0 -1 -3.46261e-7 0 0 -0.6953297 0.7186909 0 0.6953286 -0.718692 1 1.87487e-7 0 0 -0.6879254 -0.7257815 -1 0 0 0 0.6879159 0.7257904 0 0.7160628 -0.6980359 0 -0.7257809 0.687926 0 -0.7257812 0.6879257 0 0.6879174 0.725789 0 -0.6879353 -0.7257721 0 -0.6879398 -0.7257678 0 -0.7257698 0.6879378 0 -0.7103449 -0.7038539 0 -0.6879401 -0.7257676 0 -0.680036 -0.7331788 0 0.6879542 0.7257542 -1 -3.46414e-7 0 0 0.7102885 0.7039108 0 0.6879457 0.7257622 0 0.680036 0.7331788 0 0.7102886 0.7039106 0 0.6800362 0.7331786 -1 -3.16192e-7 0 -1 -7.08597e-7 0 -1 -4.0415e-7 0 1 3.16191e-7 0 1 7.08597e-7 0 1 2.30943e-7 0 0 0.7257717 -0.6879357 1 4.61886e-7 0 -1 -4.74287e-7 0 1 3.95239e-7 0 0 0.7257739 -0.6879334 1 4.52792e-7 0 0 -0.6980352 -0.7160635 -1 -4.52792e-7 0 0 0.6953321 -0.7186886 1 3.01861e-7 0 -1.01862e-6 -0.6953323 0.7186885 0 -0.698035 -0.7160636 0 0.6980376 0.7160612 -1.19318e-6 0.6980382 0.7160606 1 3.46261e-7 0 -1 -6.92522e-7 0 1 2.30841e-7 0 -1 -5.77102e-7 0 0 -0.6953308 0.7186899</float_array>
          <technique_common>
            <accessor source="#Cube_004-mesh-normals-array" count="95" stride="3">
              <param name="X" type="float"/>
              <param name="Y" type="float"/>
              <param name="Z" type="float"/>
            </accessor>
          </technique_common>
        </source>
        <source id="Cube_004-mesh-map-0">
          <float_array id="Cube_004-mesh-map-0-array" count="672">0.155546 0.5327885 0.1619929 0.535786 0.1555087 0.5357035 0.1437755 0.5357037 0.1470566 0.5327886 0.1470566 0.5357037 0.1620672 0.535786 0.1685142 0.5327886 0.1685514 0.5357035 0.1962726 0.5327886 0.1995537 0.5357037 0.1962726 0.5357037 0.1600238 0.6078487 0.1633048 0.601364 0.1633048 0.6078487 0.1995537 0.5360696 0.2060377 0.5327886 0.2060377 0.5360696 0.1995537 0.5553387 0.2060377 0.5520576 0.2060377 0.5553387 0.1995537 0.5520576 0.2060377 0.5360696 0.2060377 0.5520576 0.1633048 0.6078487 0.166586 0.601364 0.166586 0.6078487 0.1770035 0.5327886 0.1802846 0.5357037 0.1770035 0.5357037 0.1802846 0.5327886 0.1962726 0.5357037 0.1802846 0.5357037 0.1245064 0.5357037 0.1277875 0.5327886 0.1277875 0.5357037 0.1277875 0.5357037 0.1437755 0.5327886 0.1437755 0.5357037 0.1277875 0.5577197 0.1437755 0.5546346 0.1437755 0.5577197 0.1405726 0.6085196 0.1470566 0.5925317 0.1470566 0.6085196 0.1245064 0.5852895 0.1277875 0.5577197 0.1277875 0.5852895 0.1245064 0.5577197 0.1277875 0.5546346 0.1277875 0.5577197 0.1245064 0.5546346 0.1277875 0.5357037 0.1277875 0.5546346 0.1802846 0.5546347 0.1962726 0.5577198 0.1802846 0.5577198 0.1309908 0.6114652 0.1374751 0.5926019 0.1374751 0.6115354 0.1770035 0.5577198 0.1802846 0.5853805 0.1770035 0.5853805 0.1770035 0.5546347 0.1802846 0.5577198 0.1770035 0.5577198 0.1770035 0.5357037 0.1802846 0.5546347 0.1770035 0.5546347 0.1962726 0.5577198 0.1995537 0.5853805 0.1962726 0.5853805 0.1962726 0.5546347 0.1995537 0.5577198 0.1962726 0.5577198 0.1962726 0.5357037 0.1995537 0.5546347 0.1962726 0.5546347 0.1625525 0.5577994 0.168524 0.5853818 0.1620393 0.5853735 0.1625133 0.5547144 0.1690368 0.5577168 0.1625525 0.5577994 0.1625133 0.5547144 0.1685514 0.5357035 0.1689975 0.5546318 0.1437755 0.5852895 0.1470566 0.5577197 0.1470566 0.5852895 0.1437755 0.5577197 0.1470566 0.5546346 0.1470566 0.5577197 0.1437755 0.5546346 0.1470566 0.5357037 0.1470566 0.5546346 0.1555361 0.5853818 0.1615076 0.5577994 0.1620208 0.5853735 0.1550233 0.5577168 0.1615468 0.5547144 0.1615076 0.5577994 0.1555087 0.5357035 0.1615468 0.5547144 0.1550626 0.5546318 0.1535401 0.6088711 0.1470566 0.5928831 0.1535401 0.5928831 0.1309908 0.6114652 0.1245064 0.5926019 0.1309908 0.5925318 0.1774814 0.5854715 0.1834882 0.6130462 0.1770035 0.6130462 0.2004477 0.6130462 0.2064545 0.5854715 0.2069324 0.6130462 0.1600236 0.6088711 0.1535401 0.5928831 0.1600236 0.5928831 0.2004477 0.6202886 0.2069324 0.6130462 0.2069324 0.6202886 0.1437755 0.5925317 0.1470566 0.5852895 0.1470566 0.5925317 0.1620393 0.5853735 0.1685147 0.5926241 0.1620301 0.5926158 0.1633048 0.601364 0.166586 0.5928831 0.166586 0.601364 0.1770035 0.6130462 0.1834881 0.6202886 0.1770035 0.6202886 0.1555454 0.592624 0.1620208 0.5853735 0.1620301 0.5926158 0.166586 0.601363 0.169867 0.5928831 0.169867 0.601363 0.1245064 0.5925317 0.1277875 0.5852895 0.1277875 0.5925317 0.1731482 0.6001251 0.1764293 0.6073672 0.1731482 0.6073672 0.1731482 0.5928831 0.1764293 0.6001251 0.1731482 0.6001251 0.2004477 0.6202886 0.1919679 0.6132944 0.2004477 0.6130462 0.1685147 0.5926241 0.1770035 0.5856409 0.1769942 0.5928831 0.1555454 0.592624 0.1470566 0.5856408 0.1555361 0.5853818 0.1834881 0.6202886 0.1919679 0.6132944 0.1919679 0.6205368 0.1731482 0.601363 0.169867 0.5928831 0.1731482 0.5928831 0.1600238 0.601364 0.1633048 0.5928831 0.1633048 0.601364 0.155546 0.5327885 0.1620301 0.5328711 0.1619929 0.535786 0.1437755 0.5357037 0.1437755 0.5327886 0.1470566 0.5327886 0.1620672 0.535786 0.1620301 0.5328711 0.1685142 0.5327886 0.1962726 0.5327886 0.1995537 0.5327886 0.1995537 0.5357037 0.1600238 0.6078487 0.1600238 0.601364 0.1633048 0.601364 0.1995537 0.5360696 0.1995537 0.5327886 0.2060377 0.5327886 0.1995537 0.5553387 0.1995537 0.5520576 0.2060377 0.5520576 0.1995537 0.5520576 0.1995537 0.5360696 0.2060377 0.5360696 0.1633048 0.6078487 0.1633048 0.601364 0.166586 0.601364 0.1770035 0.5327886 0.1802846 0.5327886 0.1802846 0.5357037 0.1802846 0.5327886 0.1962726 0.5327886 0.1962726 0.5357037 0.1245064 0.5357037 0.1245064 0.5327886 0.1277875 0.5327886 0.1277875 0.5357037 0.1277875 0.5327886 0.1437755 0.5327886 0.1277875 0.5577197 0.1277875 0.5546346 0.1437755 0.5546346 0.1405726 0.6085196 0.1405726 0.5925317 0.1470566 0.5925317 0.1245064 0.5852895 0.1245064 0.5577197 0.1277875 0.5577197 0.1245064 0.5577197 0.1245064 0.5546346 0.1277875 0.5546346 0.1245064 0.5546346 0.1245064 0.5357037 0.1277875 0.5357037 0.1802846 0.5546347 0.1962726 0.5546347 0.1962726 0.5577198 0.1309908 0.6114652 0.1309908 0.5925317 0.1374751 0.5926019 0.1770035 0.5577198 0.1802846 0.5577198 0.1802846 0.5853805 0.1770035 0.5546347 0.1802846 0.5546347 0.1802846 0.5577198 0.1770035 0.5357037 0.1802846 0.5357037 0.1802846 0.5546347 0.1962726 0.5577198 0.1995537 0.5577198 0.1995537 0.5853805 0.1962726 0.5546347 0.1995537 0.5546347 0.1995537 0.5577198 0.1962726 0.5357037 0.1995537 0.5357037 0.1995537 0.5546347 0.1625525 0.5577994 0.1690368 0.5577168 0.168524 0.5853818 0.1625133 0.5547144 0.1689975 0.5546318 0.1690368 0.5577168 0.1625133 0.5547144 0.1620672 0.535786 0.1685514 0.5357035 0.1437755 0.5852895 0.1437755 0.5577197 0.1470566 0.5577197 0.1437755 0.5577197 0.1437755 0.5546346 0.1470566 0.5546346 0.1437755 0.5546346 0.1437755 0.5357037 0.1470566 0.5357037 0.1555361 0.5853818 0.1550233 0.5577168 0.1615076 0.5577994 0.1550233 0.5577168 0.1550626 0.5546318 0.1615468 0.5547144 0.1555087 0.5357035 0.1619929 0.535786 0.1615468 0.5547144 0.1535401 0.6088711 0.1470566 0.6088711 0.1470566 0.5928831 0.1309908 0.6114652 0.1245064 0.6115354 0.1245064 0.5926019 0.1774814 0.5854715 0.1839655 0.5853805 0.1834882 0.6130462 0.2004477 0.6130462 0.1999704 0.5853805 0.2064545 0.5854715 0.1600236 0.6088711 0.1535401 0.6088711 0.1535401 0.5928831 0.2004477 0.6202886 0.2004477 0.6130462 0.2069324 0.6130462 0.1437755 0.5925317 0.1437755 0.5852895 0.1470566 0.5852895 0.1620393 0.5853735 0.168524 0.5853818 0.1685147 0.5926241 0.1633048 0.601364 0.1633048 0.5928831 0.166586 0.5928831 0.1770035 0.6130462 0.1834882 0.6130462 0.1834881 0.6202886 0.1555454 0.592624 0.1555361 0.5853818 0.1620208 0.5853735 0.166586 0.601363 0.166586 0.5928831 0.169867 0.5928831 0.1245064 0.5925317 0.1245064 0.5852895 0.1277875 0.5852895 0.1731482 0.6001251 0.1764293 0.6001251 0.1764293 0.6073672 0.1731482 0.5928831 0.1764293 0.5928831 0.1764293 0.6001251 0.2004477 0.6202886 0.1919679 0.6205368 0.1919679 0.6132944 0.1685147 0.5926241 0.168524 0.5853818 0.1770035 0.5856409 0.1555454 0.592624 0.1470659 0.5928831 0.1470566 0.5856408 0.1834881 0.6202886 0.1834882 0.6130462 0.1919679 0.6132944 0.1731482 0.601363 0.169867 0.601363 0.169867 0.5928831 0.1600238 0.601364 0.1600238 0.5928831 0.1633048 0.5928831</float_array>
          <technique_common>
            <accessor source="#Cube_004-mesh-map-0-array" count="336" stride="2">
              <param name="S" type="float"/>
              <param name="T" type="float"/>
            </accessor>
          </technique_common>
        </source>
        <vertices id="Cube_004-mesh-vertices">
          <input semantic="POSITION" source="#Cube_004-mesh-positions"/>
        </vertices>
        <triangles material="Beware-material" count="112">
          <input semantic="VERTEX" source="#Cube_004-mesh-vertices" offset="0"/>
          <input semantic="NORMAL" source="#Cube_004-mesh-normals" offset="1"/>
          <input semantic="TEXCOORD" source="#Cube_004-mesh-map-0" offset="2" set="0"/>
          <p>1 0 0 19 0 1 18 0 2 37 1 3 7 1 4 22 1 5 22 2 6 5 2 7 25 2 8 15 3 9 18 3 10 31 3 11 6 4 12 13 4 13 8 4 14 10 5 15 1 5 16 15 5 17 7 6 18 14 6 19 5 6 20 11 7 21 15 7 22 14 7 23 9 4 24 0 4 25 2 4 26 5 3 27 28 3 28 25 3 29 14 8 30 31 8 31 28 8 32 19 9 33 10 9 34 34 9 35 34 10 36 11 10 37 37 10 38 36 11 39 38 11 40 39 11 41 38 12 42 32 12 43 29 12 44 44 13 45 36 13 46 46 13 47 21 14 48 35 14 49 36 14 50 20 15 51 34 15 52 35 15 53 29 16 54 33 16 55 30 16 56 35 17 57 31 17 58 32 17 59 27 18 60 42 18 61 41 18 62 26 19 63 30 19 64 27 19 65 25 20 66 29 20 67 26 20 68 33 18 69 47 18 70 45 18 71 32 21 72 16 21 73 33 21 74 31 22 75 17 22 76 32 22 77 24 23 78 41 23 79 40 23 80 23 24 81 27 24 82 24 24 83 23 17 84 25 17 85 26 17 86 43 25 87 24 25 88 40 25 89 39 14 90 23 14 91 24 14 92 38 26 93 22 26 94 23 26 95 47 27 96 21 27 97 44 27 98 16 28 99 20 28 100 21 28 101 18 29 102 20 29 103 17 29 104 37 30 105 31 30 106 34 30 107 38 31 108 28 31 109 37 31 110 36 32 111 45 32 112 46 32 113 42 27 114 39 27 115 43 27 116 39 33 117 33 33 118 36 33 119 13 34 120 43 34 121 8 34 122 8 35 123 40 35 124 6 35 125 40 36 126 4 36 127 6 36 128 12 37 129 51 37 130 0 37 131 46 38 132 12 38 133 9 38 134 0 39 135 44 39 136 2 39 137 47 40 138 54 40 139 45 40 140 2 41 141 46 41 142 9 41 143 48 42 144 50 42 145 49 42 146 54 42 147 51 42 148 52 42 149 13 43 150 53 43 151 42 43 152 4 44 153 48 44 154 49 44 155 0 45 156 55 45 157 47 45 158 12 46 159 54 46 160 52 46 161 41 47 162 53 47 163 48 47 164 4 48 165 50 48 166 13 48 167 1 49 168 3 49 169 19 49 170 37 50 171 11 50 172 7 50 173 22 51 174 7 51 175 5 51 176 15 52 177 1 52 178 18 52 179 6 53 180 4 53 181 13 53 182 10 54 183 3 54 184 1 54 185 7 54 186 11 54 187 14 54 188 11 55 189 10 55 190 15 55 191 9 53 192 12 53 193 0 53 194 5 52 195 14 52 196 28 52 197 14 56 198 15 56 199 31 56 200 19 50 201 3 50 202 10 50 203 34 57 204 10 57 205 11 57 206 36 58 207 35 58 208 38 58 209 38 59 210 35 59 211 32 59 212 44 60 213 21 60 214 36 60 215 21 61 216 20 61 217 35 61 218 20 62 219 19 62 220 34 62 221 29 63 222 32 63 223 33 63 224 35 64 225 34 64 226 31 64 227 27 65 228 30 65 229 42 65 230 26 66 231 29 66 232 30 66 233 25 67 234 28 67 235 29 67 236 33 68 237 16 68 238 47 68 239 32 66 240 17 66 241 16 66 242 31 69 243 18 69 244 17 69 245 24 70 246 27 70 247 41 70 248 23 71 249 26 71 250 27 71 251 23 72 252 22 72 253 25 72 254 43 60 255 39 60 256 24 60 257 39 61 258 38 61 259 23 61 260 38 62 261 37 62 262 22 62 263 47 73 264 16 73 265 21 73 266 16 74 267 17 74 268 20 74 269 18 75 270 19 75 271 20 75 272 37 76 273 28 76 274 31 76 275 38 77 276 29 77 277 28 77 278 36 78 279 33 78 280 45 78 281 42 79 282 30 79 283 39 79 284 39 80 285 30 80 286 33 80 287 13 81 288 42 81 289 43 81 290 8 82 291 43 82 292 40 82 293 40 83 294 41 83 295 4 83 296 12 84 297 52 84 298 51 84 299 46 83 300 45 83 301 12 83 302 0 85 303 47 85 304 44 85 305 47 86 306 55 86 307 54 86 308 2 87 309 44 87 310 46 87 311 48 88 312 53 88 313 50 88 314 54 89 315 55 89 316 51 89 317 13 90 318 50 90 319 53 90 320 4 91 321 41 91 322 48 91 323 0 92 324 51 92 325 55 92 326 12 93 327 45 93 328 54 93 329 41 94 330 42 94 331 53 94 332 4 84 333 49 84 334 50 84 335</p>
        </triangles>
      </mesh>
    </geometry>
    <geometry id="Cylinder_007-mesh" name="Cylinder.007">
      <mesh>
        <source id="Cylinder_007-mesh-positions">
          <float_array id="Cylinder_007-mesh-positions-array" count="504">-0.9930285 -0.2719706 0.3840684 -0.9930286 -0.2517198 0.3178188 -1.294503 -0.2517198 0.3178188 -1.294503 -0.2719706 0.3840684 -0.9930286 -0.2010554 0.2705707 -1.294503 -0.2010554 0.2705707 -0.9930286 -0.1335567 0.2549842 -1.294503 -0.1335567 0.2549842 -0.9930286 -0.06730639 0.2752359 -1.294503 -0.06730639 0.2752358 -0.9930286 -0.02005898 0.3258991 -1.294503 -0.02005898 0.3258991 -0.9930286 -0.004472136 0.3933987 -1.294503 -0.004472136 0.3933987 -0.9930286 -0.02472388 0.4596483 -1.294503 -0.02472388 0.4596483 -0.9930286 -0.07538688 0.5068964 -1.294503 -0.07538688 0.5068964 -0.9930286 -0.1428865 0.5224829 -1.294503 -0.1428865 0.5224829 -0.9930286 -0.2091363 0.5022312 -1.294503 -0.2091363 0.5022312 -0.9930286 -0.2563847 0.451568 -1.294503 -0.2563847 0.451568 -0.9930285 -0.3066033 0.3828605 -0.9930285 -0.2811078 0.2994567 -1.294503 -0.2811078 0.2994567 -1.294503 -0.3066033 0.3828604 -0.9930286 -0.217326 0.2399746 -1.294503 -0.217326 0.2399745 -0.9930286 -0.1323479 0.2203522 -1.294503 -0.1323479 0.2203522 -0.9930286 -0.04894435 0.2458477 -1.294503 -0.04894435 0.2458476 -0.9930286 0.01053678 0.3096292 -1.294503 0.01053678 0.3096292 -0.9930286 0.03016054 0.3946067 -1.294503 0.03016054 0.3946067 -0.9930286 0.004664063 0.4780105 -1.294503 0.004664063 0.4780105 -0.9930286 -0.05911767 0.5374926 -1.294503 -0.05911767 0.5374926 -0.9930286 -0.1440948 0.5571148 -1.294503 -0.1440948 0.5571148 -0.9930286 -0.2274988 0.5316194 -1.294503 -0.2274988 0.5316194 -0.9930285 -0.286981 0.4678379 -1.294503 -0.286981 0.4678379 -1.019621 -0.1971367 0.3866786 -1.019621 -0.188216 0.3574968 -1.26791 -0.188216 0.3574968 -1.26791 -0.1971367 0.3866786 -1.019621 -0.1658991 0.3366845 -1.26791 -0.1658991 0.3366845 -1.019621 -0.1361664 0.329819 -1.26791 -0.1361664 0.3298189 -1.019621 -0.106984 0.3387395 -1.26791 -0.106984 0.3387395 -1.019621 -0.08617246 0.3610558 -1.26791 -0.08617246 0.3610558 -1.019621 -0.07930696 0.3907885 -1.26791 -0.07930696 0.3907884 -1.019621 -0.08822762 0.4199706 -1.26791 -0.08822762 0.4199706 -1.019621 -0.1105431 0.4407826 -1.26791 -0.1105431 0.4407826 -1.019621 -0.1402763 0.4476482 -1.26791 -0.1402763 0.4476482 -1.019621 -0.1694582 0.4387277 -1.26791 -0.1694582 0.4387276 -1.019621 -0.1902712 0.4164111 -1.26791 -0.1902712 0.4164111 -1.014406 -0.2562474 0.3846169 -1.014406 -0.2383764 0.3261553 -1.273125 -0.2383764 0.3261553 -1.273125 -0.2562474 0.3846168 -1.014406 -0.1936687 0.2844616 -1.273125 -0.1936687 0.2844615 -1.014406 -0.1341046 0.2707073 -1.273125 -0.1341046 0.2707073 -1.014406 -0.07564342 0.2885782 -1.273125 -0.07564342 0.2885782 -1.014406 -0.03394973 0.3332856 -1.273125 -0.03394973 0.3332856 -1.014406 -0.02019488 0.3928503 -1.273125 -0.02019488 0.3928503 -1.014406 -0.03806626 0.4513118 -1.273125 -0.03806626 0.4513118 -1.014406 -0.08277404 0.4930056 -1.273125 -0.08277404 0.4930056 -1.014406 -0.1423376 0.5067598 -1.273125 -0.1423376 0.5067598 -1.014406 -0.2007988 0.4888889 -1.273125 -0.2007988 0.4888889 -1.014406 -0.2424935 0.4441814 -1.273125 -0.2424935 0.4441814 -1.003784 -0.1608589 0.387944 -1.003784 -0.157431 0.3767312 -1.283747 -0.157431 0.3767312 -1.283747 -0.1608589 0.3879439 -1.003784 -0.1488565 0.3687341 -1.283747 -0.1488565 0.3687341 -1.003784 -0.1374315 0.3660961 -1.283747 -0.1374315 0.3660961 -1.003784 -0.1262191 0.3695237 -1.283747 -0.1262191 0.3695237 -1.003784 -0.1182216 0.3780986 -1.283747 -0.1182216 0.3780986 -1.003784 -0.1155842 0.3895232 -1.283747 -0.1155842 0.3895232 -1.003784 -0.1190117 0.4007362 -1.283747 -0.1190117 0.4007362 -1.003784 -0.1275867 0.408733 -1.283747 -0.1275867 0.408733 -1.003784 -0.1390107 0.411371 -1.283747 -0.1390107 0.411371 -1.003784 -0.150224 0.4079434 -1.283747 -0.150224 0.4079434 -1.003784 -0.1582211 0.3993684 -1.283747 -0.1582211 0.3993684 -1.003784 -0.1847604 0.3871103 -1.003784 -0.1777142 0.3640584 -1.283747 -0.1777142 0.3640584 -1.283747 -0.1847604 0.3871103 -1.003784 -0.160085 0.3476179 -1.283747 -0.160085 0.3476179 -1.003784 -0.1365979 0.3421945 -1.283747 -0.1365979 0.3421944 -1.003784 -0.1135462 0.3492412 -1.283747 -0.1135462 0.3492412 -1.003784 -0.09710586 0.3668698 -1.283747 -0.09710586 0.3668698 -1.003784 -0.09168279 0.3903568 -1.283747 -0.09168279 0.3903568 -1.003784 -0.09872949 0.4134089 -1.283747 -0.09872949 0.4134089 -1.003784 -0.1163576 0.4298492 -1.283747 -0.1163576 0.4298492 -1.003784 -0.1398447 0.4352727 -1.283747 -0.1398447 0.4352727 -1.003784 -0.1628969 0.428226 -1.283747 -0.1628969 0.4282259 -1.003784 -0.1793378 0.4105972 -1.283747 -0.1793378 0.4105972 -1.006406 -0.1608589 0.387944 -1.006406 -0.157431 0.3767312 -1.281125 -0.157431 0.3767312 -1.281125 -0.1608589 0.3879439 -1.006406 -0.1488565 0.3687341 -1.281125 -0.1488565 0.3687341 -1.006406 -0.1374315 0.3660961 -1.281125 -0.1374315 0.3660961 -1.006406 -0.1262191 0.3695237 -1.281125 -0.1262191 0.3695237 -1.006406 -0.1182216 0.3780986 -1.281125 -0.1182216 0.3780986 -1.006406 -0.1155842 0.3895232 -1.281125 -0.1155842 0.3895232 -1.006406 -0.1190117 0.4007362 -1.281125 -0.1190117 0.4007362 -1.006406 -0.1275867 0.408733 -1.281125 -0.1275867 0.408733 -1.006406 -0.1390107 0.411371 -1.281125 -0.1390107 0.411371 -1.006406 -0.150224 0.4079434 -1.281125 -0.150224 0.4079434 -1.006406 -0.1582211 0.3993684 -1.281125 -0.1582211 0.3993684</float_array>
          <technique_common>
            <accessor source="#Cylinder_007-mesh-positions-array" count="168" stride="3">
              <param name="X" type="float"/>
              <param name="Y" type="float"/>
              <param name="Z" type="float"/>
            </accessor>
          </technique_common>
        </source>
        <source id="Cylinder_007-mesh-normals">
          <float_array id="Cylinder_007-mesh-normals-array" count="1065">0 -0.9563162 -0.2923343 0 -0.8480688 -0.5298863 0 -0.9563162 -0.2923346 0 -0.8480687 -0.5298865 1.59831e-7 -0.4695068 -0.8829289 0 -0.4695059 -0.8829294 2.40774e-7 0.03485959 -0.9993922 0 0.2923334 -0.9563165 2.83372e-7 0.2923342 -0.9563163 0 0.7313312 -0.6820225 1.20388e-7 0.8829264 -0.4695116 0 0.8829264 -0.4695115 0 0.9743571 -0.2250071 0 0.9743572 -0.2250071 0 0.9563133 0.2923442 0 0.8480662 0.5298904 0 0.8480661 0.5298905 0 0.4695071 0.8829287 0 0.4695072 0.8829287 0 -0.03485822 0.9993923 0 -0.5298839 0.8480703 0 -0.5298844 0.84807 0 -0.8829281 0.4695083 0 -0.8829282 0.4695081 0 -0.9743607 0.2249916 -0.592725 -0.4267747 0.6830377 -0.5927198 -0.7111176 0.3781468 -0.592718 -0.7111192 0.3781466 0.592725 0.02807718 -0.8049153 0.592731 -0.3781373 -0.7111135 0.5927306 -0.378143 -0.7111106 1 3.18324e-6 7.56723e-7 1 1.57631e-6 0 1 3.82837e-6 1.22282e-6 -1 -1.76778e-6 1.11987e-6 -1 7.88156e-7 0 -1 0 0 1 5.91114e-7 2.1686e-7 1 0 0 -1 -7.88151e-7 9.48748e-7 -1 -2.55225e-6 1.20009e-6 1 -1.10917e-6 0 1 -4.72392e-7 0 -1 -1.6065e-6 0 -1 0 8.36428e-7 1 -3.54366e-7 0 -1 6.40265e-7 0 -1 -7.1636e-7 0 1 1.11043e-6 0 1 1.60656e-6 0 -1 -1.11043e-6 0 -1 1.27613e-6 0 1 5.31552e-7 0 -1 1.45768e-6 0 -1 -1.60656e-6 0 1 9.49292e-7 0 1 8.03279e-7 0 -1 7.88155e-7 0 -1 2.55219e-6 0 1 9.94656e-7 0 1 1.07907e-6 0 -1 1.77186e-7 0 -1 0 0 1 1.10921e-6 0 1 4.72378e-7 0 -1 4.97323e-7 0 -1 1.97041e-7 0 1 -4.48887e-7 0 1 2.32945e-7 -1.82133e-7 -1 -8.41533e-6 3.55514e-6 -1 -1.50096e-7 8.20204e-7 1 3.60199e-6 -5.75597e-7 1 5.10446e-6 -9.90432e-7 -1 3.503e-7 3.27559e-7 -1 -6.9939e-6 3.6824e-6 1 0 0 -1 2.55223e-6 0 0.6159572 -0.4174278 0.6680949 0.615965 -0.6955468 0.3698673 0.6159558 -0.4174302 0.6680946 -0.6159567 0.02746099 -0.7873013 -0.6159595 -0.3698631 -0.6955539 -0.6159535 0.02746284 -0.7873037 0.5927277 0.3781421 0.7111135 0.5927443 0.6830226 0.426772 0.5927423 0.683028 0.4267662 -0.5927218 0.02807617 -0.8049178 -0.5927268 -0.3781418 -0.7111145 -0.5927202 0.02807122 -0.8049192 0.5927211 -0.7111173 0.3781455 0.5927161 -0.8049221 -0.02807402 0.5927236 -0.711115 0.3781459 -0.5927232 0.378145 0.7111158 -0.5927416 0.6830253 0.4267715 -0.5927217 0.3781459 0.7111165 0.5927352 0.4267604 -0.6830378 0.5927234 0.02807253 -0.8049167 -0.5927152 -0.8049229 -0.02807384 -0.5927125 -0.8049247 -0.0280736 0.5927248 -0.02807122 0.8049158 0.5927265 0.3781424 0.7111144 -0.5927322 0.4267609 -0.68304 -0.5927314 0.4267693 -0.6830355 0.5927222 -0.6830403 -0.4267745 0.5927129 -0.8049246 -0.0280739 -0.592723 -0.02807283 0.804917 -0.5927232 -0.02807927 0.8049167 0.5927338 0.4267697 -0.6830331 0.5927336 0.7111096 -0.3781404 -0.5927201 -0.6830409 -0.4267765 -0.5927233 -0.683038 -0.4267766 0.5927273 -0.4267748 0.6830357 0.5927254 -0.02807694 0.8049151 -0.5927341 0.7111088 -0.3781411 -0.592734 0.7111097 -0.3781393 0.5927259 -0.6830366 -0.4267753 -0.5927255 -0.4267699 0.6830403 0.5927256 0.8049151 0.02807265 0.5927335 0.7111109 -0.3781383 0.5927273 0.8049139 0.02807271 -0.5927269 -0.3781459 -0.7111122 0.5927289 -0.4267703 0.6830372 -0.5927293 0.8049125 0.02807331 -0.5927299 0.8049119 0.02807325 -0.5927419 0.6830282 0.4267666 0.9961357 0.07448416 0.04653912 0.9961355 0.08777576 0.003061771 0.9961357 0.07448494 0.04653912 -0.9961358 0.07448327 0.04653918 -0.9961358 0.08777391 0.003061771 -0.9961354 0.08777713 0.003062069 0.9961358 0.04123449 0.07754606 0.9961357 0.04123598 0.07754594 -0.9961357 0.04123604 0.07754588 -0.9961358 0.07448208 0.04653912 0.9961358 -0.003061771 0.08777439 0.9961357 -0.003060758 0.08777397 -0.9961358 -0.003061115 0.08777433 -0.9961358 0.04123461 0.07754588 0.9961357 -0.04653841 0.07448428 0.9961357 -0.04653912 0.0744841 -0.9961358 -0.04653698 0.07448428 -0.9961357 -0.003061532 0.08777409 0.9961358 -0.0775454 0.04123598 0.9961356 -0.07754701 0.04123508 -0.9961357 -0.04653853 0.07448393 -0.9961358 -0.07754427 0.04123592 0.9961358 -0.08777427 -0.003061592 0.9961359 -0.08777254 -0.003061354 -0.9961357 -0.08777475 -0.003061532 -0.9961355 -0.0775482 0.04123508 0.9961358 -0.07448387 -0.04653859 0.9961357 -0.07448488 -0.04653781 -0.9961357 -0.07448458 -0.04653859 -0.9961359 -0.08777254 -0.003061413 0.9961357 -0.04123508 -0.07754534 0.9961357 -0.04123604 -0.077546 -0.9961359 -0.04123294 -0.07754534 -0.9961357 -0.07448476 -0.04653781 0.9961358 0.00306189 -0.08777427 0.9961357 0.00306034 -0.08777409 -0.9961358 0.003063738 -0.08777427 -0.9961358 -0.04123431 -0.077546 0.9961356 0.04653877 -0.0744847 0.9961355 0.04654031 -0.0744847 -0.9961357 0.04653805 -0.0744847 -0.9961357 0.00306195 -0.08777409 0.9961357 0.07754617 -0.0412364 0.9961357 0.07754623 -0.0412364 -0.9961357 0.0775454 -0.0412364 -0.9961357 0.04653817 -0.07448464 0.9961358 0.08777397 0.00306195 -0.9961358 0.07754415 -0.04123646 0 -0.9993916 -0.03487986 0 -0.9563227 -0.292313 0 -0.9563235 -0.2923107 0 0.7313158 -0.6820391 0 0.7313367 -0.6820166 0 0.7313408 -0.6820123 -0.6159605 0.668093 0.4174261 -0.6159635 0.7872956 0.02746832 -0.6159608 0.6680932 0.4174253 0.6159632 0.02746039 -0.7872961 0.6159714 0.4174206 -0.6680864 0.615962 0.02746409 -0.7872971 -0.6159505 -0.4174301 0.6680997 -0.6159598 -0.6955503 0.3698694 -0.6159558 -0.6955507 0.3698753 0.6159693 0.3698714 0.6955407 0.6159658 0.6680904 0.4174225 0.6159661 0.6680893 0.4174237 -0.6159648 0.4174224 -0.6680912 -0.6159645 0.4174299 -0.6680868 0.6159752 -0.7872868 -0.02746665 0.6159626 -0.6955468 0.3698713 0.6159674 -0.6680847 -0.4174292 0.6159763 -0.7872856 -0.02747148 -0.6159641 0.3698722 0.695545 -0.6159642 0.3698668 0.6955477 0.6159704 0.417427 -0.6680833 0.6159673 0.6955493 -0.369859 -0.6159762 -0.7872857 -0.02746987 -0.6159768 -0.7872852 -0.02747434 -0.6159622 -0.6680896 -0.4174292 -0.6159577 -0.6680945 -0.4174277 0.615963 -0.0274617 0.7872963 0.6159698 0.3698652 0.6955436 -0.6159618 0.695552 -0.3698629 -0.6159568 0.6955555 -0.3698647 0.6159646 -0.369861 -0.6955505 0.6159662 -0.6680863 -0.4174284 -0.6159582 -0.0274595 0.7873001 -0.6159561 -0.02745997 0.7873018 0.6159695 0.7872912 0.02746552 0.615962 0.6955525 -0.3698617 -0.6159597 -0.3698638 -0.6955534 0.6159621 -0.02746194 0.7872971 -0.6159622 0.787297 0.02746498 0.6159653 -0.3698601 -0.6955503 -0.6159471 -0.4174364 0.6680989 0.6159707 0.7872901 0.02746772 1 5.97975e-6 -2.97518e-6 1 2.32839e-6 -2.51172e-6 -1 3.45647e-6 0 -1 -2.38508e-7 0 -1 -5.15088e-6 0 1 -8.36235e-7 0 1 2.99845e-6 0 -1 6.87636e-6 0 -1 2.50871e-6 0 1 2.34409e-6 0 1 3.87741e-6 0 -1 -2.15753e-6 0 -1 -2.01615e-6 0 1 8.20504e-7 0 1 -6.87703e-6 0 -1 -4.29781e-6 0 -1 3.49249e-6 0 1 2.50889e-6 0 1 6.68999e-6 0 -1 9.85485e-7 0 -1 0 0 1 3.61176e-6 0 1 -3.43835e-6 0 -1 2.32839e-6 0 -1 1.0035e-5 0 1 8.27063e-7 0 1 3.34493e-6 0 -1 6.41084e-7 0 -1 0 0 1 1.16419e-6 0 -1 5.19509e-6 0 -1 -2.3284e-6 0 1 8.40918e-7 0 1 1.09036e-6 0 -1 9.87511e-6 0 -1 -1.83712e-6 0 1 -4.20452e-7 0 1 1.49206e-6 0 -1 1.73717e-6 0 -1 -1.07463e-6 0 1 5.50057e-6 1.69567e-6 1 6.68975e-6 4.52059e-6 -1 8.54767e-7 0 -1 -1.01659e-6 0 1 6.97956e-6 -8.14377e-7 -1 0 0 1 9.99346e-7 0 1 2.03218e-6 0 1 2.55629e-6 0 -1 8.6581e-7 0 -1 2.32539e-6 0 -1 2.93152e-7 0 0 -0.5298699 0.848079 0 -0.034877 0.9993917 0 -0.03487592 0.9993917 0 0.5298684 -0.8480799 0 0.7313329 -0.6820207 0 0.7313368 -0.6820164 0 -0.6820355 -0.7313191 0 -0.6820115 -0.7313415 0 -0.6820068 -0.7313458 0 -0.292361 0.9563081 0 -0.5298658 0.8480815 0 -0.529864 0.8480827 0 0.9743646 -0.224975 0 0.9743624 -0.2249846 0 0.974362 -0.2249864 0 0.8480625 0.5298964 0 0.9563089 0.2923584 0 0.9563089 0.2923584 0 -0.6820341 -0.7313203 0 -0.4695069 -0.8829288 0 -0.4695034 -0.8829307 0 -0.7312927 0.6820639 0 -0.5298701 0.8480789 0 0.9743666 -0.2249667 0 0.9743641 -0.2249775 0 0.9743635 -0.2249796 0 0.9563066 0.2923657 0 0.8480719 0.5298814 0 0.848072 0.5298812 0 -0.2250024 -0.9743583 0 -0.2250023 -0.9743583 0 -0.731289 0.6820678 0 -0.7312889 0.6820679 0 0.6820563 0.7312997 0 0.8480641 0.5298937 0 -0.2249993 -0.974359 0 -0.2249972 -0.9743595 0 -0.9993917 -0.03487557 0 -0.9743734 0.224937 0 -0.9743738 0.2249354 0 0.6820594 0.7312968 0 0.2923245 -0.9563193 0 -0.9743752 0.2249289 0 -0.9993914 -0.03488218 0 0.2249825 0.9743629 0 0.2249845 0.9743623 0 0.2923379 -0.9563152 0 0.5298677 -0.8480804 0 -0.956321 -0.2923188 0 -0.9993917 -0.03487455 0 0.224967 0.9743665 0 0.2249773 0.9743641 0 0.2249794 0.9743636 0 0.03485971 -0.9993922 2.83373e-7 0.7313312 -0.6820225 0 0.9563132 0.2923444 0 -0.03485798 0.9993923 -1.41685e-7 -0.9743608 0.2249914 0 0.7313117 -0.6820434 1 -6.13823e-7 0 1 -2.70969e-5 0 1 2.03208e-5 0 1 2.5973e-6 0 1 -8.92652e-6 0 -1 3.96725e-6 0 -1 1.78523e-5 0 -1 0 0 -1 2.7097e-6 0 -1 2.7096e-5 0 -1 3.61177e-6 0 -1 6.77433e-6 0 0 -0.6820402 -0.7313147 0 -0.292365 0.9563069 0 0.974365 -0.2249732 0 -0.6820386 -0.7313163 0 -0.7312928 0.6820637 0 0.974367 -0.2249646 0 0.682061 0.7312954 0 -0.9743757 0.2249268 0 0.2923417 -0.956314 0 -0.9563211 -0.2923186 0 0.224965 0.9743669</float_array>
          <technique_common>
            <accessor source="#Cylinder_007-mesh-normals-array" count="355" stride="3">
              <param name="X" type="float"/>
              <param name="Y" type="float"/>
              <param name="Z" type="float"/>
            </accessor>
          </technique_common>
        </source>
        <source id="Cylinder_007-mesh-map-0">
          <float_array id="Cylinder_007-mesh-map-0-array" count="1992">0.5711832 0.64334 0.5861864 0.703225 0.5711832 0.703225 0.4568775 0.7678796 0.4418743 0.7079947 0.4568775 0.7079947 0.4418743 0.7678796 0.4245501 0.7079947 0.4418743 0.7079947 0.4245501 0.7079947 0.409547 0.7678796 0.409547 0.7079947 0.5515383 0.7079947 0.5365353 0.7678796 0.5365353 0.7079947 0.5365353 0.7079947 0.5192111 0.7678796 0.5192111 0.7079947 0.5192111 0.7079947 0.5042079 0.7678796 0.5042079 0.7079947 0.4568775 0.7079947 0.4718807 0.7678797 0.4568775 0.7678797 0.4718807 0.7079947 0.4892048 0.7678797 0.4718807 0.7678797 0.4892048 0.7678797 0.5042079 0.7079948 0.5042079 0.7678797 0.538856 0.703225 0.5538591 0.64334 0.5538591 0.703225 0.5538591 0.64334 0.5711832 0.703225 0.5538591 0.703225 0.5685244 0.7831861 0.5642778 0.77046 0.5685244 0.7712689 0.5600314 0.7575079 0.5642778 0.7704599 0.5600314 0.7712689 0.5322071 0.6687868 0.5301939 0.652002 0.538856 0.6670052 0.4161959 0.6687868 0.4182091 0.6520021 0.4230765 0.6568696 0.5322071 0.6687868 0.538856 0.6843293 0.532207 0.6825479 0.4161959 0.6687868 0.409547 0.6843293 0.409547 0.6670052 0.5253266 0.6944651 0.538856 0.6843293 0.5301939 0.6993325 0.4230763 0.6944651 0.409547 0.6843293 0.4161961 0.6825479 0.5134092 0.7013458 0.5301939 0.6993325 0.5151908 0.7079946 0.4349938 0.7013458 0.4182091 0.6993325 0.4230763 0.6944651 0.5134092 0.7013458 0.4978668 0.7079945 0.4996483 0.7013457 0.4349938 0.7013458 0.4505363 0.7079945 0.4332122 0.7079946 0.4877309 0.6944652 0.4978668 0.7079945 0.4828634 0.6993328 0.4606721 0.6944652 0.4505363 0.7079945 0.4487547 0.7013457 0.4877309 0.6944652 0.4742015 0.6843295 0.4808504 0.6825479 0.4606721 0.6944652 0.4742015 0.6843295 0.4655395 0.6993328 0.4808503 0.668787 0.4742015 0.6843295 0.4742015 0.6670053 0.4675526 0.6687869 0.4742015 0.6843295 0.4675526 0.6825479 0.4877308 0.6568697 0.4742015 0.6670053 0.4828635 0.6520022 0.4606722 0.6568696 0.4742015 0.6670053 0.4675526 0.6687869 0.4996482 0.6499891 0.4828635 0.6520022 0.4978666 0.6433401 0.4487548 0.6499891 0.4655395 0.6520022 0.4606722 0.6568696 0.5134092 0.649989 0.4978666 0.6433401 0.5151907 0.64334 0.4349938 0.649989 0.4505363 0.6433401 0.4487548 0.6499891 0.5134092 0.649989 0.5301939 0.652002 0.5253265 0.6568696 0.4349938 0.649989 0.4182091 0.6520021 0.4332122 0.64334 0.5453631 0.7678796 0.5422173 0.7737657 0.5422173 0.7696189 0.5359253 0.7791906 0.5390712 0.7737658 0.5390712 0.778554 0.5557848 0.7575081 0.5515384 0.7478005 0.5557848 0.7455906 0.564278 0.719912 0.5600314 0.7328641 0.5600314 0.720721 0.564278 0.733673 0.5685245 0.7207208 0.5685245 0.7328642 0.5515384 0.7199123 0.5557849 0.7102046 0.5557849 0.7207211 0.5600314 0.7575079 0.5642778 0.7478005 0.5642778 0.7583168 0.5685244 0.7712689 0.5642778 0.7583167 0.5685244 0.7575079 0.5557848 0.7712689 0.5515384 0.7583169 0.5557848 0.7575081 0.564278 0.719912 0.5600314 0.7102046 0.564278 0.7079946 0.564278 0.7079947 0.5685245 0.7207208 0.564278 0.719912 0.5515384 0.733673 0.5557849 0.7207211 0.5557849 0.7328643 0.5600314 0.7455906 0.5557849 0.7583167 0.5557849 0.7478003 0.5685244 0.7455906 0.5642778 0.7583167 0.5642778 0.7478004 0.5557848 0.7831863 0.5515384 0.7704601 0.5557848 0.7712689 0.5557849 0.7079947 0.5600314 0.7207208 0.555785 0.7199119 0.5600314 0.7712689 0.5642778 0.7809764 0.5600314 0.7831862 0.5515384 0.733673 0.5557849 0.7433806 0.5515384 0.7455905 0.5600314 0.7712687 0.5557849 0.7583167 0.5600314 0.7575078 0.5600314 0.7831862 0.5557849 0.77046 0.5600314 0.7712687 0.564278 0.733673 0.5600314 0.7433805 0.5600314 0.7328641 0.564278 0.7455903 0.5685245 0.7328642 0.5685245 0.7433805 0.555785 0.7336729 0.5600314 0.7207208 0.5600314 0.7328641 0.555785 0.7455903 0.5600314 0.7328641 0.5600314 0.7433805 0.4435176 0.7875084 0.4487946 0.7739512 0.4548662 0.7844676 0.4662149 0.7875084 0.4609379 0.7739512 0.4692456 0.782259 0.4435176 0.79357 0.4548662 0.7844676 0.4548662 0.796611 0.4662149 0.79357 0.4548662 0.7844676 0.4662149 0.7875084 0.4404868 0.7988194 0.4548662 0.796611 0.4487947 0.8071272 0.4692456 0.7988195 0.4548662 0.796611 0.4662149 0.79357 0.4404868 0.7988194 0.4382784 0.8131989 0.4352374 0.8018502 0.4692456 0.7988195 0.471454 0.8131989 0.4609377 0.8071272 0.4352374 0.8018502 0.4261351 0.8131989 0.4291759 0.8018502 0.4744951 0.8018502 0.4835973 0.8131989 0.471454 0.8131989 0.4239265 0.7988195 0.4261351 0.8131989 0.4156186 0.8071274 0.485806 0.7988195 0.4835973 0.8131989 0.4805565 0.8018502 0.4239265 0.7988195 0.409547 0.796611 0.4208958 0.79357 0.485806 0.7988195 0.5001855 0.796611 0.4941139 0.8071275 0.4208956 0.7875087 0.409547 0.796611 0.409547 0.7844676 0.4888368 0.7875087 0.5001855 0.796611 0.4888367 0.79357 0.4239264 0.7822591 0.409547 0.7844676 0.4156185 0.7739514 0.4858061 0.7822591 0.5001855 0.7844676 0.4888368 0.7875087 0.4239264 0.7822591 0.4261348 0.7678798 0.4291758 0.7792284 0.4858061 0.7822591 0.4835976 0.7678798 0.494114 0.7739514 0.4352375 0.7792282 0.4261348 0.7678798 0.4382782 0.7678796 0.474495 0.7792282 0.4835976 0.7678798 0.4805566 0.7792285 0.4352375 0.7792282 0.4487946 0.7739512 0.4404869 0.782259 0.474495 0.7792282 0.4609379 0.7739512 0.4714543 0.7678796 0.54903 0.7698966 0.548509 0.7678796 0.54903 0.7678796 0.5500717 0.7762599 0.5495508 0.7742428 0.5500717 0.7742428 0.548509 0.7678796 0.5453631 0.7737657 0.5453631 0.7696189 0.5422172 0.7791907 0.5390712 0.7827007 0.5390712 0.778554 0.5600314 0.7831862 0.5631774 0.7890723 0.5600314 0.7884356 0.5631774 0.7944972 0.5663233 0.7980071 0.5631774 0.7997465 0.5359253 0.7791906 0.5390712 0.7827007 0.5359253 0.7844402 0.5453631 0.7791905 0.5422173 0.7737657 0.5453631 0.7731291 0.5453631 0.7844399 0.5422172 0.7785539 0.5453631 0.7791905 0.5546843 0.7944973 0.5515384 0.7980073 0.5515384 0.7938606 0.5557849 0.7997465 0.5589308 0.7938605 0.5589308 0.7980073 0.5600314 0.7944971 0.5631774 0.7890723 0.5631774 0.7938605 0.5600314 0.7997465 0.5631774 0.7938605 0.5631774 0.7980073 0.5631774 0.7884356 0.5663233 0.7938605 0.5631774 0.7944972 0.548509 0.7844399 0.5453631 0.7785539 0.548509 0.7791906 0.5422172 0.7731292 0.5390712 0.769619 0.5422172 0.7678796 0.5546843 0.7884357 0.5515384 0.7938606 0.5515384 0.7890723 0.5557849 0.7884356 0.5589308 0.7938605 0.5557849 0.7944971 0.5359253 0.7731291 0.5390712 0.7696189 0.5390712 0.7737658 0.5631774 0.7831862 0.5663233 0.7890722 0.5631774 0.7884356 0.548509 0.7731291 0.5453631 0.7785539 0.5453631 0.7737657 0.5422172 0.7791907 0.5390712 0.7737658 0.5422172 0.7731292 0.5546843 0.7831863 0.5515384 0.7890723 0.5515384 0.7849256 0.5557849 0.7831862 0.5589308 0.7890723 0.5557849 0.7884356 0.5313364 0.77565 0.5359253 0.7792086 0.5313363 0.7779791 0.5047743 0.77565 0.5001855 0.7792086 0.5001856 0.7744204 0.5313363 0.7779791 0.5335311 0.7833555 0.5301719 0.7799962 0.5047744 0.7779791 0.5025796 0.7833554 0.5001855 0.7792086 0.5301719 0.7799962 0.5293843 0.7857496 0.5281547 0.7811607 0.505939 0.7799962 0.5067265 0.7857496 0.5025796 0.7833554 0.5281547 0.7811607 0.5245962 0.7857496 0.5258257 0.7811607 0.507956 0.7811607 0.5115146 0.7857496 0.5067265 0.7857496 0.5238086 0.7799962 0.5245962 0.7857496 0.5204494 0.7833554 0.5123022 0.7799962 0.5115146 0.7857496 0.510285 0.7811607 0.5238086 0.7799962 0.5180554 0.7792086 0.5226442 0.7779791 0.5123022 0.7799962 0.5180554 0.7792086 0.5156613 0.7833554 0.5226442 0.77565 0.5180554 0.7792086 0.5180554 0.7744204 0.5134666 0.77565 0.5180554 0.7792086 0.5134666 0.7779791 0.5238087 0.773633 0.5180554 0.7744204 0.5204495 0.7702738 0.512302 0.773633 0.5180554 0.7744204 0.5134666 0.77565 0.5258257 0.7724685 0.5204495 0.7702738 0.5245962 0.7678796 0.5102851 0.7724685 0.5156614 0.7702738 0.512302 0.773633 0.5281548 0.7724685 0.5245962 0.7678796 0.5293844 0.7678796 0.5079559 0.7724685 0.5115147 0.7678796 0.5102851 0.7724685 0.5301719 0.773633 0.5293844 0.7678796 0.5335313 0.7702738 0.5059389 0.773633 0.5067264 0.7678796 0.5079559 0.7724685 0.5301719 0.773633 0.5359253 0.7744204 0.5313364 0.77565 0.5059389 0.773633 0.5001856 0.7744204 0.5025795 0.7702738 0.5446174 0.7899509 0.5414358 0.7931325 0.5359253 0.7876217 0.5033671 0.7857496 0.5088777 0.7912603 0.5013499 0.7932772 0.5505927 0.7742427 0.5500717 0.7722257 0.5505927 0.7722257 0.5495509 0.7678796 0.5500717 0.7698966 0.5495509 0.7698966 0.54903 0.7785889 0.5495508 0.780606 0.54903 0.780606 0.5500717 0.778589 0.5505926 0.7806059 0.5500717 0.7806059 0.5500717 0.7785889 0.5495508 0.7762599 0.5500717 0.7762599 0.5500717 0.7806059 0.5495508 0.7785889 0.5500717 0.7785889 0.5495509 0.7742428 0.54903 0.7722257 0.5495509 0.7722257 0.548509 0.7785889 0.5490299 0.780606 0.548509 0.780606 0.5495509 0.7698966 0.5500717 0.7722257 0.5495509 0.7722257 0.5495509 0.7722257 0.5500717 0.7742427 0.5495509 0.7742427 0.54903 0.77626 0.5495508 0.7785889 0.54903 0.7785889 0.54903 0.7742428 0.548509 0.7722257 0.54903 0.7722257 0.5505927 0.7698966 0.5500717 0.7678796 0.5505927 0.7678796 0.5495509 0.7722257 0.54903 0.7698968 0.5495509 0.7698968 0.548509 0.7762599 0.5490299 0.7785889 0.548509 0.7785889 0.5500717 0.7742428 0.5505926 0.7762598 0.5500717 0.7762598 0.54903 0.7742428 0.5495508 0.77626 0.54903 0.77626 0.54903 0.7722257 0.548509 0.7698966 0.54903 0.7698966 0.5505927 0.7722257 0.5500717 0.7698966 0.5505927 0.7698966 0.5495509 0.7698968 0.54903 0.7678796 0.5495509 0.7678796 0.548509 0.7742428 0.5490299 0.7762599 0.548509 0.7762599 0.5500717 0.7762598 0.5505926 0.778589 0.5500717 0.778589 0.5711832 0.64334 0.5861864 0.64334 0.5861864 0.703225 0.4568775 0.7678796 0.4418743 0.7678796 0.4418743 0.7079947 0.4418743 0.7678796 0.4245501 0.7678796 0.4245501 0.7079947 0.4245501 0.7079947 0.4245501 0.7678796 0.409547 0.7678796 0.5515383 0.7079947 0.5515384 0.7678796 0.5365353 0.7678796 0.5365353 0.7079947 0.5365353 0.7678796 0.5192111 0.7678796 0.5192111 0.7079947 0.5192111 0.7678796 0.5042079 0.7678796 0.4568775 0.7079947 0.4718807 0.7079947 0.4718807 0.7678797 0.4718807 0.7079947 0.4892048 0.7079947 0.4892048 0.7678797 0.4892048 0.7678797 0.4892048 0.7079947 0.5042079 0.7079948 0.538856 0.703225 0.538856 0.64334 0.5538591 0.64334 0.5538591 0.64334 0.5711832 0.64334 0.5711832 0.703225 0.5685244 0.7831861 0.5642778 0.7809764 0.5642778 0.77046 0.5600314 0.7575079 0.5642778 0.7583168 0.5642778 0.7704599 0.5322071 0.6687868 0.5253265 0.6568696 0.5301939 0.652002 0.4161959 0.6687868 0.409547 0.6670052 0.4182091 0.6520021 0.5322071 0.6687868 0.538856 0.6670052 0.538856 0.6843293 0.4161959 0.6687868 0.4161961 0.6825479 0.409547 0.6843293 0.5253266 0.6944651 0.532207 0.6825479 0.538856 0.6843293 0.4230763 0.6944651 0.4182091 0.6993325 0.409547 0.6843293 0.5134092 0.7013458 0.5253266 0.6944651 0.5301939 0.6993325 0.4349938 0.7013458 0.4332122 0.7079946 0.4182091 0.6993325 0.5134092 0.7013458 0.5151908 0.7079946 0.4978668 0.7079945 0.4349938 0.7013458 0.4487547 0.7013457 0.4505363 0.7079945 0.4877309 0.6944652 0.4996483 0.7013457 0.4978668 0.7079945 0.4606721 0.6944652 0.4655395 0.6993328 0.4505363 0.7079945 0.4877309 0.6944652 0.4828634 0.6993328 0.4742015 0.6843295 0.4606721 0.6944652 0.4675526 0.6825479 0.4742015 0.6843295 0.4808503 0.668787 0.4808504 0.6825479 0.4742015 0.6843295 0.4675526 0.6687869 0.4742015 0.6670053 0.4742015 0.6843295 0.4877308 0.6568697 0.4808503 0.668787 0.4742015 0.6670053 0.4606722 0.6568696 0.4655395 0.6520022 0.4742015 0.6670053 0.4996482 0.6499891 0.4877308 0.6568697 0.4828635 0.6520022 0.4487548 0.6499891 0.4505363 0.6433401 0.4655395 0.6520022 0.5134092 0.649989 0.4996482 0.6499891 0.4978666 0.6433401 0.4349938 0.649989 0.4332122 0.64334 0.4505363 0.6433401 0.5134092 0.649989 0.5151907 0.64334 0.5301939 0.652002 0.4349938 0.649989 0.4230765 0.6568696 0.4182091 0.6520021 0.5453631 0.7678796 0.5453631 0.7731291 0.5422173 0.7737657 0.5359253 0.7791906 0.5359253 0.7731291 0.5390712 0.7737658 0.5557848 0.7575081 0.5515384 0.7583169 0.5515384 0.7478005 0.564278 0.719912 0.564278 0.733673 0.5600314 0.7328641 0.564278 0.733673 0.564278 0.719912 0.5685245 0.7207208 0.5515384 0.7199123 0.5515384 0.7079947 0.5557849 0.7102046 0.5600314 0.7575079 0.5600314 0.7455905 0.5642778 0.7478005 0.5685244 0.7712689 0.5642778 0.77046 0.5642778 0.7583167 0.5557848 0.7712689 0.5515384 0.7704601 0.5515384 0.7583169 0.564278 0.719912 0.5600314 0.720721 0.5600314 0.7102046 0.564278 0.7079947 0.5685245 0.7102045 0.5685245 0.7207208 0.5515384 0.733673 0.5515384 0.7199123 0.5557849 0.7207211 0.5600314 0.7455906 0.5600314 0.7575078 0.5557849 0.7583167 0.5685244 0.7455906 0.5685244 0.7575079 0.5642778 0.7583167 0.5557848 0.7831863 0.5515384 0.7809765 0.5515384 0.7704601 0.5557849 0.7079947 0.5600314 0.7102044 0.5600314 0.7207208 0.5600314 0.7712689 0.5642778 0.7704599 0.5642778 0.7809764 0.5515384 0.733673 0.5557849 0.7328643 0.5557849 0.7433806 0.5600314 0.7712687 0.5557849 0.77046 0.5557849 0.7583167 0.5600314 0.7831862 0.5557849 0.7809764 0.5557849 0.77046 0.564278 0.733673 0.564278 0.7455903 0.5600314 0.7433805 0.564278 0.7455903 0.564278 0.733673 0.5685245 0.7328642 0.555785 0.7336729 0.555785 0.7199119 0.5600314 0.7207208 0.555785 0.7455903 0.555785 0.7336729 0.5600314 0.7328641 0.4435176 0.7875084 0.4404869 0.782259 0.4487946 0.7739512 0.4662149 0.7875084 0.4548662 0.7844676 0.4609379 0.7739512 0.4435176 0.79357 0.4435176 0.7875084 0.4548662 0.7844676 0.4662149 0.79357 0.4548662 0.796611 0.4548662 0.7844676 0.4404868 0.7988194 0.4435176 0.79357 0.4548662 0.796611 0.4692456 0.7988195 0.4609377 0.8071272 0.4548662 0.796611 0.4404868 0.7988194 0.4487947 0.8071272 0.4382784 0.8131989 0.4692456 0.7988195 0.4744951 0.8018502 0.471454 0.8131989 0.4352374 0.8018502 0.4382784 0.8131989 0.4261351 0.8131989 0.4744951 0.8018502 0.4805565 0.8018502 0.4835973 0.8131989 0.4239265 0.7988195 0.4291759 0.8018502 0.4261351 0.8131989 0.485806 0.7988195 0.4941139 0.8071275 0.4835973 0.8131989 0.4239265 0.7988195 0.4156186 0.8071274 0.409547 0.796611 0.485806 0.7988195 0.4888367 0.79357 0.5001855 0.796611 0.4208956 0.7875087 0.4208958 0.79357 0.409547 0.796611 0.4888368 0.7875087 0.5001855 0.7844676 0.5001855 0.796611 0.4239264 0.7822591 0.4208956 0.7875087 0.409547 0.7844676 0.4858061 0.7822591 0.494114 0.7739514 0.5001855 0.7844676 0.4239264 0.7822591 0.4156185 0.7739514 0.4261348 0.7678798 0.4858061 0.7822591 0.4805566 0.7792285 0.4835976 0.7678798 0.4352375 0.7792282 0.4291758 0.7792284 0.4261348 0.7678798 0.474495 0.7792282 0.4714543 0.7678796 0.4835976 0.7678798 0.4352375 0.7792282 0.4382782 0.7678796 0.4487946 0.7739512 0.474495 0.7792282 0.4692456 0.782259 0.4609379 0.7739512 0.54903 0.7698966 0.548509 0.7698966 0.548509 0.7678796 0.5500717 0.7762599 0.5495508 0.7762599 0.5495508 0.7742428 0.548509 0.7678796 0.548509 0.7731291 0.5453631 0.7737657 0.5422172 0.7791907 0.5422172 0.7844402 0.5390712 0.7827007 0.5600314 0.7831862 0.5631774 0.7849255 0.5631774 0.7890723 0.5631774 0.7944972 0.5663233 0.7938605 0.5663233 0.7980071 0.5359253 0.7791906 0.5390712 0.778554 0.5390712 0.7827007 0.5453631 0.7791905 0.5422172 0.7785539 0.5422173 0.7737657 0.5453631 0.7844399 0.5422173 0.7827006 0.5422172 0.7785539 0.5546843 0.7944973 0.5546843 0.7997466 0.5515384 0.7980073 0.5557849 0.7997465 0.5557849 0.7944971 0.5589308 0.7938605 0.5600314 0.7944971 0.5600314 0.7884356 0.5631774 0.7890723 0.5600314 0.7997465 0.5600314 0.7944971 0.5631774 0.7938605 0.5631774 0.7884356 0.5663233 0.7890722 0.5663233 0.7938605 0.548509 0.7844399 0.5453631 0.7827006 0.5453631 0.7785539 0.5422172 0.7731292 0.5390712 0.7737658 0.5390712 0.769619 0.5546843 0.7884357 0.5546843 0.7944973 0.5515384 0.7938606 0.5557849 0.7884356 0.5589308 0.7890723 0.5589308 0.7938605 0.5359253 0.7731291 0.5359253 0.7678796 0.5390712 0.7696189 0.5631774 0.7831862 0.5663233 0.7849255 0.5663233 0.7890722 0.548509 0.7731291 0.548509 0.7791906 0.5453631 0.7785539 0.5422172 0.7791907 0.5390712 0.778554 0.5390712 0.7737658 0.5546843 0.7831863 0.5546843 0.7884357 0.5515384 0.7890723 0.5557849 0.7831862 0.5589308 0.7849255 0.5589308 0.7890723 0.5313364 0.77565 0.5359253 0.7744204 0.5359253 0.7792086 0.5047743 0.77565 0.5047744 0.7779791 0.5001855 0.7792086 0.5313363 0.7779791 0.5359253 0.7792086 0.5335311 0.7833555 0.5047744 0.7779791 0.505939 0.7799962 0.5025796 0.7833554 0.5301719 0.7799962 0.5335311 0.7833555 0.5293843 0.7857496 0.505939 0.7799962 0.507956 0.7811607 0.5067265 0.7857496 0.5281547 0.7811607 0.5293843 0.7857496 0.5245962 0.7857496 0.507956 0.7811607 0.510285 0.7811607 0.5115146 0.7857496 0.5238086 0.7799962 0.5258257 0.7811607 0.5245962 0.7857496 0.5123022 0.7799962 0.5156613 0.7833554 0.5115146 0.7857496 0.5238086 0.7799962 0.5204494 0.7833554 0.5180554 0.7792086 0.5123022 0.7799962 0.5134666 0.7779791 0.5180554 0.7792086 0.5226442 0.77565 0.5226442 0.7779791 0.5180554 0.7792086 0.5134666 0.77565 0.5180554 0.7744204 0.5180554 0.7792086 0.5238087 0.773633 0.5226442 0.77565 0.5180554 0.7744204 0.512302 0.773633 0.5156614 0.7702738 0.5180554 0.7744204 0.5258257 0.7724685 0.5238087 0.773633 0.5204495 0.7702738 0.5102851 0.7724685 0.5115147 0.7678796 0.5156614 0.7702738 0.5281548 0.7724685 0.5258257 0.7724685 0.5245962 0.7678796 0.5079559 0.7724685 0.5067264 0.7678796 0.5115147 0.7678796 0.5301719 0.773633 0.5281548 0.7724685 0.5293844 0.7678796 0.5059389 0.773633 0.5025795 0.7702738 0.5067264 0.7678796 0.5301719 0.773633 0.5335313 0.7702738 0.5359253 0.7744204 0.5059389 0.773633 0.5047743 0.77565 0.5001856 0.7744204 0.5434531 0.7856048 0.5446175 0.7876218 0.5446174 0.7899509 0.5446174 0.7899509 0.5434529 0.7919679 0.5414358 0.7931325 0.5414358 0.7931325 0.5391068 0.7931324 0.5370897 0.7919679 0.5370897 0.7919679 0.5359253 0.7899507 0.5414358 0.7931325 0.5359253 0.7899507 0.5359253 0.7876217 0.5414358 0.7931325 0.5359253 0.7876217 0.5370898 0.7856047 0.5434531 0.7856048 0.5370898 0.7856047 0.5391068 0.7844402 0.5434531 0.7856048 0.5391068 0.7844402 0.541436 0.7844402 0.5434531 0.7856048 0.5434531 0.7856048 0.5446174 0.7899509 0.5359253 0.7876217 0.5013499 0.7932772 0.5001855 0.7912601 0.5033671 0.7857496 0.5001855 0.7912601 0.5001855 0.7889311 0.5033671 0.7857496 0.5001855 0.7889311 0.5013499 0.786914 0.5033671 0.7857496 0.5033671 0.7857496 0.5056962 0.7857496 0.5077132 0.7869141 0.5077132 0.7869141 0.5088778 0.7889312 0.5088777 0.7912603 0.5088777 0.7912603 0.5077132 0.7932773 0.505696 0.7944418 0.505696 0.7944418 0.5033671 0.7944418 0.5013499 0.7932772 0.5033671 0.7857496 0.5077132 0.7869141 0.5088777 0.7912603 0.5088777 0.7912603 0.505696 0.7944418 0.5013499 0.7932772 0.5505927 0.7742427 0.5500717 0.7742427 0.5500717 0.7722257 0.5495509 0.7678796 0.5500717 0.7678796 0.5500717 0.7698966 0.54903 0.7785889 0.5495508 0.7785889 0.5495508 0.780606 0.5500717 0.778589 0.5505926 0.778589 0.5505926 0.7806059 0.5500717 0.7785889 0.5495508 0.7785889 0.5495508 0.7762599 0.5500717 0.7806059 0.5495508 0.7806059 0.5495508 0.7785889 0.5495509 0.7742428 0.54903 0.7742428 0.54903 0.7722257 0.548509 0.7785889 0.5490299 0.7785889 0.5490299 0.780606 0.5495509 0.7698966 0.5500717 0.7698966 0.5500717 0.7722257 0.5495509 0.7722257 0.5500717 0.7722257 0.5500717 0.7742427 0.54903 0.77626 0.5495508 0.77626 0.5495508 0.7785889 0.54903 0.7742428 0.548509 0.7742428 0.548509 0.7722257 0.5505927 0.7698966 0.5500717 0.7698966 0.5500717 0.7678796 0.5495509 0.7722257 0.54903 0.7722257 0.54903 0.7698968 0.548509 0.7762599 0.5490299 0.7762599 0.5490299 0.7785889 0.5500717 0.7742428 0.5505926 0.7742428 0.5505926 0.7762598 0.54903 0.7742428 0.5495508 0.7742428 0.5495508 0.77626 0.54903 0.7722257 0.548509 0.7722257 0.548509 0.7698966 0.5505927 0.7722257 0.5500717 0.7722257 0.5500717 0.7698966 0.5495509 0.7698968 0.54903 0.7698968 0.54903 0.7678796 0.548509 0.7742428 0.5490299 0.7742428 0.5490299 0.7762599 0.5500717 0.7762598 0.5505926 0.7762598 0.5505926 0.778589</float_array>
          <technique_common>
            <accessor source="#Cylinder_007-mesh-map-0-array" count="996" stride="2">
              <param name="S" type="float"/>
              <param name="T" type="float"/>
            </accessor>
          </technique_common>
        </source>
        <vertices id="Cylinder_007-mesh-vertices">
          <input semantic="POSITION" source="#Cylinder_007-mesh-positions"/>
        </vertices>
        <triangles material="Beware-material" count="332">
          <input semantic="VERTEX" source="#Cylinder_007-mesh-vertices" offset="0"/>
          <input semantic="NORMAL" source="#Cylinder_007-mesh-normals" offset="1"/>
          <input semantic="TEXCOORD" source="#Cylinder_007-mesh-map-0" offset="2" set="0"/>
          <p>27 0 0 25 1 1 24 2 2 26 3 3 28 4 4 25 1 5 29 5 6 30 6 7 28 4 8 30 6 9 33 7 10 32 8 11 32 9 12 35 10 13 34 11 14 34 11 15 37 12 16 36 13 17 36 14 18 39 15 19 38 16 20 39 15 21 40 17 22 38 16 23 41 18 24 42 19 25 40 17 26 42 19 27 45 20 28 44 21 29 44 21 30 47 22 31 46 23 32 47 22 33 24 24 34 46 23 35 9 25 36 83 26 37 11 27 38 18 28 39 88 29 40 16 30 41 1 31 42 24 32 43 25 33 44 2 34 45 27 35 46 3 36 47 1 31 48 28 37 49 4 38 50 2 34 51 29 39 52 26 40 53 6 41 54 28 37 55 30 42 56 7 43 57 29 39 58 5 44 59 8 45 60 30 42 61 32 38 62 9 46 63 31 47 64 7 43 65 8 45 66 34 48 67 10 49 68 9 46 69 35 50 70 33 51 71 12 52 72 34 48 73 36 38 74 13 53 75 35 50 76 11 54 77 12 52 78 38 55 79 14 56 80 13 53 81 39 57 82 37 58 83 16 59 84 38 55 85 40 60 86 17 61 87 39 57 88 15 62 89 18 63 90 40 60 91 42 64 92 19 65 93 41 66 94 17 61 95 20 67 96 42 64 97 44 68 98 21 69 99 43 70 100 19 65 101 22 71 102 44 68 103 46 72 104 23 73 105 45 74 106 21 69 107 22 71 108 24 32 109 0 75 110 23 73 111 27 35 112 47 76 113 68 77 114 142 78 115 140 79 116 55 80 117 125 81 118 127 82 119 4 83 120 73 84 121 1 85 122 19 86 123 89 87 124 91 88 125 10 89 126 84 90 127 82 91 128 5 92 129 74 93 130 77 94 131 18 28 132 92 95 133 90 96 134 11 27 135 85 97 136 13 98 137 6 99 138 76 100 139 4 83 140 19 86 141 93 101 142 21 102 143 14 103 144 84 90 145 12 104 146 7 105 147 77 94 148 79 106 149 20 107 150 94 108 151 92 95 152 15 109 153 85 97 154 87 110 155 8 111 156 78 112 157 6 99 158 21 102 159 95 113 160 23 114 161 16 30 162 86 115 163 14 103 164 7 105 165 81 116 166 9 25 167 0 117 168 94 108 169 22 118 170 1 85 171 72 119 172 0 117 173 17 120 174 87 110 175 89 87 176 8 111 177 82 91 178 80 121 179 3 122 180 95 113 181 75 123 182 2 124 183 75 123 184 74 93 185 49 125 186 72 126 187 73 127 188 50 128 189 75 129 190 51 130 191 52 131 192 73 127 193 76 132 194 53 133 195 74 134 196 50 128 197 54 135 198 76 132 199 78 136 200 55 137 201 77 138 202 53 133 203 54 135 204 80 139 205 56 140 206 55 137 207 81 141 208 79 142 209 56 140 210 82 143 211 58 144 212 57 145 213 83 146 214 81 141 215 60 147 216 82 143 217 84 148 218 61 149 219 83 146 220 59 150 221 60 147 222 86 151 223 62 152 224 61 149 225 87 153 226 85 154 227 64 155 228 86 151 229 88 156 230 65 157 231 87 153 232 63 158 233 66 159 234 88 156 235 90 160 236 67 161 237 89 162 238 65 157 239 66 159 240 92 163 241 68 164 242 67 161 243 93 165 244 91 166 245 70 167 246 92 163 247 94 168 248 71 169 249 93 165 250 69 170 251 70 167 252 72 126 253 48 171 254 71 169 255 75 129 256 95 172 257 109 173 258 159 174 259 111 175 260 118 176 261 164 177 262 116 178 263 63 179 264 133 180 265 135 181 266 54 182 267 128 183 268 126 184 269 69 185 270 143 186 271 71 187 272 64 188 273 134 189 274 62 190 275 55 80 276 129 191 277 57 192 278 48 193 279 142 78 280 70 194 281 49 195 282 120 196 283 48 193 284 65 197 285 135 181 286 137 198 287 56 199 288 130 200 289 128 183 290 51 201 291 143 186 292 123 202 293 50 203 294 123 202 295 122 204 296 66 205 297 136 206 298 64 188 299 57 192 300 131 207 301 59 208 302 52 209 303 121 210 304 49 195 305 67 211 306 137 198 307 139 212 308 60 213 309 130 200 310 58 214 311 53 215 312 122 204 313 125 81 314 68 77 315 138 216 316 66 205 317 61 217 318 131 207 319 133 180 320 54 182 321 124 218 322 52 209 323 69 185 324 139 212 325 141 219 326 62 190 327 132 220 328 60 213 329 96 221 330 121 222 331 97 38 332 99 223 333 122 224 334 123 225 335 97 38 336 124 226 337 100 227 338 98 228 339 125 229 340 122 224 341 100 227 342 126 230 343 102 231 344 101 232 345 127 233 346 125 229 347 102 231 348 128 234 349 104 235 350 103 236 351 129 237 352 127 233 353 106 238 354 128 234 355 130 239 356 107 240 357 129 237 358 105 241 359 106 238 360 132 242 361 108 243 362 107 240 363 133 244 364 131 245 365 110 246 366 132 242 367 134 247 368 111 248 369 133 244 370 109 249 371 112 38 372 134 247 373 136 250 374 113 251 375 135 252 376 111 248 377 114 253 378 136 250 379 138 254 380 115 255 381 137 256 382 113 251 383 116 257 384 138 254 385 140 258 386 117 259 387 139 260 388 115 255 389 118 261 390 140 258 391 142 262 392 119 263 393 141 264 394 117 259 395 118 261 396 120 265 397 96 221 398 119 263 399 123 225 400 143 266 401 145 267 402 150 268 403 158 269 404 165 270 405 157 271 406 149 272 407 104 273 408 150 274 409 102 275 410 117 276 411 167 277 412 119 278 413 112 279 414 158 280 415 110 281 416 103 282 417 153 283 418 105 284 419 96 285 420 166 286 421 118 287 422 97 288 423 144 289 424 96 290 425 111 291 426 161 292 427 113 293 428 106 294 429 152 295 430 104 273 431 119 296 432 147 297 433 99 298 434 99 299 435 146 300 436 98 301 437 114 302 438 160 302 439 112 303 440 105 284 441 155 304 442 107 305 443 100 306 444 145 307 445 97 288 446 113 293 447 163 308 448 115 309 449 108 310 450 154 311 451 106 312 452 98 301 453 149 313 454 101 313 455 116 314 456 162 314 457 114 314 458 107 315 459 157 316 460 109 173 461 102 275 462 148 317 463 100 318 464 115 319 465 165 320 466 117 276 467 110 321 468 156 322 469 108 310 470 101 323 471 151 324 472 103 325 473 27 0 474 26 3 475 25 1 476 26 3 477 29 5 478 28 4 479 29 5 480 31 326 481 30 6 482 30 6 483 31 326 484 33 7 485 32 9 486 33 327 487 35 10 488 34 11 489 35 10 490 37 12 491 36 14 492 37 328 493 39 15 494 39 15 495 41 18 496 40 17 497 41 18 498 43 329 499 42 19 500 42 19 501 43 329 502 45 20 503 44 21 504 45 20 505 47 22 506 47 22 507 27 330 508 24 24 509 9 25 510 81 116 511 83 26 512 18 28 513 90 96 514 88 29 515 1 31 516 0 75 517 24 32 518 2 34 519 26 40 520 27 35 521 1 31 522 25 33 523 28 37 524 2 34 525 5 44 526 29 39 527 6 41 528 4 38 529 28 37 530 7 43 531 31 47 532 29 39 533 8 45 534 6 41 535 30 42 536 9 46 537 33 51 538 31 47 539 8 45 540 32 38 541 34 48 542 9 46 543 11 54 544 35 50 545 12 52 546 10 49 547 34 48 548 13 53 549 37 58 550 35 50 551 12 52 552 36 38 553 38 55 554 13 53 555 15 62 556 39 57 557 16 59 558 14 56 559 38 55 560 17 61 561 41 66 562 39 57 563 18 63 564 16 59 565 40 60 566 19 65 567 43 70 568 41 66 569 20 67 570 18 63 571 42 64 572 21 69 573 45 74 574 43 70 575 22 71 576 20 67 577 44 68 578 23 73 579 47 76 580 45 74 581 22 71 582 46 72 583 24 32 584 23 73 585 3 36 586 27 35 587 68 77 588 70 194 589 142 78 590 55 80 591 53 215 592 125 81 593 4 83 594 76 100 595 73 84 596 19 86 597 17 120 598 89 87 599 10 89 600 12 104 601 84 90 602 5 92 603 2 124 604 74 93 605 18 28 606 20 107 607 92 95 608 11 27 609 83 26 610 85 97 611 6 99 612 78 112 613 76 100 614 19 86 615 91 88 616 93 101 617 14 103 618 86 115 619 84 90 620 7 105 621 5 92 622 77 94 623 20 107 624 22 118 625 94 108 626 15 109 627 13 98 628 85 97 629 8 111 630 80 121 631 78 112 632 21 102 633 93 101 634 95 113 635 16 30 636 88 29 637 86 115 638 7 105 639 79 106 640 81 116 641 0 117 642 72 119 643 94 108 644 1 85 645 73 84 646 72 119 647 17 120 648 15 109 649 87 110 650 8 111 651 10 89 652 82 91 653 3 122 654 23 114 655 95 113 656 2 124 657 3 122 658 75 123 659 49 125 660 48 171 661 72 126 662 50 128 663 74 134 664 75 129 665 52 131 666 49 125 667 73 127 668 53 133 669 77 138 670 74 134 671 54 135 672 52 131 673 76 132 674 55 137 675 79 142 676 77 138 677 54 135 678 78 136 679 80 139 680 55 137 681 57 145 682 81 141 683 56 140 684 80 139 685 82 143 686 57 145 687 59 150 688 83 146 689 60 147 690 58 144 691 82 143 692 61 149 693 85 154 694 83 146 695 60 147 696 84 148 697 86 151 698 61 149 699 63 158 700 87 153 701 64 155 702 62 152 703 86 151 704 65 157 705 89 162 706 87 153 707 66 159 708 64 155 709 88 156 710 67 161 711 91 166 712 89 162 713 66 159 714 90 160 715 92 163 716 67 161 717 69 170 718 93 165 719 70 167 720 68 164 721 92 163 722 71 169 723 95 172 724 93 165 725 70 167 726 94 168 727 72 126 728 71 169 729 51 130 730 75 129 731 109 173 732 157 316 733 159 174 734 118 176 735 166 331 736 164 177 737 63 179 738 61 217 739 133 180 740 54 182 741 56 199 742 128 183 743 69 185 744 141 219 745 143 186 746 64 188 747 136 206 748 134 189 749 55 80 750 127 82 751 129 191 752 48 193 753 120 196 754 142 78 755 49 195 756 121 210 757 120 196 758 65 197 759 63 179 760 135 181 761 56 199 762 58 214 763 130 200 764 51 201 765 71 187 766 143 186 767 50 203 768 51 201 769 123 202 770 66 205 771 138 216 772 136 206 773 57 192 774 129 191 775 131 207 776 52 209 777 124 218 778 121 210 779 67 211 780 65 197 781 137 198 782 60 213 783 132 220 784 130 200 785 53 215 786 50 203 787 122 204 788 68 77 789 140 79 790 138 216 791 61 217 792 59 208 793 131 207 794 54 182 795 126 184 796 124 218 797 69 185 798 67 211 799 139 212 800 62 190 801 134 189 802 132 220 803 96 221 804 120 265 805 121 222 806 99 223 807 98 228 808 122 224 809 97 38 810 121 222 811 124 226 812 98 228 813 101 232 814 125 229 815 100 227 816 124 226 817 126 230 818 101 232 819 103 236 820 127 233 821 102 231 822 126 230 823 128 234 824 103 236 825 105 241 826 129 237 827 106 238 828 104 235 829 128 234 830 107 240 831 131 245 832 129 237 833 106 238 834 130 239 835 132 242 836 107 240 837 109 249 838 133 244 839 110 246 840 108 243 841 132 242 842 111 248 843 135 252 844 133 244 845 112 38 846 110 246 847 134 247 848 113 251 849 137 256 850 135 252 851 114 253 852 112 38 853 136 250 854 115 255 855 139 260 856 137 256 857 116 257 858 114 253 859 138 254 860 117 259 861 141 264 862 139 260 863 118 261 864 116 257 865 140 258 866 119 263 867 143 266 868 141 264 869 118 261 870 142 262 871 120 265 872 119 263 873 99 223 874 123 225 875 166 332 876 144 333 877 145 267 878 145 267 879 148 334 880 150 268 881 150 268 882 152 38 883 154 38 884 154 38 885 156 38 886 150 268 887 156 38 888 158 269 889 150 268 890 158 269 891 160 335 892 166 332 893 160 335 894 162 336 895 166 332 896 162 336 897 164 38 898 166 332 899 166 332 900 145 267 901 158 269 902 149 272 903 146 337 904 165 270 905 146 337 906 147 338 907 165 270 908 147 338 909 167 339 910 165 270 911 165 270 912 163 339 913 161 340 914 161 340 915 159 341 916 157 271 917 157 271 918 155 339 919 153 342 920 153 342 921 151 343 922 149 272 923 165 270 924 161 340 925 157 271 926 157 271 927 153 342 928 149 272 929 104 273 930 152 295 931 150 274 932 117 276 933 165 320 934 167 277 935 112 279 936 160 344 937 158 280 938 103 282 939 151 345 940 153 283 941 96 285 942 144 346 943 166 286 944 97 288 945 145 307 946 144 289 947 111 291 948 159 347 949 161 292 950 106 294 951 154 348 952 152 295 953 119 296 954 167 349 955 147 297 956 99 299 957 147 299 958 146 300 959 114 302 960 162 303 961 160 302 962 105 284 963 153 283 964 155 304 965 100 306 966 148 350 967 145 307 968 113 293 969 161 292 970 163 308 971 108 310 972 156 322 973 154 311 974 98 301 975 146 300 976 149 313 977 116 314 978 164 314 979 162 314 980 107 315 981 155 351 982 157 316 983 102 275 984 150 274 985 148 317 986 115 319 987 163 352 988 165 320 989 110 321 990 158 353 991 156 322 992 101 323 993 149 354 994 151 324 995</p>
        </triangles>
      </mesh>
    </geometry>
    <geometry id="Cylinder_005-mesh" name="Cylinder.005">
      <mesh>
        <source id="Cylinder_005-mesh-positions">
          <float_array id="Cylinder_005-mesh-positions-array" count="144">-0.9998593 -0.3033281 0.3829748 -1.287672 -0.3033281 0.3829747 -0.9998593 -0.278328 0.301193 -1.287672 -0.278328 0.301193 -0.9998594 -0.2157875 0.2428678 -1.287672 -0.2157875 0.2428678 -0.9998594 -0.132463 0.2236271 -1.287672 -0.132463 0.2236271 -0.9998594 -0.05068117 0.2486267 -1.287672 -0.05068117 0.2486267 -0.9998594 0.00764358 0.3111677 -1.287672 0.00764358 0.3111676 -0.9998594 0.02688491 0.3944925 -1.287672 0.02688491 0.3944925 -0.9998594 0.001885294 0.4762741 -1.287672 0.001885294 0.4762741 -0.9998594 -0.06065565 0.5345994 -1.287672 -0.06065565 0.5345994 -0.9998594 -0.143981 0.5538401 -1.287672 -0.143981 0.5538401 -0.9998594 -0.225762 0.5288406 -1.287672 -0.225762 0.5288406 -0.9998593 -0.2840873 0.4662995 -1.287672 -0.2840873 0.4662995 -0.9998593 -0.5529387 0.3742684 -0.9998593 -0.4901431 0.1688481 -1.287672 -0.4901431 0.1688481 -1.287672 -0.5529387 0.3742683 -0.9998593 -0.3330523 0.02234607 -1.287672 -0.3330523 0.0223459 -0.9998594 -0.1237574 -0.02598285 -1.287672 -0.1237574 -0.02598309 -0.9998594 0.0816648 0.03681123 -1.287672 0.0816648 0.03681105 -0.9998595 0.2281667 0.1939026 -1.287672 0.2281667 0.1939026 -0.9998595 0.2764936 0.4031988 -1.287672 0.2764936 0.4031987 -0.9998595 0.2137014 0.6086192 -1.287672 0.2137014 0.6086192 -0.9998594 0.05660986 0.7551212 -1.287672 0.05660986 0.7551212 -0.9998594 -0.1526873 0.8034501 -1.287672 -0.1526873 0.80345 -0.9998593 -0.3581072 0.740656 -1.287672 -0.3581072 0.740656 -0.9998593 -0.5046084 0.5835646 -1.287672 -0.5046084 0.5835646</float_array>
          <technique_common>
            <accessor source="#Cylinder_005-mesh-positions-array" count="48" stride="3">
              <param name="X" type="float"/>
              <param name="Y" type="float"/>
              <param name="Z" type="float"/>
            </accessor>
          </technique_common>
        </source>
        <source id="Cylinder_005-mesh-normals">
          <float_array id="Cylinder_005-mesh-normals-array" count="144">-0.6532257 -0.7567031 -0.02639389 0.6532276 -0.6421248 -0.4012101 0.6532257 -0.7567031 -0.02639371 -0.6532276 -0.6421248 -0.40121 0.6532273 -0.3554944 -0.6685192 -0.6532266 -0.355495 -0.6685195 0.653227 0.02639216 -0.7567021 -0.6532263 0.4012084 -0.6421273 0.6532267 0.4012084 -0.6421267 0.6532258 0.6685226 -0.3554905 -0.6532288 0.7567003 0.02639389 0.6532282 0.7567009 0.02639371 -0.6532259 0.6421285 0.4012069 0.6532257 0.642129 0.4012064 -0.6532268 0.3554928 0.6685206 0.6532269 0.355493 0.6685203 -0.653227 -0.02639412 0.756702 0.6532266 -0.02639377 0.7567024 -0.6532265 -0.4012098 0.6421261 0.6532267 -0.4012098 0.6421259 -0.7702615 0.5630679 -0.2994191 0.7702613 0.3379232 -0.5408377 0.7702618 0.5630678 -0.2994185 0.6532278 -0.6685187 0.3554943 -0.6532279 -0.6685187 0.3554943 0.770263 0.6373388 0.02223151 -0.770263 0.6373387 0.02223151 0.7702606 0.5408388 0.3379231 0.7702616 0.2994205 0.563067 -0.7702622 0.2994194 0.5630669 -0.7702608 0.5408383 0.3379237 0.770262 -0.0222299 0.6373401 -0.770262 -0.02222973 0.6373401 0.7702622 -0.3379229 0.5408368 -0.7702621 -0.3379236 0.5408365 -0.6532265 0.02639216 -0.7567026 0.7702607 -0.5630683 0.2994204 -0.77026 -0.5630695 0.29942 0.7702633 -0.6373385 -0.02222818 -0.6532264 0.6685221 -0.3554906 0.7702617 -0.5408377 -0.3379225 -0.7702618 -0.5408377 -0.3379225 -0.7702628 -0.6373393 -0.02222812 0.770262 -0.2994178 -0.5630679 0.7702619 0.02223241 -0.6373402 -0.7702623 -0.2994167 -0.5630681 -0.770262 0.02223104 -0.6373401 -0.7702617 0.337922 -0.5408379</float_array>
          <technique_common>
            <accessor source="#Cylinder_005-mesh-normals-array" count="48" stride="3">
              <param name="X" type="float"/>
              <param name="Y" type="float"/>
              <param name="Z" type="float"/>
            </accessor>
          </technique_common>
        </source>
        <source id="Cylinder_005-mesh-map-0">
          <float_array id="Cylinder_005-mesh-map-0-array" count="576">0.4944561 0.9403245 0.4615751 0.9648647 0.4615751 0.9403245 0.4944561 0.9648647 0.4615751 0.986117 0.4615751 0.9648647 0.395813 0.9861171 0.428694 0.9648649 0.428694 0.9861171 0.428694 0.9648649 0.3958129 0.9403245 0.428694 0.9403245 0.3958129 0.9403245 0.428694 0.9190721 0.428694 0.9403245 0.461575 0.9861171 0.428694 0.9648646 0.461575 0.9648646 0.461575 0.9648646 0.428694 0.9403245 0.461575 0.9403245 0.461575 0.9403245 0.428694 0.9190721 0.4615751 0.9190721 0.4944561 0.9190721 0.5273372 0.9403246 0.4944561 0.9403246 0.4944561 0.9403246 0.5273372 0.9648647 0.4944561 0.9648647 0.5540291 0.9519532 0.5455681 0.9190722 0.554029 0.9190721 0.5273372 0.9648647 0.4944561 0.986117 0.4944561 0.9648647 0.4944561 0.9190721 0.4615751 0.9403245 0.4615751 0.9190721 0.5273372 0.9848342 0.5357981 0.9519532 0.5357982 0.9848342 0.5465365 0.8599336 0.578983 0.8610095 0.5514214 0.8683946 0.4282595 0.8599336 0.395813 0.8610095 0.408083 0.839757 0.5514214 0.8781645 0.578983 0.8610095 0.5789831 0.8855496 0.4233745 0.8781645 0.395813 0.8610095 0.4233746 0.8683946 0.5465365 0.8866255 0.5789831 0.8855496 0.5667131 0.9068018 0.4282594 0.8866255 0.3958129 0.8855496 0.4233745 0.8781645 0.5380756 0.8915104 0.5667131 0.9068018 0.5454606 0.9190721 0.4367204 0.8915104 0.4080829 0.9068018 0.4282594 0.8866255 0.5283057 0.8915104 0.5454606 0.9190721 0.5209204 0.9190721 0.4464903 0.8915104 0.4293354 0.9190721 0.4367204 0.8915104 0.5283057 0.8915104 0.4996682 0.9068019 0.5198447 0.8866255 0.4464903 0.8915104 0.4751278 0.906802 0.4538755 0.9190721 0.5149597 0.8781645 0.4996682 0.9068019 0.487398 0.8855496 0.4598363 0.8781645 0.4751278 0.906802 0.4549513 0.8866255 0.5149597 0.8781645 0.487398 0.8610095 0.5149597 0.8683946 0.4598363 0.8781645 0.487398 0.8610095 0.487398 0.8855497 0.5149597 0.8683946 0.4996681 0.8397571 0.5198447 0.8599336 0.4598363 0.8683946 0.4751278 0.8397571 0.487398 0.8610095 0.5198447 0.8599336 0.5209205 0.8274871 0.5283056 0.8550487 0.4549513 0.8599336 0.4538756 0.8274871 0.4751278 0.8397571 0.5283056 0.8550487 0.5454605 0.8274871 0.5380755 0.8550487 0.4464904 0.8550487 0.4293355 0.8274871 0.4538756 0.8274871 0.5465365 0.8599336 0.5454605 0.8274871 0.566713 0.839757 0.4282595 0.8599336 0.4293355 0.8274871 0.4367205 0.8550487 0.5357983 0.9519532 0.5455681 0.9190722 0.5455681 0.9519532 0.5273373 0.9519532 0.5357983 0.9190722 0.5357983 0.9519532 0.5624901 0.9519532 0.5540291 0.9848342 0.5540291 0.9519532 0.5624901 0.9519532 0.5722599 0.9848342 0.5624901 0.9848342 0.5722599 0.9519532 0.5807209 0.9848342 0.5722599 0.9848342 0.5807209 0.9519532 0.5722599 0.9190721 0.5807209 0.9190721 0.56249 0.9519531 0.5722599 0.9190721 0.5722599 0.9519531 0.5540291 0.9519531 0.56249 0.9190721 0.56249 0.9519531 0.5455681 0.9848342 0.5540291 0.9519532 0.5540291 0.9848342 0.5357982 0.9848342 0.5455681 0.9519532 0.5455681 0.9848342 0.4944561 0.9403245 0.4944561 0.9648647 0.4615751 0.9648647 0.4944561 0.9648647 0.4944561 0.9861171 0.4615751 0.986117 0.395813 0.9861171 0.3958129 0.9648649 0.428694 0.9648649 0.428694 0.9648649 0.3958129 0.9648649 0.3958129 0.9403245 0.3958129 0.9403245 0.3958129 0.9190722 0.428694 0.9190721 0.461575 0.9861171 0.428694 0.9861171 0.428694 0.9648646 0.461575 0.9648646 0.428694 0.9648646 0.428694 0.9403245 0.461575 0.9403245 0.428694 0.9403245 0.428694 0.9190721 0.4944561 0.9190721 0.5273372 0.9190721 0.5273372 0.9403246 0.4944561 0.9403246 0.5273372 0.9403246 0.5273372 0.9648647 0.5540291 0.9519532 0.5455681 0.9519532 0.5455681 0.9190722 0.5273372 0.9648647 0.5273371 0.986117 0.4944561 0.986117 0.4944561 0.9190721 0.4944561 0.9403245 0.4615751 0.9403245 0.5273372 0.9848342 0.5273372 0.9519532 0.5357981 0.9519532 0.5465365 0.8599336 0.566713 0.839757 0.578983 0.8610095 0.4282595 0.8599336 0.4233746 0.8683946 0.395813 0.8610095 0.5514214 0.8781645 0.5514214 0.8683946 0.578983 0.8610095 0.4233745 0.8781645 0.3958129 0.8855496 0.395813 0.8610095 0.5465365 0.8866255 0.5514214 0.8781645 0.5789831 0.8855496 0.4282594 0.8866255 0.4080829 0.9068018 0.3958129 0.8855496 0.5380756 0.8915104 0.5465365 0.8866255 0.5667131 0.9068018 0.4367204 0.8915104 0.4293354 0.9190721 0.4080829 0.9068018 0.5283057 0.8915104 0.5380756 0.8915104 0.5454606 0.9190721 0.4464903 0.8915104 0.4538755 0.9190721 0.4293354 0.9190721 0.5283057 0.8915104 0.5209204 0.9190721 0.4996682 0.9068019 0.4464903 0.8915104 0.4549513 0.8866255 0.4751278 0.906802 0.5149597 0.8781645 0.5198447 0.8866255 0.4996682 0.9068019 0.4598363 0.8781645 0.487398 0.8855497 0.4751278 0.906802 0.5149597 0.8781645 0.487398 0.8855496 0.487398 0.8610095 0.4598363 0.8781645 0.4598363 0.8683946 0.487398 0.8610095 0.5149597 0.8683946 0.487398 0.8610095 0.4996681 0.8397571 0.4598363 0.8683946 0.4549513 0.8599336 0.4751278 0.8397571 0.5198447 0.8599336 0.4996681 0.8397571 0.5209205 0.8274871 0.4549513 0.8599336 0.4464904 0.8550487 0.4538756 0.8274871 0.5283056 0.8550487 0.5209205 0.8274871 0.5454605 0.8274871 0.4464904 0.8550487 0.4367205 0.8550487 0.4293355 0.8274871 0.5465365 0.8599336 0.5380755 0.8550487 0.5454605 0.8274871 0.4282595 0.8599336 0.408083 0.839757 0.4293355 0.8274871 0.5357983 0.9519532 0.5357983 0.9190722 0.5455681 0.9190722 0.5273373 0.9519532 0.5273372 0.9190722 0.5357983 0.9190722 0.5624901 0.9519532 0.5624901 0.9848342 0.5540291 0.9848342 0.5624901 0.9519532 0.5722599 0.9519532 0.5722599 0.9848342 0.5722599 0.9519532 0.5807209 0.9519532 0.5807209 0.9848342 0.5807209 0.9519532 0.5722599 0.9519531 0.5722599 0.9190721 0.56249 0.9519531 0.56249 0.9190721 0.5722599 0.9190721 0.5540291 0.9519531 0.5540291 0.9190721 0.56249 0.9190721 0.5455681 0.9848342 0.5455681 0.9519532 0.5540291 0.9519532 0.5357982 0.9848342 0.5357981 0.9519532 0.5455681 0.9519532</float_array>
          <technique_common>
            <accessor source="#Cylinder_005-mesh-map-0-array" count="288" stride="2">
              <param name="S" type="float"/>
              <param name="T" type="float"/>
            </accessor>
          </technique_common>
        </source>
        <vertices id="Cylinder_005-mesh-vertices">
          <input semantic="POSITION" source="#Cylinder_005-mesh-positions"/>
        </vertices>
        <triangles material="Beware-material" count="96">
          <input semantic="VERTEX" source="#Cylinder_005-mesh-vertices" offset="0"/>
          <input semantic="NORMAL" source="#Cylinder_005-mesh-normals" offset="1"/>
          <input semantic="TEXCOORD" source="#Cylinder_005-mesh-map-0" offset="2" set="0"/>
          <p>27 0 0 25 1 1 24 2 2 26 3 3 28 4 4 25 1 5 29 5 6 30 6 7 28 4 8 30 6 9 33 7 10 32 8 11 33 7 12 34 9 13 32 8 14 34 9 15 37 10 16 36 11 17 36 11 18 39 12 19 38 13 20 38 13 21 41 14 22 40 15 23 40 15 24 43 16 25 42 17 26 42 17 27 45 18 28 44 19 29 23 20 30 20 21 31 22 22 32 45 18 33 46 23 34 44 19 35 47 24 36 24 2 37 46 23 38 23 20 39 0 25 40 1 26 41 0 25 42 25 1 43 2 27 44 1 26 45 26 3 46 27 0 47 4 28 48 25 1 49 28 4 50 5 29 51 26 3 52 3 30 53 6 31 54 28 4 55 30 6 56 7 32 57 29 5 58 5 29 59 8 33 60 30 6 61 32 8 62 9 34 63 31 35 64 7 32 65 10 36 66 32 8 67 34 9 68 11 37 69 33 7 70 9 34 71 10 36 72 36 11 73 12 38 74 11 37 75 37 10 76 35 39 77 14 40 78 36 11 79 38 13 80 15 41 81 37 10 82 13 42 83 14 40 84 40 15 85 16 43 86 15 41 87 41 14 88 39 12 89 16 43 90 42 17 91 18 44 92 17 45 93 43 16 94 41 14 95 18 44 96 44 19 97 20 21 98 19 46 99 45 18 100 43 16 101 20 21 102 46 23 103 22 22 104 21 47 105 47 24 106 45 18 107 0 25 108 46 23 109 24 2 110 1 26 111 47 24 112 23 20 113 19 46 114 20 21 115 21 47 116 17 45 117 18 44 118 19 46 119 15 41 120 16 43 121 17 45 122 15 41 123 12 38 124 14 40 125 13 42 126 10 36 127 12 38 128 11 37 129 8 33 130 10 36 131 7 32 132 8 33 133 9 34 134 5 29 135 6 31 136 7 32 137 3 30 138 4 28 139 5 29 140 1 26 141 2 27 142 3 30 143 27 0 144 26 3 145 25 1 146 26 3 147 29 5 148 28 4 149 29 5 150 31 35 151 30 6 152 30 6 153 31 35 154 33 7 155 33 7 156 35 39 157 34 9 158 34 9 159 35 39 160 37 10 161 36 11 162 37 10 163 39 12 164 38 13 165 39 12 166 41 14 167 40 15 168 41 14 169 43 16 170 42 17 171 43 16 172 45 18 173 23 20 174 21 47 175 20 21 176 45 18 177 47 24 178 46 23 179 47 24 180 27 0 181 24 2 182 23 20 183 22 22 184 0 25 185 0 25 186 24 2 187 25 1 188 1 26 189 3 30 190 26 3 191 4 28 192 2 27 193 25 1 194 5 29 195 29 5 196 26 3 197 6 31 198 4 28 199 28 4 200 7 32 201 31 35 202 29 5 203 8 33 204 6 31 205 30 6 206 9 34 207 33 7 208 31 35 209 10 36 210 8 33 211 32 8 212 11 37 213 35 39 214 33 7 215 10 36 216 34 9 217 36 11 218 11 37 219 13 42 220 37 10 221 14 40 222 12 38 223 36 11 224 15 41 225 39 12 226 37 10 227 14 40 228 38 13 229 40 15 230 15 41 231 17 45 232 41 14 233 16 43 234 40 15 235 42 17 236 17 45 237 19 46 238 43 16 239 18 44 240 42 17 241 44 19 242 19 46 243 21 47 244 45 18 245 20 21 246 44 19 247 46 23 248 21 47 249 23 20 250 47 24 251 0 25 252 22 22 253 46 23 254 1 26 255 27 0 256 47 24 257 19 46 258 18 44 259 20 21 260 17 45 261 16 43 262 18 44 263 15 41 264 14 40 265 16 43 266 15 41 267 13 42 268 12 38 269 13 42 270 11 37 271 10 36 272 11 37 273 9 34 274 8 33 275 7 32 276 6 31 277 8 33 278 5 29 279 4 28 280 6 31 281 3 30 282 2 27 283 4 28 284 1 26 285 0 25 286 2 27 287</p>
        </triangles>
      </mesh>
    </geometry>
    <geometry id="Cylinder_009-mesh" name="Cylinder.009">
      <mesh>
        <source id="Cylinder_009-mesh-positions">
          <float_array id="Cylinder_009-mesh-positions-array" count="504">0.9930285 -0.2719706 0.3840684 0.9930286 -0.2517198 0.3178188 1.294503 -0.2517198 0.3178188 1.294503 -0.2719706 0.3840684 0.9930286 -0.2010554 0.2705707 1.294503 -0.2010554 0.2705707 0.9930286 -0.1335567 0.2549842 1.294503 -0.1335567 0.2549842 0.9930286 -0.06730639 0.2752359 1.294503 -0.06730639 0.2752358 0.9930286 -0.02005898 0.3258991 1.294503 -0.02005898 0.3258991 0.9930286 -0.004472136 0.3933988 1.294503 -0.004472136 0.3933987 0.9930286 -0.02472388 0.4596483 1.294503 -0.02472388 0.4596483 0.9930286 -0.07538688 0.5068965 1.294503 -0.07538688 0.5068965 0.9930286 -0.1428865 0.5224829 1.294503 -0.1428865 0.5224829 0.9930286 -0.2091364 0.5022312 1.294503 -0.2091364 0.5022312 0.9930286 -0.2563847 0.451568 1.294503 -0.2563847 0.451568 0.9930285 -0.3066033 0.3828605 0.9930285 -0.2811078 0.2994567 1.294503 -0.2811078 0.2994567 1.294503 -0.3066033 0.3828604 0.9930286 -0.2173261 0.2399746 1.294503 -0.2173261 0.2399745 0.9930286 -0.132348 0.2203522 1.294503 -0.132348 0.2203522 0.9930286 -0.04894435 0.2458477 1.294503 -0.04894435 0.2458476 0.9930286 0.01053673 0.3096292 1.294503 0.01053673 0.3096292 0.9930286 0.03016048 0.3946067 1.294503 0.03016048 0.3946067 0.9930286 0.004664003 0.4780105 1.294503 0.004664003 0.4780105 0.9930286 -0.05911767 0.5374926 1.294503 -0.05911767 0.5374926 0.9930286 -0.1440948 0.5571148 1.294503 -0.1440948 0.5571148 0.9930286 -0.2274989 0.5316194 1.294503 -0.2274989 0.5316194 0.9930285 -0.286981 0.4678379 1.294503 -0.286981 0.4678379 1.019621 -0.1971368 0.3866787 1.019621 -0.1882161 0.3574969 1.26791 -0.1882161 0.3574969 1.26791 -0.1971368 0.3866786 1.019621 -0.1658992 0.3366845 1.26791 -0.1658992 0.3366845 1.019621 -0.1361665 0.329819 1.26791 -0.1361665 0.3298189 1.019621 -0.106984 0.3387395 1.26791 -0.106984 0.3387395 1.019621 -0.08617246 0.3610558 1.26791 -0.08617246 0.3610558 1.019621 -0.07930696 0.3907886 1.26791 -0.07930696 0.3907885 1.019621 -0.08822762 0.4199706 1.26791 -0.08822762 0.4199706 1.019621 -0.1105431 0.4407826 1.26791 -0.1105431 0.4407826 1.019621 -0.1402763 0.4476482 1.26791 -0.1402763 0.4476482 1.019621 -0.1694583 0.4387277 1.26791 -0.1694583 0.4387276 1.019621 -0.1902713 0.4164111 1.26791 -0.1902713 0.4164111 1.014406 -0.2562474 0.3846169 1.014406 -0.2383765 0.3261553 1.273125 -0.2383765 0.3261553 1.273125 -0.2562474 0.3846169 1.014406 -0.1936687 0.2844616 1.273125 -0.1936687 0.2844615 1.014406 -0.1341046 0.2707074 1.273125 -0.1341046 0.2707074 1.014406 -0.07564342 0.2885783 1.273125 -0.07564342 0.2885782 1.014406 -0.03394973 0.3332857 1.273125 -0.03394973 0.3332857 1.014406 -0.02019488 0.3928503 1.273125 -0.02019488 0.3928503 1.014406 -0.03806626 0.4513118 1.273125 -0.03806626 0.4513118 1.014406 -0.08277404 0.4930056 1.273125 -0.08277404 0.4930056 1.014406 -0.1423377 0.5067599 1.273125 -0.1423377 0.5067599 1.014406 -0.2007989 0.4888889 1.273125 -0.2007989 0.4888889 1.014406 -0.2424935 0.4441814 1.273125 -0.2424935 0.4441814 1.003784 -0.160859 0.387944 1.003784 -0.157431 0.3767312 1.283747 -0.157431 0.3767312 1.283747 -0.160859 0.387944 1.003784 -0.1488565 0.3687342 1.283747 -0.1488565 0.3687341 1.003784 -0.1374315 0.3660961 1.283747 -0.1374315 0.3660961 1.003784 -0.1262192 0.3695238 1.283747 -0.1262192 0.3695238 1.003784 -0.1182217 0.3780986 1.283747 -0.1182217 0.3780986 1.003784 -0.1155843 0.3895232 1.283747 -0.1155843 0.3895232 1.003784 -0.1190118 0.4007362 1.283747 -0.1190118 0.4007362 1.003784 -0.1275867 0.408733 1.283747 -0.1275867 0.408733 1.003784 -0.1390108 0.411371 1.283747 -0.1390108 0.411371 1.003784 -0.1502241 0.4079434 1.283747 -0.1502241 0.4079434 1.003784 -0.1582211 0.3993684 1.283747 -0.1582211 0.3993684 1.003784 -0.1847605 0.3871104 1.003784 -0.1777142 0.3640584 1.283747 -0.1777142 0.3640584 1.283747 -0.1847605 0.3871103 1.003784 -0.1600851 0.3476179 1.283747 -0.1600851 0.3476179 1.003784 -0.136598 0.3421945 1.283747 -0.136598 0.3421944 1.003784 -0.1135463 0.3492412 1.283747 -0.1135463 0.3492412 1.003784 -0.09710586 0.3668698 1.283747 -0.09710586 0.3668698 1.003784 -0.09168279 0.3903569 1.283747 -0.09168279 0.3903568 1.003784 -0.09872949 0.4134089 1.283747 -0.09872949 0.4134089 1.003784 -0.1163577 0.4298492 1.283747 -0.1163577 0.4298492 1.003784 -0.1398448 0.4352727 1.283747 -0.1398448 0.4352727 1.003784 -0.162897 0.428226 1.283747 -0.162897 0.4282259 1.003784 -0.1793379 0.4105972 1.283747 -0.1793379 0.4105972 1.006406 -0.160859 0.387944 1.006406 -0.157431 0.3767312 1.281125 -0.157431 0.3767312 1.281125 -0.160859 0.387944 1.006406 -0.1488565 0.3687342 1.281125 -0.1488565 0.3687341 1.006406 -0.1374315 0.3660961 1.281125 -0.1374315 0.3660961 1.006406 -0.1262192 0.3695238 1.281125 -0.1262192 0.3695238 1.006406 -0.1182217 0.3780986 1.281125 -0.1182217 0.3780986 1.006406 -0.1155843 0.3895232 1.281125 -0.1155843 0.3895232 1.006406 -0.1190118 0.4007362 1.281125 -0.1190118 0.4007362 1.006406 -0.1275867 0.408733 1.281125 -0.1275867 0.408733 1.006406 -0.1390108 0.411371 1.281125 -0.1390108 0.411371 1.006406 -0.1502241 0.4079434 1.281125 -0.1502241 0.4079434 1.006406 -0.1582211 0.3993684 1.281125 -0.1582211 0.3993684</float_array>
          <technique_common>
            <accessor source="#Cylinder_009-mesh-positions-array" count="168" stride="3">
              <param name="X" type="float"/>
              <param name="Y" type="float"/>
              <param name="Z" type="float"/>
            </accessor>
          </technique_common>
        </source>
        <source id="Cylinder_009-mesh-normals">
          <float_array id="Cylinder_009-mesh-normals-array" count="1041">0 -0.9563161 -0.2923345 0 -0.9563163 -0.2923341 0 -0.9563161 -0.2923347 -1.59831e-7 -0.4695068 -0.882929 0 -0.6820271 -0.7313269 0 -0.6820266 -0.7313275 -1.8058e-7 0.03485965 -0.9993922 0 -0.4695062 -0.8829292 0 0.2923334 -0.9563166 0 0.03485965 -0.9993922 0 0.7313312 -0.6820225 0 0.8829265 -0.4695115 -1.41687e-7 0.7313315 -0.6820222 0 0.9743571 -0.2250071 0 0.8829264 -0.4695116 0 0.8480661 0.5298904 0 0.9563131 0.2923443 0 0.9563133 0.2923442 0 0.4695071 0.8829287 0 0.8480661 0.5298905 0 -0.03485822 0.9993923 0 0.4695072 0.8829287 0 -0.2923322 0.9563169 0 -0.03485798 0.9993923 0 -0.7313256 0.6820285 0 -0.8829281 0.4695082 0 -0.9743607 0.2249916 0 -0.8829282 0.4695081 0.5927196 -0.7111176 0.3781471 0.5927252 -0.4267741 0.6830379 0.5927186 -0.7111186 0.3781471 -0.5927314 -0.3781374 -0.711113 -0.5927239 0.02807736 -0.8049163 -0.5927315 -0.3781428 -0.71111 -1 3.18324e-6 7.56723e-7 -1 2.39796e-6 0 -1 9.03664e-7 0 1 -2.3237e-6 0 1 -1.56041e-6 1.11987e-6 1 -4.2171e-6 0 -1 5.91114e-7 2.16861e-7 -1 0 0 1 -1.89858e-6 9.48748e-7 1 -1.60648e-6 8.36428e-7 -1 -1.10917e-6 0 1 0 0 -1 -8.5169e-7 0 -1 -4.72391e-7 0 -1 9.13391e-7 0 -1 1.60656e-6 0 1 4.18704e-7 0 -1 -1.74021e-7 0 1 8.79599e-7 0 -1 1.84725e-7 0 1 5.55224e-7 0 1 8.03271e-7 0 -1 9.94657e-7 0 1 -4.48901e-7 0 -1 1.10921e-6 0 -1 1.07908e-6 0 1 -5.55228e-7 0 1 6.26079e-7 0 -1 -4.48889e-7 0 -1 4.72378e-7 0 1 -2.32938e-7 8.20205e-7 1 -8.23816e-6 3.55514e-6 -1 4.29864e-6 -5.75597e-7 -1 2.32944e-7 -1.82133e-7 1 -6.79687e-6 3.68241e-6 1 -1.14164e-6 3.27559e-7 -0.6159564 -0.4174277 0.6680958 -0.6159641 -0.6955473 0.3698679 -0.6159608 -0.6955481 0.3698718 0.6159582 0.02746158 -0.7873001 0.6159585 -0.3698613 -0.6955558 0.6159587 -0.3698639 -0.6955542 -0.5927433 0.6830237 0.4267718 -0.5927277 0.3781424 0.7111134 -0.5927418 0.6830286 0.426766 0.5927209 0.02807611 -0.8049185 0.5927276 -0.3781394 -0.7111151 0.5927278 -0.3781437 -0.7111127 -0.5927211 -0.711117 0.378146 -0.5927167 -0.8049217 -0.02807396 -0.5927136 -0.804924 -0.02807432 0.5927232 0.378145 0.7111158 0.5927426 0.683024 0.4267722 0.5927421 0.6830277 0.4267669 -0.5927342 0.426761 -0.6830382 -0.5927334 0.4267702 -0.6830332 0.5927147 -0.8049231 -0.02807384 0.5927131 -0.8049243 -0.02807343 -0.5927265 0.3781424 0.7111144 -0.5927253 -0.02807188 0.8049153 0.5927314 0.4267617 -0.6830403 0.5927308 0.4267709 -0.683035 -0.5927235 -0.6830397 -0.4267736 0.5927231 -0.02807211 0.804917 0.5927217 0.3781458 0.7111166 -0.5927327 0.7111105 -0.3781402 -0.5927324 0.7111117 -0.3781381 0.5927191 -0.683043 -0.4267745 -0.5927265 -0.0280776 0.8049142 -0.5927283 -0.426774 0.6830353 0.5927333 0.7111098 -0.3781405 0.5927333 0.7111107 -0.3781386 -0.5927265 -0.6830365 -0.4267745 0.5927242 -0.02807837 0.8049159 -0.592726 0.8049149 0.02807301 -0.5927276 0.8049137 0.02807307 0.5927218 -0.6830403 -0.4267749 -0.5927241 -0.7111144 0.3781464 0.5927275 0.8049138 0.02807247 0.5927289 0.8049127 0.02807277 -0.9961356 0.07448446 0.04653912 -0.9961356 0.0877763 0.003061771 -0.9961357 0.08777558 0.00306189 0.9961355 0.08777582 0.003061771 0.9961357 0.07448375 0.04653912 0.9961358 0.08777397 0.003062009 -0.9961357 0.04123449 0.077546 -0.9961357 0.07448494 0.04653912 0.9961357 0.07448416 0.04653906 0.9961357 0.04123497 0.07754594 -0.9961358 -0.003061771 0.08777439 -0.9961357 0.04123598 0.07754594 0.9961358 0.04123389 0.07754582 0.9961358 -0.00306189 0.08777433 -0.9961357 -0.04653859 0.07448428 -0.9961357 -0.04653853 0.07448405 0.9961357 -0.04653906 0.07448422 0.9961357 -0.0465396 0.07448393 -0.9961358 -0.0775454 0.04123592 -0.9961356 -0.07754719 0.04123508 0.9961357 -0.07754582 0.04123592 0.9961355 -0.07754826 0.04123514 -0.9961357 -0.08777463 -0.003061592 0.9961358 -0.08777385 -0.003061532 -0.9961357 -0.07448428 -0.04653859 -0.9961357 -0.07448494 -0.04653781 0.9961357 -0.07448416 -0.04653859 0.9961356 -0.07448589 -0.04653775 -0.9961357 -0.04123508 -0.07754534 0.9961357 -0.0412361 -0.07754534 -0.9961358 0.003062546 -0.08777427 -0.9961357 -0.04123586 -0.077546 0.9961357 -0.04123562 -0.077546 0.9961358 0.003062963 -0.08777421 -0.9961357 0.04653924 -0.07448464 -0.9961355 0.04654079 -0.0744847 0.9961358 0.04653733 -0.07448458 0.9961358 0.04653602 -0.07448458 -0.9961357 0.07754659 -0.0412364 0.9961357 0.07754445 -0.04123634 0 -0.9563227 -0.292313 0 -0.9993915 -0.03488075 0 -0.9563235 -0.2923107 0 0.7313359 -0.6820175 0 0.7313156 -0.6820392 0 0.7313399 -0.6820133 0.615959 0.6680948 0.4174252 0.6159614 0.7872973 0.0274685 0.6159617 0.7872972 0.0274657 -0.615963 0.02746033 -0.7872964 -0.6159713 0.4174205 -0.6680865 -0.6159708 0.4174266 -0.6680832 0.61596 -0.6955499 0.3698698 0.6159501 -0.4174315 0.6680992 0.615957 -0.6955497 0.3698753 -0.6159677 0.668088 0.4174233 -0.6159693 0.3698711 0.6955409 -0.6159667 0.6680886 0.4174239 0.6159644 0.4174261 -0.6680893 0.6159644 0.4174311 -0.6680862 -0.6159747 -0.7872869 -0.02746647 -0.6159762 -0.7872858 -0.02747106 -0.6159688 -0.6680836 -0.4174289 0.6159642 0.3698712 0.6955455 0.6159597 0.6680943 0.4174252 -0.615968 0.6955484 -0.3698594 -0.6159638 0.6955506 -0.3698621 0.6159746 -0.7872871 -0.02746981 0.615963 -0.6680893 -0.4174283 0.615974 -0.7872872 -0.02747505 -0.6159696 0.3698651 0.695544 -0.615962 -0.02746009 0.7872971 0.6159602 0.6955541 -0.3698617 0.6159565 0.6955559 -0.3698644 -0.615966 -0.6680864 -0.4174284 -0.6159653 -0.3698611 -0.6955499 0.6159565 -0.02746099 0.7873014 0.6159645 0.3698649 0.6955486 -0.6159676 0.7872926 0.02746504 0.6159583 -0.6680937 -0.4174281 -0.61596 -0.02746123 0.7872987 -0.6159644 -0.3698602 -0.6955512 0.6159546 -0.02745956 0.787303 -0.6159691 0.7872913 0.02746832 -1 3.34708e-6 -2.51173e-6 -1 5.85597e-6 -2.97519e-6 1 1.28937e-6 0 -1 1.70945e-6 0 1 8.36238e-7 0 1 4.20452e-7 0 -1 1.04496e-6 0 -1 1.30104e-6 0 1 5.82084e-7 0 -1 1.02213e-6 0 -1 -4.29814e-6 0 1 2.38402e-7 0 1 -6.87627e-6 0 -1 8.13181e-7 0 1 -2.37822e-6 0 -1 1.92509e-6 0 -1 -5.15745e-6 0 1 -3.91873e-7 0 1 -1.28936e-6 0 -1 8.27077e-7 0 1 -3.43835e-6 0 -1 3.34495e-6 0 1 -1.04498e-6 0 1 -8.49946e-7 0 -1 8.40916e-7 0 -1 1.16418e-6 0 1 -2.06713e-6 0 1 7.34097e-6 0 -1 -4.20451e-7 0 -1 1.09036e-6 0 1 -7.32473e-7 0 1 -2.60273e-6 0 -1 4.23228e-6 1.69567e-6 -1 1.49206e-6 0 1 2.38381e-7 0 1 -1.09612e-6 0 -1 7.01755e-6 -8.14392e-7 1 3.91858e-7 0 -1 1.39732e-6 0 -1 1.39736e-6 0 -1 -1.31242e-6 0 1 2.91927e-6 0 1 -1.6131e-6 0 0 -0.034877 0.9993917 0 -0.5298702 0.8480789 0 -0.03487592 0.9993917 0 0.7313337 -0.6820198 0 0.5298682 -0.84808 0 0.7313378 -0.6820154 0 -0.6820122 -0.7313408 0 -0.6820348 -0.7313197 0 -0.6820078 -0.7313449 0 -0.5298654 0.8480819 0 -0.2923607 0.9563081 0 -0.5298638 0.8480829 0 0.9743624 -0.2249846 0 0.9743646 -0.224975 0 0.974362 -0.2249864 0 0.9563089 0.2923584 0 0.8480624 0.5298965 0 0.9563089 0.2923584 0 -0.4695065 -0.8829291 0 -0.6820349 -0.7313197 0 -0.4695028 -0.8829309 0 -0.5298703 0.8480789 0 -0.7312918 0.6820648 0 0.9743639 -0.2249778 0 0.9743662 -0.2249682 0 0.9743635 -0.2249796 0 0.8480718 0.5298813 0 0.9563066 0.2923657 0 0.848072 0.5298812 0 -0.2250003 -0.9743587 0 0.03485482 -0.9993925 0 -0.2250023 -0.9743583 0 -0.7312896 0.6820671 0 -0.7312898 0.6820669 0 0.8480641 0.5298938 0 0.6820554 0.7313005 0 -0.2249993 -0.974359 0 -0.2249972 -0.9743595 0 -0.9743736 0.2249357 0 -0.9993918 -0.03487491 0 -0.9743741 0.2249336 0 0.6820594 0.7312968 0 0.03485584 -0.9993925 0 0.292325 -0.9563192 0 -0.9993914 -0.03488284 0 -0.9743749 0.2249302 0 0.2249825 0.9743629 0 0.2249845 0.9743623 0 0.5298675 -0.8480805 0 0.2923383 -0.9563151 0 -0.9993917 -0.03487378 0 -0.9563206 -0.2923203 0 0.2249773 0.9743641 0 0.224967 0.9743665 0 0.2249794 0.9743636 0 -0.9563163 -0.292334 -1.41686e-7 0.2923342 -0.9563163 0 -0.2923322 0.9563169 0 -0.9743608 0.2249916 0.5927265 -0.4267696 0.6830397 -0.5927216 0.02807277 -0.8049181 -1 3.82837e-6 1.22282e-6 1 -6.38068e-7 1.20009e-6 -1 -6.38064e-7 0 -1 -6.77924e-7 0 1 1.35585e-6 0 -1 5.74252e-6 -9.90432e-7 1 6.38057e-7 0 -0.6159544 -0.4174312 0.6680954 0.6159564 0.02746647 -0.7873013 0.5927188 0.02807039 -0.8049202 -0.5927305 -0.4267692 0.6830363 -0.9961357 -0.003061294 0.08777409 0.9961357 -0.003062129 0.08777403 -0.9961358 -0.08777308 -0.003061354 0.9961361 -0.08777058 -0.003061354 -0.9961357 0.003061115 -0.08777403 0.9961357 0.003062486 -0.08777403 -0.9961357 0.07754623 -0.04123634 0.9961357 0.07754617 -0.04123628 0 0.7313117 -0.6820434 -0.6159608 0.0274648 -0.787298 0.6159477 -0.4174368 0.6680981 -1 5.01751e-6 0 1 3.34501e-6 0 -1 5.01728e-6 4.52058e-6 1 3.34482e-6 0 -1 -2.70969e-5 0 -1 -2.70982e-6 0 1 -4.82915e-6 0 1 3.68227e-6 0 1 2.39059e-7 0 1 1.35489e-5 0 1 2.70918e-5 0 0 -0.6820393 -0.7313156 0 -0.2923645 0.9563071 0 0.974365 -0.2249732 0 -0.6820395 -0.7313153 0 0.9743666 -0.2249664 0 0.9563066 0.2923657 0 0.68206 0.7312963 0 0.292325 -0.956319 0 -0.9743753 0.2249286 0 0.2923423 -0.9563139 0 -0.9563205 -0.2923203 0 0.224965 0.9743669</float_array>
          <technique_common>
            <accessor source="#Cylinder_009-mesh-normals-array" count="347" stride="3">
              <param name="X" type="float"/>
              <param name="Y" type="float"/>
              <param name="Z" type="float"/>
            </accessor>
          </technique_common>
        </source>
        <source id="Cylinder_009-mesh-map-0">
          <float_array id="Cylinder_009-mesh-map-0-array" count="1992">0.397826 0.6367251 0.3818427 0.7005223 0.3818427 0.6367251 0.2256304 0.7056035 0.2096471 0.7694006 0.2096471 0.7056035 0.2440865 0.7056035 0.2256304 0.7694007 0.2256304 0.7056035 0.2440865 0.7056035 0.2600697 0.7694007 0.2440865 0.7694007 0.3104921 0.7056035 0.3264752 0.7694006 0.3104921 0.7694006 0.3449312 0.7056035 0.3264752 0.7694006 0.3264752 0.7056035 0.3609145 0.7056035 0.3449312 0.7694006 0.3449312 0.7056035 0.2945088 0.7694006 0.3104921 0.7056035 0.3104921 0.7694006 0.276053 0.7694006 0.2945088 0.7056035 0.2945088 0.7694006 0.276053 0.7694006 0.2600697 0.7056035 0.276053 0.7056035 0.3474037 0.6367251 0.3633869 0.7005223 0.3474037 0.7005223 0.3818427 0.6367251 0.3633869 0.7005223 0.3633869 0.6367251 0.3790103 0.7721496 0.3744863 0.7857071 0.3744863 0.7730112 0.3699624 0.7721495 0.3744863 0.7583514 0.3744863 0.7730112 0.2856087 0.6638342 0.2877533 0.645953 0.2929388 0.6511384 0.2692974 0.645953 0.2714421 0.6638342 0.264112 0.6511384 0.2785254 0.6803922 0.2856087 0.6638342 0.2856088 0.6784943 0.2714421 0.6638342 0.2785254 0.6803922 0.2714419 0.6784943 0.2929387 0.6911901 0.2785254 0.6803922 0.2856088 0.6784943 0.2785254 0.6803922 0.2641122 0.6911901 0.2714419 0.6784943 0.3056346 0.6985201 0.2877534 0.6963756 0.2929387 0.6911901 0.2692974 0.6963756 0.2514162 0.6985201 0.2641122 0.6911901 0.3221923 0.7056034 0.3056346 0.6985201 0.3202944 0.6985201 0.2514162 0.6985201 0.2348584 0.7056034 0.2367563 0.6985201 0.3329904 0.6911903 0.3221923 0.7056034 0.3202944 0.6985201 0.2348584 0.7056034 0.2240603 0.6911903 0.2367563 0.6985201 0.3474037 0.6803923 0.3329904 0.6911903 0.3403204 0.6784943 0.2240603 0.6911903 0.2096471 0.6803923 0.2167304 0.6784943 0.3403204 0.6638344 0.3474037 0.6803923 0.3403204 0.6784943 0.2096471 0.6803923 0.2167302 0.6638343 0.2167304 0.6784943 0.3329905 0.6511385 0.3474037 0.6619364 0.3403204 0.6638344 0.2096471 0.6619364 0.2240602 0.6511385 0.2167302 0.6638343 0.3202946 0.6438084 0.3381758 0.6459531 0.3329905 0.6511385 0.2188749 0.6459531 0.2367562 0.6438084 0.2240602 0.6511385 0.3056346 0.6438084 0.3221925 0.6367251 0.3202946 0.6438084 0.2348582 0.6367251 0.2514162 0.6438084 0.2367562 0.6438084 0.2877533 0.645953 0.3056346 0.6438084 0.2929388 0.6511384 0.2514162 0.6438084 0.2692974 0.645953 0.264112 0.6511384 0.3519182 0.7694006 0.3552697 0.7756713 0.3519182 0.7749931 0.3519182 0.7814507 0.3485667 0.7756714 0.3519182 0.7749931 0.3654384 0.7480098 0.3609145 0.7583515 0.3609145 0.7456554 0.3699624 0.7182995 0.3744863 0.7320976 0.3699624 0.7329593 0.3790103 0.7329593 0.3744864 0.719161 0.3790103 0.7182993 0.3654385 0.7182996 0.3609145 0.7079579 0.3654384 0.7056035 0.3744863 0.7583514 0.3699624 0.7480098 0.3744863 0.7456554 0.3790103 0.7592129 0.3744863 0.7730112 0.3744863 0.7583513 0.3654384 0.7592132 0.3609145 0.7730113 0.3609145 0.7583515 0.3744863 0.7079579 0.3699624 0.7182995 0.3699624 0.7056035 0.3744864 0.719161 0.3790103 0.7056035 0.3790103 0.7182993 0.3654385 0.7329594 0.3609145 0.7191613 0.3654385 0.7182996 0.3654385 0.7456554 0.3699624 0.7592129 0.3654385 0.7583513 0.3744863 0.7456554 0.3790103 0.7592129 0.3744863 0.7583513 0.3654384 0.7721498 0.3609145 0.7857073 0.3609145 0.7730113 0.3654385 0.719161 0.3699624 0.7056035 0.3699623 0.7182993 0.3699624 0.783353 0.3744863 0.7730112 0.3744863 0.7857071 0.3654385 0.7456554 0.3609145 0.7320978 0.3654385 0.7329594 0.3699624 0.7592129 0.3654385 0.7730112 0.3654385 0.7583513 0.3699624 0.7721495 0.3654385 0.7857072 0.3654385 0.7730112 0.3699624 0.7329593 0.3744863 0.743301 0.3699624 0.7456552 0.3790103 0.7456552 0.3744864 0.7320976 0.3790103 0.7329593 0.3699623 0.7329593 0.3654385 0.719161 0.3699623 0.7182993 0.3699623 0.7456552 0.3654385 0.7320976 0.3699623 0.7329593 0.2217371 0.7903118 0.2161154 0.7758689 0.2249658 0.7847194 0.2997385 0.775869 0.2941168 0.7903118 0.2908881 0.7847194 0.2217372 0.7967694 0.2096471 0.7870723 0.2217371 0.7903118 0.3062068 0.7870724 0.2941168 0.7967694 0.2941168 0.7903118 0.2249659 0.8023617 0.2096471 0.8000089 0.2217372 0.7967694 0.3062068 0.8000089 0.290888 0.8023618 0.2941168 0.7967694 0.2273186 0.8176805 0.2249659 0.8023617 0.2305583 0.8055906 0.290888 0.8023618 0.2885353 0.8176806 0.2852957 0.8055906 0.2402552 0.8176806 0.2305583 0.8055906 0.2370157 0.8055905 0.2852957 0.8055906 0.2755988 0.8176806 0.2788382 0.8055906 0.2426081 0.8023617 0.2402552 0.8176806 0.2370157 0.8055905 0.2755988 0.8176806 0.2732459 0.8023618 0.2788382 0.8055906 0.257927 0.800009 0.2426081 0.8023617 0.2458368 0.7967694 0.2732459 0.8023618 0.257927 0.800009 0.2700171 0.7967694 0.2458369 0.7903121 0.257927 0.800009 0.2458368 0.7967694 0.257927 0.800009 0.270017 0.7903121 0.2700171 0.7967694 0.2426082 0.7847196 0.257927 0.7870724 0.2458369 0.7903121 0.257927 0.7870724 0.2732458 0.7847196 0.270017 0.7903121 0.2402555 0.7694007 0.2426082 0.7847196 0.2370158 0.7814909 0.2732458 0.7847196 0.2755984 0.7694008 0.2788381 0.7814909 0.2305582 0.7814907 0.2402555 0.7694007 0.2370158 0.7814909 0.2755984 0.7694008 0.2852958 0.7814907 0.2788381 0.7814909 0.2161154 0.7758689 0.2305582 0.7814907 0.2249658 0.7847194 0.2852958 0.7814907 0.2997385 0.775869 0.2908881 0.7847194 0.3071407 0.7694006 0.3065857 0.7715495 0.3065857 0.7694006 0.359731 0.7761795 0.3591761 0.7783284 0.3591761 0.7761795 0.3552697 0.7694006 0.3586211 0.7756713 0.3552697 0.7749931 0.3071407 0.7814507 0.3104921 0.7851899 0.3071407 0.787043 0.3699624 0.7919778 0.3733139 0.7857072 0.3733139 0.7912996 0.3733139 0.8014963 0.3766652 0.797757 0.3766652 0.8033493 0.3485667 0.7851899 0.3519182 0.7814507 0.3519182 0.787043 0.3552697 0.7756713 0.3519182 0.7814505 0.3519182 0.7749931 0.3552697 0.7807722 0.3519182 0.7870428 0.3519182 0.7814505 0.3609145 0.7977573 0.364266 0.8014965 0.3609145 0.8033494 0.3687899 0.8033494 0.3654385 0.7970788 0.3687899 0.797757 0.3733139 0.797757 0.3699624 0.7919778 0.3733139 0.7912996 0.3733139 0.8033494 0.3699624 0.7970788 0.3733139 0.797757 0.3733139 0.7970787 0.3766652 0.7912995 0.3766652 0.797757 0.3586211 0.7807723 0.3552697 0.7870428 0.3552697 0.7814505 0.3104921 0.7712535 0.3071407 0.7749931 0.3071407 0.7694006 0.3609145 0.7912997 0.364266 0.7970789 0.3609145 0.7977573 0.3654385 0.7970788 0.3687899 0.7912996 0.3687899 0.797757 0.3519182 0.7749931 0.3485667 0.7712537 0.3519182 0.7694006 0.3733139 0.7919777 0.3766652 0.7857072 0.3766652 0.7912995 0.3552697 0.7749931 0.3586211 0.7807723 0.3552697 0.7814505 0.3104921 0.7756713 0.3071407 0.7814507 0.3071407 0.7749931 0.3609145 0.7857073 0.364266 0.7919779 0.3609145 0.7912997 0.3654385 0.7919778 0.3687899 0.7857072 0.3687899 0.7912996 0.3104921 0.7814698 0.3153808 0.7776787 0.3153808 0.78016 0.3436781 0.7776787 0.3485667 0.7814697 0.343678 0.7801599 0.3130428 0.7858875 0.3153808 0.78016 0.3166214 0.7823088 0.343678 0.7801599 0.3460162 0.7858874 0.3424375 0.7823088 0.3174604 0.788438 0.3166214 0.7823088 0.3187703 0.7835494 0.3424375 0.7823088 0.3415985 0.788438 0.3402886 0.7835493 0.3225614 0.788438 0.3187703 0.7835494 0.3212514 0.7835494 0.3402886 0.7835493 0.3364975 0.788438 0.3378074 0.7835493 0.3234003 0.7823088 0.3225614 0.788438 0.3212514 0.7835494 0.3364975 0.788438 0.3356585 0.7823088 0.3378074 0.7835493 0.3295294 0.7814698 0.3234003 0.7823088 0.3246409 0.78016 0.3356585 0.7823088 0.3295294 0.7814698 0.334418 0.7801599 0.3246409 0.7776787 0.3295294 0.7814698 0.3246409 0.78016 0.3295294 0.7814698 0.334418 0.7776787 0.334418 0.7801599 0.3234002 0.7755299 0.3295294 0.7763687 0.3246409 0.7776787 0.3295294 0.7763687 0.3356586 0.7755298 0.334418 0.7776787 0.3212515 0.7742894 0.326979 0.7719513 0.3234002 0.7755299 0.3320798 0.7719511 0.3378073 0.7742893 0.3356586 0.7755298 0.3187702 0.7742893 0.3225614 0.7694007 0.3212515 0.7742894 0.3364975 0.7694006 0.3402886 0.7742892 0.3378073 0.7742893 0.3166214 0.77553 0.3174603 0.7694007 0.3187702 0.7742893 0.3415986 0.7694006 0.3424375 0.7755299 0.3402886 0.7742892 0.3104922 0.7763689 0.3166214 0.77553 0.3153808 0.7776787 0.3424375 0.7755299 0.3485667 0.7763687 0.3436781 0.7776787 0.3544374 0.787043 0.3565863 0.7950626 0.3485668 0.7929138 0.3104921 0.7943087 0.3117327 0.7896787 0.3197522 0.7918274 0.3602859 0.7740308 0.359731 0.7761794 0.359731 0.7740308 0.3591761 0.7715494 0.359731 0.7694006 0.359731 0.7715494 0.3586211 0.7829583 0.359176 0.7808096 0.359176 0.7829583 0.359731 0.7829583 0.3602859 0.7808096 0.3602859 0.7829583 0.359731 0.7783284 0.3591761 0.7808096 0.3591761 0.7783284 0.359731 0.7808096 0.3591761 0.7829583 0.3591761 0.7808096 0.3591761 0.7740307 0.3586211 0.7761795 0.3586211 0.7740307 0.3065857 0.7829584 0.3071406 0.7808096 0.3071406 0.7829584 0.3591761 0.7740307 0.359731 0.7715494 0.359731 0.7740307 0.3591761 0.7761794 0.359731 0.7740307 0.359731 0.7761794 0.3586211 0.7808096 0.359176 0.7783284 0.359176 0.7808096 0.3071407 0.7740307 0.3065857 0.7761795 0.3065857 0.7740307 0.3602859 0.7694006 0.359731 0.7715494 0.359731 0.7694006 0.3591761 0.7715495 0.3586211 0.7740307 0.3586211 0.7715495 0.3065857 0.7808096 0.3071406 0.7783284 0.3071406 0.7808096 0.359731 0.7783282 0.3602859 0.7761795 0.3602859 0.7783282 0.3586211 0.7783284 0.359176 0.7761795 0.359176 0.7783284 0.3071407 0.7715495 0.3065857 0.7740307 0.3065857 0.7715495 0.3602859 0.7715494 0.359731 0.7740308 0.359731 0.7715494 0.3591761 0.7694006 0.3586211 0.7715495 0.3586211 0.7694006 0.3065857 0.7783284 0.3071406 0.7761795 0.3071406 0.7783284 0.359731 0.7808096 0.3602859 0.7783282 0.3602859 0.7808096 0.397826 0.6367251 0.397826 0.7005223 0.3818427 0.7005223 0.2256304 0.7056035 0.2256304 0.7694007 0.2096471 0.7694006 0.2440865 0.7056035 0.2440865 0.7694007 0.2256304 0.7694007 0.2440865 0.7056035 0.2600697 0.7056035 0.2600697 0.7694007 0.3104921 0.7056035 0.3264752 0.7056035 0.3264752 0.7694006 0.3449312 0.7056035 0.3449312 0.7694006 0.3264752 0.7694006 0.3609145 0.7056035 0.3609145 0.7694006 0.3449312 0.7694006 0.2945088 0.7694006 0.2945088 0.7056035 0.3104921 0.7056035 0.276053 0.7694006 0.276053 0.7056035 0.2945088 0.7056035 0.276053 0.7694006 0.2600697 0.7694006 0.2600697 0.7056035 0.3474037 0.6367251 0.3633869 0.6367251 0.3633869 0.7005223 0.3818427 0.6367251 0.3818427 0.7005223 0.3633869 0.7005223 0.3790103 0.7721496 0.3790103 0.783353 0.3744863 0.7857071 0.3699624 0.7721495 0.3699624 0.7592131 0.3744863 0.7583514 0.2856087 0.6638342 0.2785254 0.6619363 0.2877533 0.645953 0.2692974 0.645953 0.2785254 0.6619363 0.2714421 0.6638342 0.2785254 0.6803922 0.2785254 0.6619363 0.2856087 0.6638342 0.2714421 0.6638342 0.2785254 0.6619363 0.2785254 0.6803922 0.2929387 0.6911901 0.2877534 0.6963756 0.2785254 0.6803922 0.2785254 0.6803922 0.2692974 0.6963756 0.2641122 0.6911901 0.3056346 0.6985201 0.3037366 0.7056035 0.2877534 0.6963756 0.2692974 0.6963756 0.2533141 0.7056035 0.2514162 0.6985201 0.3221923 0.7056034 0.3037366 0.7056035 0.3056346 0.6985201 0.2514162 0.6985201 0.2533141 0.7056035 0.2348584 0.7056034 0.3329904 0.6911903 0.3381758 0.6963757 0.3221923 0.7056034 0.2348584 0.7056034 0.2188748 0.6963757 0.2240603 0.6911903 0.3474037 0.6803923 0.3381758 0.6963757 0.3329904 0.6911903 0.2240603 0.6911903 0.2188748 0.6963757 0.2096471 0.6803923 0.3403204 0.6638344 0.3474037 0.6619364 0.3474037 0.6803923 0.2096471 0.6803923 0.2096471 0.6619364 0.2167302 0.6638343 0.3329905 0.6511385 0.3381758 0.6459531 0.3474037 0.6619364 0.2096471 0.6619364 0.2188749 0.6459531 0.2240602 0.6511385 0.3202946 0.6438084 0.3221925 0.6367251 0.3381758 0.6459531 0.2188749 0.6459531 0.2348582 0.6367251 0.2367562 0.6438084 0.3056346 0.6438084 0.3037366 0.6367251 0.3221925 0.6367251 0.2348582 0.6367251 0.2533141 0.6367251 0.2514162 0.6438084 0.2877533 0.645953 0.3037366 0.6367251 0.3056346 0.6438084 0.2514162 0.6438084 0.2533141 0.6367251 0.2692974 0.645953 0.3519182 0.7694006 0.3552697 0.7712535 0.3552697 0.7756713 0.3519182 0.7814507 0.3485667 0.7807725 0.3485667 0.7756714 0.3654384 0.7480098 0.3654384 0.7592132 0.3609145 0.7583515 0.3699624 0.7182995 0.3744863 0.7191612 0.3744863 0.7320976 0.3790103 0.7329593 0.3744864 0.7320976 0.3744864 0.719161 0.3654385 0.7182996 0.3609145 0.7191613 0.3609145 0.7079579 0.3744863 0.7583514 0.3699624 0.7592131 0.3699624 0.7480098 0.3790103 0.7592129 0.3790103 0.7721496 0.3744863 0.7730112 0.3654384 0.7592132 0.3654384 0.7721498 0.3609145 0.7730113 0.3744863 0.7079579 0.3744863 0.7191612 0.3699624 0.7182995 0.3744864 0.719161 0.3744864 0.7079577 0.3790103 0.7056035 0.3654385 0.7329594 0.3609145 0.7320978 0.3609145 0.7191613 0.3654385 0.7456554 0.3699624 0.7480095 0.3699624 0.7592129 0.3744863 0.7456554 0.3790103 0.7480095 0.3790103 0.7592129 0.3654384 0.7721498 0.3654384 0.783353 0.3609145 0.7857073 0.3654385 0.719161 0.3654385 0.7079576 0.3699624 0.7056035 0.3699624 0.783353 0.3699624 0.7721495 0.3744863 0.7730112 0.3654385 0.7456554 0.3609145 0.7433011 0.3609145 0.7320978 0.3699624 0.7592129 0.3699624 0.7721495 0.3654385 0.7730112 0.3699624 0.7721495 0.3699624 0.783353 0.3654385 0.7857072 0.3699624 0.7329593 0.3744863 0.7320976 0.3744863 0.743301 0.3790103 0.7456552 0.3744864 0.743301 0.3744864 0.7320976 0.3699623 0.7329593 0.3654385 0.7320976 0.3654385 0.719161 0.3699623 0.7456552 0.3654385 0.743301 0.3654385 0.7320976 0.2217371 0.7903118 0.2096471 0.7870723 0.2161154 0.7758689 0.2997385 0.775869 0.3062068 0.7870724 0.2941168 0.7903118 0.2217372 0.7967694 0.2096471 0.8000089 0.2096471 0.7870723 0.3062068 0.7870724 0.3062068 0.8000089 0.2941168 0.7967694 0.2249659 0.8023617 0.2161152 0.8112123 0.2096471 0.8000089 0.3062068 0.8000089 0.2997387 0.8112123 0.290888 0.8023618 0.2273186 0.8176805 0.2161152 0.8112123 0.2249659 0.8023617 0.290888 0.8023618 0.2997387 0.8112123 0.2885353 0.8176806 0.2402552 0.8176806 0.2273186 0.8176805 0.2305583 0.8055906 0.2852957 0.8055906 0.2885353 0.8176806 0.2755988 0.8176806 0.2426081 0.8023617 0.2514587 0.8112125 0.2402552 0.8176806 0.2755988 0.8176806 0.2643952 0.8112125 0.2732459 0.8023618 0.257927 0.800009 0.2514587 0.8112125 0.2426081 0.8023617 0.2732459 0.8023618 0.2643952 0.8112125 0.257927 0.800009 0.2458369 0.7903121 0.257927 0.7870724 0.257927 0.800009 0.257927 0.800009 0.257927 0.7870724 0.270017 0.7903121 0.2426082 0.7847196 0.2514589 0.775869 0.257927 0.7870724 0.257927 0.7870724 0.2643951 0.775869 0.2732458 0.7847196 0.2402555 0.7694007 0.2514589 0.775869 0.2426082 0.7847196 0.2732458 0.7847196 0.2643951 0.775869 0.2755984 0.7694008 0.2305582 0.7814907 0.2273188 0.7694006 0.2402555 0.7694007 0.2755984 0.7694008 0.2885351 0.7694007 0.2852958 0.7814907 0.2161154 0.7758689 0.2273188 0.7694006 0.2305582 0.7814907 0.2852958 0.7814907 0.2885351 0.7694007 0.2997385 0.775869 0.3071407 0.7694006 0.3071407 0.7715495 0.3065857 0.7715495 0.359731 0.7761795 0.359731 0.7783284 0.3591761 0.7783284 0.3552697 0.7694006 0.3586211 0.7712535 0.3586211 0.7756713 0.3071407 0.7814507 0.3104921 0.7807724 0.3104921 0.7851899 0.3699624 0.7919778 0.3699624 0.7875601 0.3733139 0.7857072 0.3733139 0.8014963 0.3733139 0.7970787 0.3766652 0.797757 0.3485667 0.7851899 0.3485667 0.7807725 0.3519182 0.7814507 0.3552697 0.7756713 0.3552697 0.7807722 0.3519182 0.7814505 0.3552697 0.7807722 0.3552697 0.7851898 0.3519182 0.7870428 0.3609145 0.7977573 0.364266 0.7970789 0.364266 0.8014965 0.3687899 0.8033494 0.3654385 0.8014964 0.3654385 0.7970788 0.3733139 0.797757 0.3699624 0.7970788 0.3699624 0.7919778 0.3733139 0.8033494 0.3699624 0.8014964 0.3699624 0.7970788 0.3733139 0.7970787 0.3733139 0.7919777 0.3766652 0.7912995 0.3586211 0.7807723 0.3586211 0.7851899 0.3552697 0.7870428 0.3104921 0.7712535 0.3104921 0.7756713 0.3071407 0.7749931 0.3609145 0.7912997 0.364266 0.7919779 0.364266 0.7970789 0.3654385 0.7970788 0.3654385 0.7919778 0.3687899 0.7912996 0.3519182 0.7749931 0.3485667 0.7756714 0.3485667 0.7712537 0.3733139 0.7919777 0.3733139 0.7875601 0.3766652 0.7857072 0.3552697 0.7749931 0.3586211 0.7756713 0.3586211 0.7807723 0.3104921 0.7756713 0.3104921 0.7807724 0.3071407 0.7814507 0.3609145 0.7857073 0.364266 0.7875602 0.364266 0.7919779 0.3654385 0.7919778 0.3654385 0.7875601 0.3687899 0.7857072 0.3104921 0.7814698 0.3104922 0.7763689 0.3153808 0.7776787 0.3436781 0.7776787 0.3485667 0.7763687 0.3485667 0.7814697 0.3130428 0.7858875 0.3104921 0.7814698 0.3153808 0.78016 0.343678 0.7801599 0.3485667 0.7814697 0.3460162 0.7858874 0.3174604 0.788438 0.3130428 0.7858875 0.3166214 0.7823088 0.3424375 0.7823088 0.3460162 0.7858874 0.3415985 0.788438 0.3225614 0.788438 0.3174604 0.788438 0.3187703 0.7835494 0.3402886 0.7835493 0.3415985 0.788438 0.3364975 0.788438 0.3234003 0.7823088 0.326979 0.7858875 0.3225614 0.788438 0.3364975 0.788438 0.3320799 0.7858874 0.3356585 0.7823088 0.3295294 0.7814698 0.326979 0.7858875 0.3234003 0.7823088 0.3356585 0.7823088 0.3320799 0.7858874 0.3295294 0.7814698 0.3246409 0.7776787 0.3295294 0.7763687 0.3295294 0.7814698 0.3295294 0.7814698 0.3295294 0.7763687 0.334418 0.7776787 0.3234002 0.7755299 0.326979 0.7719513 0.3295294 0.7763687 0.3295294 0.7763687 0.3320798 0.7719511 0.3356586 0.7755298 0.3212515 0.7742894 0.3225614 0.7694007 0.326979 0.7719513 0.3320798 0.7719511 0.3364975 0.7694006 0.3378073 0.7742893 0.3187702 0.7742893 0.3174603 0.7694007 0.3225614 0.7694007 0.3364975 0.7694006 0.3415986 0.7694006 0.3402886 0.7742892 0.3166214 0.77553 0.3130425 0.7719511 0.3174603 0.7694007 0.3415986 0.7694006 0.3460163 0.7719511 0.3424375 0.7755299 0.3104922 0.7763689 0.3130425 0.7719511 0.3166214 0.77553 0.3424375 0.7755299 0.3460163 0.7719511 0.3485667 0.7763687 0.3485668 0.7929138 0.3485667 0.7904326 0.3498073 0.7882837 0.3498073 0.7882837 0.3519561 0.787043 0.3485668 0.7929138 0.3519561 0.787043 0.3544374 0.787043 0.3485668 0.7929138 0.3544374 0.787043 0.3565862 0.7882837 0.3578268 0.7904324 0.3578268 0.7904324 0.3578268 0.7929136 0.3544374 0.787043 0.3578268 0.7929136 0.3565863 0.7950626 0.3544374 0.787043 0.3565863 0.7950626 0.3544374 0.7963032 0.3485668 0.7929138 0.3544374 0.7963032 0.3519564 0.7963032 0.3485668 0.7929138 0.3519564 0.7963032 0.3498074 0.7950626 0.3485668 0.7929138 0.3197522 0.7918274 0.3197521 0.7943086 0.3138816 0.7976981 0.3197521 0.7943086 0.3185117 0.7964575 0.3138816 0.7976981 0.3185117 0.7964575 0.3163627 0.7976981 0.3138816 0.7976981 0.3138816 0.7976981 0.3117327 0.7964576 0.3104921 0.7943087 0.3104921 0.7943087 0.3104921 0.7918275 0.3117327 0.7896787 0.3117327 0.7896787 0.3138814 0.788438 0.3197522 0.7918274 0.3138814 0.788438 0.3163627 0.788438 0.3197522 0.7918274 0.3163627 0.788438 0.3185116 0.7896786 0.3197522 0.7918274 0.3138816 0.7976981 0.3104921 0.7943087 0.3197522 0.7918274 0.3602859 0.7740308 0.3602859 0.7761794 0.359731 0.7761794 0.3591761 0.7715494 0.3591761 0.7694006 0.359731 0.7694006 0.3586211 0.7829583 0.3586211 0.7808096 0.359176 0.7808096 0.359731 0.7829583 0.359731 0.7808096 0.3602859 0.7808096 0.359731 0.7783284 0.359731 0.7808096 0.3591761 0.7808096 0.359731 0.7808096 0.359731 0.7829583 0.3591761 0.7829583 0.3591761 0.7740307 0.3591761 0.7761795 0.3586211 0.7761795 0.3065857 0.7829584 0.3065857 0.7808096 0.3071406 0.7808096 0.3591761 0.7740307 0.3591761 0.7715494 0.359731 0.7715494 0.3591761 0.7761794 0.3591761 0.7740307 0.359731 0.7740307 0.3586211 0.7808096 0.3586211 0.7783284 0.359176 0.7783284 0.3071407 0.7740307 0.3071407 0.7761795 0.3065857 0.7761795 0.3602859 0.7694006 0.3602859 0.7715494 0.359731 0.7715494 0.3591761 0.7715495 0.3591761 0.7740307 0.3586211 0.7740307 0.3065857 0.7808096 0.3065857 0.7783284 0.3071406 0.7783284 0.359731 0.7783282 0.359731 0.7761795 0.3602859 0.7761795 0.3586211 0.7783284 0.3586211 0.7761795 0.359176 0.7761795 0.3071407 0.7715495 0.3071407 0.7740307 0.3065857 0.7740307 0.3602859 0.7715494 0.3602859 0.7740308 0.359731 0.7740308 0.3591761 0.7694006 0.3591761 0.7715495 0.3586211 0.7715495 0.3065857 0.7783284 0.3065857 0.7761795 0.3071406 0.7761795 0.359731 0.7808096 0.359731 0.7783282 0.3602859 0.7783282</float_array>
          <technique_common>
            <accessor source="#Cylinder_009-mesh-map-0-array" count="996" stride="2">
              <param name="S" type="float"/>
              <param name="T" type="float"/>
            </accessor>
          </technique_common>
        </source>
        <vertices id="Cylinder_009-mesh-vertices">
          <input semantic="POSITION" source="#Cylinder_009-mesh-positions"/>
        </vertices>
        <triangles material="Beware-material" count="332">
          <input semantic="VERTEX" source="#Cylinder_009-mesh-vertices" offset="0"/>
          <input semantic="NORMAL" source="#Cylinder_009-mesh-normals" offset="1"/>
          <input semantic="TEXCOORD" source="#Cylinder_009-mesh-map-0" offset="2" set="0"/>
          <p>25 0 0 27 1 1 24 2 2 28 3 3 26 4 4 25 5 5 30 6 6 29 7 7 28 3 8 30 6 9 33 8 10 31 9 11 32 10 12 35 11 13 33 12 14 36 13 15 35 11 16 34 14 17 38 15 18 37 16 19 36 17 20 40 18 21 39 19 22 38 15 23 42 20 24 41 21 25 40 18 26 42 20 27 45 22 28 43 23 29 44 24 30 47 25 31 45 24 32 24 26 33 47 25 34 46 27 35 83 28 36 9 29 37 11 30 38 88 31 39 18 32 40 16 33 41 1 34 42 24 35 43 0 36 44 27 37 45 2 38 46 3 39 47 28 40 48 1 34 49 4 41 50 2 38 51 29 42 52 5 43 53 6 44 54 28 40 55 4 41 56 29 42 57 7 45 58 5 43 59 8 46 60 30 47 61 6 44 62 31 45 63 9 45 64 7 45 65 34 48 66 8 46 67 10 49 68 9 45 69 35 50 70 11 45 71 12 51 72 34 48 73 10 49 74 35 50 75 13 52 76 11 45 77 38 53 78 12 51 79 14 41 80 13 52 81 39 54 82 15 55 83 16 56 84 38 53 85 14 41 86 39 54 87 17 57 88 15 55 89 18 58 90 40 59 91 16 56 92 41 60 93 19 61 94 17 57 95 20 62 96 42 63 97 18 58 98 43 64 99 21 65 100 19 61 101 22 66 102 44 67 103 20 62 104 45 68 105 23 69 106 21 65 107 24 35 108 22 66 109 0 36 110 23 69 111 27 37 112 3 39 113 68 70 114 142 71 115 70 72 116 55 73 117 125 74 118 53 75 119 73 76 120 4 77 121 1 78 122 19 79 123 89 80 124 17 81 125 10 82 126 84 83 127 12 84 128 5 85 129 74 86 130 2 87 131 18 32 132 92 88 133 20 89 134 85 90 135 11 30 136 13 91 137 76 92 138 6 93 139 4 77 140 93 94 141 19 79 142 21 95 143 84 83 144 14 96 145 12 84 146 7 97 147 77 98 148 5 85 149 20 89 150 94 99 151 22 100 152 15 101 153 85 90 154 13 91 155 78 102 156 8 103 157 6 93 158 95 104 159 21 95 160 23 105 161 86 106 162 16 33 163 14 96 164 9 29 165 79 107 166 7 97 167 94 99 168 0 108 169 22 100 170 72 109 171 1 78 172 0 108 173 17 81 174 87 110 175 15 101 176 8 103 177 82 111 178 10 82 179 3 112 180 95 104 181 23 105 182 2 87 183 75 113 184 3 112 185 49 114 186 72 115 187 48 116 188 75 117 189 50 118 190 51 119 191 52 120 192 73 121 193 49 114 194 74 122 195 53 123 196 50 118 197 54 124 198 76 125 199 52 120 200 77 126 201 55 127 202 53 123 203 80 128 204 54 124 205 56 129 206 55 127 207 81 130 208 57 131 209 82 132 210 56 129 211 58 133 212 57 131 213 83 134 214 59 135 215 60 136 216 82 132 217 58 133 218 83 134 219 61 137 220 59 135 221 86 138 222 60 136 223 62 139 224 61 137 225 87 140 226 63 141 227 64 142 228 86 138 229 62 139 230 87 140 231 65 143 232 63 141 233 66 144 234 88 145 235 64 142 236 89 146 237 67 147 238 65 143 239 92 148 240 66 144 241 68 149 242 67 147 243 93 150 244 69 151 245 70 152 246 92 148 247 68 149 248 93 150 249 71 153 250 69 151 251 72 115 252 70 152 253 48 116 254 71 153 255 75 117 256 51 119 257 159 154 258 109 155 259 111 156 260 164 157 261 118 158 262 116 159 263 63 160 264 133 161 265 61 162 266 54 163 267 128 164 268 56 165 269 143 166 270 69 167 271 71 168 272 134 169 273 64 170 274 62 171 275 129 172 276 55 73 277 57 173 278 142 71 279 48 174 280 70 72 281 120 175 282 49 176 283 48 174 284 65 177 285 135 178 286 63 160 287 56 165 288 130 179 289 58 180 290 51 181 291 143 166 292 71 168 293 50 182 294 123 183 295 51 181 296 136 184 297 66 185 298 64 170 299 131 186 300 57 173 301 59 187 302 121 188 303 52 189 304 49 176 305 67 190 306 137 191 307 65 177 308 130 179 309 60 192 310 58 180 311 53 75 312 122 193 313 50 182 314 138 194 315 68 70 316 66 185 317 61 162 318 131 186 319 59 187 320 124 195 321 54 163 322 52 189 323 69 167 324 139 196 325 67 190 326 132 197 327 62 171 328 60 192 329 121 198 330 96 199 331 97 41 332 99 200 333 122 45 334 98 45 335 124 41 336 97 41 337 100 201 338 98 45 339 125 202 340 101 203 341 126 204 342 100 201 343 102 205 344 101 203 345 127 206 346 103 45 347 128 207 348 102 205 349 104 208 350 103 45 351 129 209 352 105 210 353 106 211 354 128 207 355 104 208 356 129 209 357 107 212 358 105 210 359 132 213 360 106 211 361 108 214 362 107 212 363 133 215 364 109 216 365 110 217 366 132 213 367 108 214 368 133 215 369 111 218 370 109 216 371 112 41 372 134 219 373 110 217 374 135 220 375 113 221 376 111 218 377 114 222 378 136 223 379 112 41 380 137 224 381 115 225 382 113 221 383 116 226 384 138 227 385 114 222 386 139 228 387 117 229 388 115 225 389 118 230 390 140 231 391 116 226 392 141 232 393 119 233 394 117 229 395 120 234 396 118 230 397 96 199 398 119 233 399 123 235 400 99 200 401 162 236 402 154 237 403 145 238 404 157 239 405 161 45 406 147 240 407 150 241 408 104 242 409 102 243 410 167 244 411 117 245 412 119 246 413 158 247 414 112 248 415 110 249 416 153 250 417 103 251 418 105 252 419 166 253 420 96 254 421 118 255 422 144 256 423 97 257 424 96 258 425 161 259 426 111 260 427 113 261 428 152 262 429 106 263 430 104 242 431 147 264 432 119 265 433 99 266 434 146 267 435 99 268 436 98 269 437 160 270 438 114 271 439 112 272 440 155 273 441 105 252 442 107 274 443 145 275 444 100 276 445 97 257 446 163 277 447 113 261 448 115 278 449 154 279 450 108 280 451 106 281 452 149 282 453 98 269 454 101 282 455 162 283 456 116 284 457 114 271 458 157 285 459 107 286 460 109 155 461 148 287 462 102 243 463 100 288 464 165 289 465 115 290 466 117 245 467 156 291 468 110 292 469 108 280 470 151 293 471 101 294 472 103 295 473 25 0 474 26 296 475 27 1 476 28 3 477 29 7 478 26 4 479 30 6 480 31 9 481 29 7 482 30 6 483 32 297 484 33 8 485 32 10 486 34 14 487 35 11 488 36 13 489 37 13 490 35 11 491 38 15 492 39 19 493 37 16 494 40 18 495 41 21 496 39 19 497 42 20 498 43 23 499 41 21 500 42 20 501 44 298 502 45 22 503 44 24 504 46 27 505 47 25 506 24 26 507 27 299 508 47 25 509 83 28 510 81 300 511 9 29 512 88 31 513 90 301 514 18 32 515 1 34 516 25 302 517 24 35 518 27 37 519 26 303 520 2 38 521 28 40 522 25 302 523 1 34 524 2 38 525 26 303 526 29 42 527 6 44 528 30 47 529 28 40 530 29 42 531 31 45 532 7 45 533 8 46 534 32 304 535 30 47 536 31 45 537 33 45 538 9 45 539 34 48 540 32 304 541 8 46 542 9 45 543 33 45 544 35 50 545 12 51 546 36 305 547 34 48 548 35 50 549 37 306 550 13 52 551 38 53 552 36 305 553 12 51 554 13 52 555 37 306 556 39 54 557 16 56 558 40 59 559 38 53 560 39 54 561 41 60 562 17 57 563 18 58 564 42 63 565 40 59 566 41 60 567 43 64 568 19 61 569 20 62 570 44 67 571 42 63 572 43 64 573 45 68 574 21 65 575 22 66 576 46 307 577 44 67 578 45 68 579 47 308 580 23 69 581 24 35 582 46 307 583 22 66 584 23 69 585 47 308 586 27 37 587 68 70 588 140 309 589 142 71 590 55 73 591 127 310 592 125 74 593 73 76 594 76 92 595 4 77 596 19 79 597 91 311 598 89 80 599 10 82 600 82 111 601 84 83 602 5 85 603 77 98 604 74 86 605 18 32 606 90 301 607 92 88 608 85 90 609 83 28 610 11 30 611 76 92 612 78 102 613 6 93 614 93 94 615 91 311 616 19 79 617 84 83 618 86 106 619 14 96 620 7 97 621 79 107 622 77 98 623 20 89 624 92 88 625 94 99 626 15 101 627 87 110 628 85 90 629 78 102 630 80 312 631 8 103 632 95 104 633 93 94 634 21 95 635 86 106 636 88 31 637 16 33 638 9 29 639 81 300 640 79 107 641 94 99 642 72 109 643 0 108 644 72 109 645 73 76 646 1 78 647 17 81 648 89 80 649 87 110 650 8 103 651 80 312 652 82 111 653 3 112 654 75 113 655 95 104 656 2 87 657 74 86 658 75 113 659 49 114 660 73 121 661 72 115 662 75 117 663 74 122 664 50 118 665 52 120 666 76 125 667 73 121 668 74 122 669 77 126 670 53 123 671 54 124 672 78 313 673 76 125 674 77 126 675 79 314 676 55 127 677 80 128 678 78 313 679 54 124 680 55 127 681 79 314 682 81 130 683 82 132 684 80 128 685 56 129 686 57 131 687 81 130 688 83 134 689 60 136 690 84 315 691 82 132 692 83 134 693 85 316 694 61 137 695 86 138 696 84 315 697 60 136 698 61 137 699 85 316 700 87 140 701 64 142 702 88 145 703 86 138 704 87 140 705 89 146 706 65 143 707 66 144 708 90 317 709 88 145 710 89 146 711 91 318 712 67 147 713 92 148 714 90 317 715 66 144 716 67 147 717 91 318 718 93 150 719 70 152 720 94 319 721 92 148 722 93 150 723 95 320 724 71 153 725 72 115 726 94 319 727 70 152 728 71 153 729 95 320 730 75 117 731 159 154 732 157 285 733 109 155 734 164 157 735 166 321 736 118 158 737 63 160 738 135 178 739 133 161 740 54 163 741 126 322 742 128 164 743 143 166 744 141 323 745 69 167 746 134 169 747 136 184 748 64 170 749 129 172 750 127 310 751 55 73 752 142 71 753 120 175 754 48 174 755 120 175 756 121 188 757 49 176 758 65 177 759 137 191 760 135 178 761 56 165 762 128 164 763 130 179 764 51 181 765 123 183 766 143 166 767 50 182 768 122 193 769 123 183 770 136 184 771 138 194 772 66 185 773 131 186 774 129 172 775 57 173 776 121 188 777 124 195 778 52 189 779 67 190 780 139 196 781 137 191 782 130 179 783 132 197 784 60 192 785 53 75 786 125 74 787 122 193 788 138 194 789 140 309 790 68 70 791 61 162 792 133 161 793 131 186 794 124 195 795 126 322 796 54 163 797 69 167 798 141 323 799 139 196 800 132 197 801 134 169 802 62 171 803 121 198 804 120 234 805 96 199 806 99 200 807 123 235 808 122 45 809 124 41 810 121 198 811 97 41 812 98 45 813 122 45 814 125 202 815 126 204 816 124 41 817 100 201 818 101 203 819 125 202 820 127 206 821 128 207 822 126 204 823 102 205 824 103 45 825 127 206 826 129 209 827 106 211 828 130 324 829 128 207 830 129 209 831 131 325 832 107 212 833 132 213 834 130 324 835 106 211 836 107 212 837 131 325 838 133 215 839 110 217 840 134 219 841 132 213 842 133 215 843 135 220 844 111 218 845 112 41 846 136 223 847 134 219 848 135 220 849 137 224 850 113 221 851 114 222 852 138 227 853 136 223 854 137 224 855 139 228 856 115 225 857 116 226 858 140 231 859 138 227 860 139 228 861 141 232 862 117 229 863 118 230 864 142 326 865 140 231 866 141 232 867 143 327 868 119 233 869 120 234 870 142 326 871 118 230 872 119 233 873 143 327 874 123 235 875 145 238 876 144 328 877 166 329 878 166 329 879 164 41 880 145 238 881 164 41 882 162 236 883 145 238 884 162 236 885 160 41 886 158 41 887 158 41 888 156 41 889 162 236 890 156 41 891 154 237 892 162 236 893 154 237 894 152 41 895 145 238 896 152 41 897 150 41 898 145 238 899 150 41 900 148 41 901 145 238 902 147 240 903 146 330 904 153 331 905 146 330 906 149 332 907 153 331 908 149 332 909 151 333 910 153 331 911 153 331 912 155 334 913 157 239 914 157 239 915 159 45 916 161 45 917 161 45 918 163 45 919 147 240 920 163 45 921 165 45 922 147 240 923 165 45 924 167 45 925 147 240 926 153 331 927 157 239 928 147 240 929 150 241 930 152 262 931 104 242 932 167 244 933 165 289 934 117 245 935 158 247 936 160 335 937 112 248 938 153 250 939 151 336 940 103 251 941 166 253 942 144 337 943 96 254 944 144 256 945 145 275 946 97 257 947 161 259 948 159 338 949 111 260 950 152 262 951 154 263 952 106 263 953 147 264 954 167 339 955 119 265 956 146 267 957 147 340 958 99 268 959 160 270 960 162 283 961 114 271 962 155 273 963 153 250 964 105 252 965 145 275 966 148 341 967 100 276 968 163 277 969 161 259 970 113 261 971 154 279 972 156 291 973 108 280 974 149 282 975 146 267 976 98 269 977 162 283 978 164 342 979 116 284 980 157 285 981 155 343 982 107 286 983 148 287 984 150 241 985 102 243 986 165 289 987 163 344 988 115 290 989 156 291 990 158 345 991 110 292 992 151 293 993 149 346 994 101 294 995</p>
        </triangles>
      </mesh>
    </geometry>
    <geometry id="Cylinder_008-mesh" name="Cylinder.008">
      <mesh>
        <source id="Cylinder_008-mesh-positions">
          <float_array id="Cylinder_008-mesh-positions-array" count="144">0.9998593 -0.3033282 0.3829748 1.287672 -0.3033282 0.3829747 0.9998593 -0.2783281 0.3011931 1.287672 -0.2783281 0.301193 0.9998594 -0.2157875 0.2428678 1.287672 -0.2157875 0.2428678 0.9998594 -0.132463 0.2236272 1.287672 -0.132463 0.2236272 0.9998594 -0.05068123 0.2486267 1.287672 -0.05068123 0.2486267 0.9998594 0.00764358 0.3111677 1.287672 0.00764358 0.3111677 0.9998594 0.02688491 0.3944925 1.287672 0.02688491 0.3944925 0.9998594 0.001885294 0.4762741 1.287672 0.001885294 0.4762741 0.9998594 -0.06065571 0.5345994 1.287672 -0.06065571 0.5345994 0.9998594 -0.143981 0.5538401 1.287672 -0.143981 0.5538401 0.9998594 -0.225762 0.5288406 1.287672 -0.225762 0.5288406 0.9998593 -0.2840873 0.4662995 1.287672 -0.2840873 0.4662995 0.9998593 -0.5529388 0.3742684 0.9998593 -0.4901431 0.1688482 1.287672 -0.4901431 0.1688482 1.287672 -0.5529388 0.3742684 0.9998593 -0.3330523 0.02234607 1.287672 -0.3330523 0.0223459 0.9998594 -0.1237574 -0.02598285 1.287672 -0.1237574 -0.02598303 0.9998594 0.08166474 0.03681129 1.287672 0.08166474 0.03681105 0.9998595 0.2281666 0.1939027 1.287672 0.2281666 0.1939027 0.9998595 0.2764936 0.4031988 1.287672 0.2764936 0.4031988 0.9998595 0.2137013 0.6086192 1.287672 0.2137013 0.6086192 0.9998594 0.0566098 0.7551212 1.287672 0.0566098 0.7551212 0.9998594 -0.1526873 0.8034501 1.287672 -0.1526873 0.80345 0.9998593 -0.3581073 0.740656 1.287672 -0.3581073 0.740656 0.9998593 -0.5046084 0.5835646 1.287672 -0.5046084 0.5835646</float_array>
          <technique_common>
            <accessor source="#Cylinder_008-mesh-positions-array" count="48" stride="3">
              <param name="X" type="float"/>
              <param name="Y" type="float"/>
              <param name="Z" type="float"/>
            </accessor>
          </technique_common>
        </source>
        <source id="Cylinder_008-mesh-normals">
          <float_array id="Cylinder_008-mesh-normals-array" count="144">-0.6532276 -0.6421248 -0.40121 0.6532253 -0.7567035 -0.02639377 -0.6532257 -0.7567032 -0.02639377 -0.6532272 -0.3554946 -0.6685191 0.6532275 -0.6421251 -0.4012099 -0.653227 0.0263921 -0.7567021 0.6532266 -0.3554951 -0.6685196 0.6532261 0.4012086 -0.6421273 0.6532266 0.02639204 -0.7567025 -0.653226 0.6685225 -0.3554906 -0.6532268 0.4012081 -0.6421268 0.6532287 0.7567005 0.02639394 0.6532266 0.6685219 -0.3554906 -0.6532283 0.7567008 0.02639383 0.6532258 0.6421287 0.4012069 -0.6532257 0.642129 0.4012064 0.6532267 0.3554928 0.6685206 -0.6532268 0.3554931 0.6685205 0.653227 -0.02639412 0.756702 -0.6532266 -0.02639383 0.7567024 0.6532266 -0.4012099 0.642126 0.7702618 0.5630676 -0.2994191 -0.7702612 0.3379233 -0.5408378 0.7702617 0.337922 -0.540838 -0.6532277 -0.6685189 0.3554943 -0.6532267 -0.4012098 0.6421258 0.6532278 -0.6685187 0.3554944 -0.770263 0.6373388 0.0222314 0.7702631 0.6373386 0.02223157 -0.7702607 0.5408387 0.3379231 0.7702608 0.5408383 0.3379238 -0.7702618 0.2994199 0.5630671 0.7702622 0.2994191 0.563067 -0.770262 -0.02222967 0.6373402 0.770262 -0.02223098 0.6373402 -0.7702625 -0.3379217 0.5408372 0.7702624 -0.3379223 0.5408368 -0.7702609 -0.5630682 0.2994204 0.7702602 -0.5630691 0.2994203 -0.7702633 -0.6373386 -0.02222818 0.7702626 -0.6373395 -0.02222806 -0.7702617 -0.5408377 -0.3379225 0.7702618 -0.5408376 -0.3379225 -0.770262 -0.2994179 -0.5630679 0.7702623 -0.2994167 -0.5630681 -0.7702618 0.02223217 -0.6373401 0.770262 0.02223098 -0.6373401 -0.7702618 0.5630678 -0.2994185</float_array>
          <technique_common>
            <accessor source="#Cylinder_008-mesh-normals-array" count="48" stride="3">
              <param name="X" type="float"/>
              <param name="Y" type="float"/>
              <param name="Z" type="float"/>
            </accessor>
          </technique_common>
        </source>
        <source id="Cylinder_008-mesh-map-0">
          <float_array id="Cylinder_008-mesh-map-0-array" count="576">0.3021018 0.9615103 0.2711203 0.9383878 0.3021018 0.9383878 0.3021018 0.9815348 0.2711203 0.9615103 0.3021018 0.9615103 0.2091574 0.9615104 0.2401388 0.9815349 0.2091574 0.9815348 0.2091574 0.9615104 0.2401388 0.9383879 0.2401388 0.9615104 0.2091574 0.9183633 0.2401388 0.9383879 0.2091574 0.9383878 0.2401389 0.9815348 0.2711203 0.9615102 0.2711203 0.9815348 0.2401389 0.9615102 0.2711203 0.9383878 0.2711203 0.9615102 0.2401389 0.9383878 0.2711203 0.9183632 0.2711203 0.9383878 0.3330832 0.9183632 0.3021017 0.9383879 0.3021017 0.9183633 0.3330832 0.9383879 0.3021017 0.9615103 0.3021017 0.9383879 0.3330832 0.9493446 0.3410554 0.9183632 0.3410554 0.9493446 0.3330832 0.9815348 0.3021017 0.9615103 0.3330832 0.9615103 0.3021018 0.9383878 0.2711203 0.9183632 0.3021018 0.9183632 0.3410554 0.9803261 0.3330832 0.9493447 0.3410554 0.9493447 0.2954515 0.863655 0.3260235 0.8626413 0.3214208 0.8706135 0.2648793 0.8626413 0.2954513 0.863655 0.269482 0.8706135 0.3214207 0.8798189 0.2954515 0.863655 0.3214208 0.8706135 0.2954513 0.863655 0.269482 0.8798189 0.269482 0.8706135 0.3260235 0.887791 0.2954514 0.8867774 0.3214207 0.8798189 0.2954514 0.8867774 0.2648794 0.887791 0.269482 0.8798189 0.3339956 0.8923938 0.3070125 0.9068019 0.3260235 0.887791 0.2838903 0.9068019 0.2569072 0.8923938 0.2648794 0.887791 0.3432011 0.8923938 0.3270372 0.9183633 0.3339956 0.8923938 0.2638656 0.9183632 0.2477017 0.8923938 0.2569072 0.8923938 0.3701841 0.9068019 0.3432011 0.8923938 0.3511733 0.8877912 0.2477017 0.8923938 0.2207188 0.9068019 0.2397295 0.8877912 0.355776 0.8798189 0.3701841 0.9068019 0.3511733 0.8877912 0.2207188 0.9068019 0.2351267 0.8798189 0.2397295 0.8877912 0.3817454 0.863655 0.355776 0.8798189 0.355776 0.8706135 0.2351267 0.8798189 0.2091574 0.8636551 0.2351267 0.8706135 0.3701841 0.8436304 0.355776 0.8706135 0.3511732 0.8626413 0.2351267 0.8706135 0.2207186 0.8436304 0.2397295 0.8626413 0.3501596 0.8320692 0.3511732 0.8626413 0.3432011 0.8580386 0.2397295 0.8626413 0.2407431 0.8320692 0.2477016 0.8580386 0.3270373 0.8320693 0.3432011 0.8580386 0.3339956 0.8580386 0.2477016 0.8580386 0.2638655 0.8320693 0.2569071 0.8580386 0.3260235 0.8626413 0.3270373 0.8320693 0.3339956 0.8580386 0.2638655 0.8320693 0.2648793 0.8626413 0.2569071 0.8580386 0.3410554 0.9183632 0.3502608 0.9493447 0.3410554 0.9493446 0.3502608 0.9183633 0.358233 0.9493447 0.3502608 0.9493447 0.358233 0.9493447 0.3662052 0.9803261 0.358233 0.9803261 0.3662052 0.9803261 0.3754107 0.9493447 0.3754107 0.9803261 0.3754107 0.9803261 0.3833828 0.9493447 0.3833828 0.9803261 0.358233 0.9493446 0.3662052 0.9183632 0.3662052 0.9493446 0.3662052 0.9183632 0.3754107 0.9493446 0.3662052 0.9493446 0.3754106 0.9183632 0.3833828 0.9493446 0.3754107 0.9493446 0.358233 0.9803261 0.3502609 0.9493447 0.358233 0.9493447 0.3502609 0.9803261 0.3410554 0.9493447 0.3502609 0.9493447 0.3021018 0.9615103 0.2711203 0.9615103 0.2711203 0.9383878 0.3021018 0.9815348 0.2711203 0.9815348 0.2711203 0.9615103 0.2091574 0.9615104 0.2401388 0.9615104 0.2401388 0.9815349 0.2091574 0.9615104 0.2091574 0.9383878 0.2401388 0.9383879 0.2091574 0.9183633 0.2401388 0.9183633 0.2401388 0.9383879 0.2401389 0.9815348 0.2401389 0.9615102 0.2711203 0.9615102 0.2401389 0.9615102 0.2401389 0.9383878 0.2711203 0.9383878 0.2401389 0.9383878 0.2401388 0.9183632 0.2711203 0.9183632 0.3330832 0.9183632 0.3330832 0.9383879 0.3021017 0.9383879 0.3330832 0.9383879 0.3330832 0.9615103 0.3021017 0.9615103 0.3330832 0.9493446 0.3330832 0.9183632 0.3410554 0.9183632 0.3330832 0.9815348 0.3021018 0.9815348 0.3021017 0.9615103 0.3021018 0.9383878 0.2711203 0.9383878 0.2711203 0.9183632 0.3410554 0.9803261 0.3330832 0.9803261 0.3330832 0.9493447 0.2954515 0.863655 0.3070126 0.8436304 0.3260235 0.8626413 0.2648793 0.8626413 0.2838902 0.8436303 0.2954513 0.863655 0.3214207 0.8798189 0.2954514 0.8867774 0.2954515 0.863655 0.2954513 0.863655 0.2954514 0.8867774 0.269482 0.8798189 0.3260235 0.887791 0.3070125 0.9068019 0.2954514 0.8867774 0.2954514 0.8867774 0.2838903 0.9068019 0.2648794 0.887791 0.3339956 0.8923938 0.3270372 0.9183633 0.3070125 0.9068019 0.2838903 0.9068019 0.2638656 0.9183632 0.2569072 0.8923938 0.3432011 0.8923938 0.3501596 0.9183633 0.3270372 0.9183633 0.2638656 0.9183632 0.2407432 0.9183632 0.2477017 0.8923938 0.3701841 0.9068019 0.3501596 0.9183633 0.3432011 0.8923938 0.2477017 0.8923938 0.2407432 0.9183632 0.2207188 0.9068019 0.355776 0.8798189 0.3817454 0.8867775 0.3701841 0.9068019 0.2207188 0.9068019 0.2091574 0.8867775 0.2351267 0.8798189 0.3817454 0.863655 0.3817454 0.8867775 0.355776 0.8798189 0.2351267 0.8798189 0.2091574 0.8867775 0.2091574 0.8636551 0.3701841 0.8436304 0.3817454 0.863655 0.355776 0.8706135 0.2351267 0.8706135 0.2091574 0.8636551 0.2207186 0.8436304 0.3501596 0.8320692 0.3701841 0.8436304 0.3511732 0.8626413 0.2397295 0.8626413 0.2207186 0.8436304 0.2407431 0.8320692 0.3270373 0.8320693 0.3501596 0.8320692 0.3432011 0.8580386 0.2477016 0.8580386 0.2407431 0.8320692 0.2638655 0.8320693 0.3260235 0.8626413 0.3070126 0.8436304 0.3270373 0.8320693 0.2638655 0.8320693 0.2838902 0.8436303 0.2648793 0.8626413 0.3410554 0.9183632 0.3502608 0.9183633 0.3502608 0.9493447 0.3502608 0.9183633 0.358233 0.9183633 0.358233 0.9493447 0.358233 0.9493447 0.3662052 0.9493447 0.3662052 0.9803261 0.3662052 0.9803261 0.3662052 0.9493447 0.3754107 0.9493447 0.3754107 0.9803261 0.3754107 0.9493447 0.3833828 0.9493447 0.358233 0.9493446 0.358233 0.9183632 0.3662052 0.9183632 0.3662052 0.9183632 0.3754106 0.9183632 0.3754107 0.9493446 0.3754106 0.9183632 0.3833827 0.9183632 0.3833828 0.9493446 0.358233 0.9803261 0.3502609 0.9803261 0.3502609 0.9493447 0.3502609 0.9803261 0.3410554 0.9803261 0.3410554 0.9493447</float_array>
          <technique_common>
            <accessor source="#Cylinder_008-mesh-map-0-array" count="288" stride="2">
              <param name="S" type="float"/>
              <param name="T" type="float"/>
            </accessor>
          </technique_common>
        </source>
        <vertices id="Cylinder_008-mesh-vertices">
          <input semantic="POSITION" source="#Cylinder_008-mesh-positions"/>
        </vertices>
        <triangles material="Beware-material" count="96">
          <input semantic="VERTEX" source="#Cylinder_008-mesh-vertices" offset="0"/>
          <input semantic="NORMAL" source="#Cylinder_008-mesh-normals" offset="1"/>
          <input semantic="TEXCOORD" source="#Cylinder_008-mesh-map-0" offset="2" set="0"/>
          <p>25 0 0 27 1 1 24 2 2 28 3 3 26 4 4 25 0 5 30 5 6 29 6 7 28 3 8 30 5 9 33 7 10 31 8 11 34 9 12 33 7 13 32 10 14 34 9 15 37 11 16 35 12 17 36 13 18 39 14 19 37 11 20 38 15 21 41 16 22 39 14 23 40 17 24 43 18 25 41 16 26 42 19 27 45 20 28 43 18 29 23 21 30 20 22 31 21 23 32 46 24 33 45 20 34 44 25 35 24 2 36 47 26 37 46 24 38 0 27 39 23 21 40 1 28 41 25 0 42 0 27 43 2 29 44 1 28 45 26 4 46 3 30 47 4 31 48 25 0 49 2 29 50 26 4 51 5 32 52 3 30 53 6 33 54 28 3 55 4 31 56 29 6 57 7 34 58 5 32 59 8 35 60 30 5 61 6 33 62 31 8 63 9 36 64 7 34 65 10 37 66 32 10 67 8 35 68 33 7 69 11 38 70 9 36 71 36 13 72 10 37 73 12 39 74 11 38 75 37 11 76 13 40 77 14 41 78 36 13 79 12 39 80 37 11 81 15 42 82 13 40 83 40 17 84 14 41 85 16 43 86 15 42 87 41 16 88 17 44 89 42 19 90 16 43 91 18 45 92 17 44 93 43 18 94 19 46 95 44 25 96 18 45 97 20 22 98 19 46 99 45 20 100 21 23 101 46 24 102 20 22 103 22 47 104 21 23 105 47 26 106 23 21 107 0 27 108 46 24 109 22 47 110 47 26 111 1 28 112 23 21 113 20 22 114 19 46 115 21 23 116 18 45 117 17 44 118 19 46 119 16 43 120 15 42 121 17 44 122 15 42 123 12 39 124 13 40 125 13 40 126 10 37 127 11 38 128 11 38 129 8 35 130 9 36 131 8 35 132 7 34 133 9 36 134 6 33 135 5 32 136 7 34 137 4 31 138 3 30 139 5 32 140 2 29 141 1 28 142 3 30 143 25 0 144 26 4 145 27 1 146 28 3 147 29 6 148 26 4 149 30 5 150 31 8 151 29 6 152 30 5 153 32 10 154 33 7 155 34 9 156 35 12 157 33 7 158 34 9 159 36 13 160 37 11 161 36 13 162 38 15 163 39 14 164 38 15 165 40 17 166 41 16 167 40 17 168 42 19 169 43 18 170 42 19 171 44 25 172 45 20 173 23 21 174 22 47 175 20 22 176 46 24 177 47 26 178 45 20 179 24 2 180 27 1 181 47 26 182 0 27 183 22 47 184 23 21 185 25 0 186 24 2 187 0 27 188 1 28 189 27 1 190 26 4 191 4 31 192 28 3 193 25 0 194 26 4 195 29 6 196 5 32 197 6 33 198 30 5 199 28 3 200 29 6 201 31 8 202 7 34 203 8 35 204 32 10 205 30 5 206 31 8 207 33 7 208 9 36 209 10 37 210 34 9 211 32 10 212 33 7 213 35 12 214 11 38 215 36 13 216 34 9 217 10 37 218 11 38 219 35 12 220 37 11 221 14 41 222 38 15 223 36 13 224 37 11 225 39 14 226 15 42 227 40 17 228 38 15 229 14 41 230 15 42 231 39 14 232 41 16 233 42 19 234 40 17 235 16 43 236 17 44 237 41 16 238 43 18 239 44 25 240 42 19 241 18 45 242 19 46 243 43 18 244 45 20 245 46 24 246 44 25 247 20 22 248 21 23 249 45 20 250 47 26 251 0 27 252 24 2 253 46 24 254 47 26 255 27 1 256 1 28 257 20 22 258 18 45 259 19 46 260 18 45 261 16 43 262 17 44 263 16 43 264 14 41 265 15 42 266 15 42 267 14 41 268 12 39 269 13 40 270 12 39 271 10 37 272 11 38 273 10 37 274 8 35 275 8 35 276 6 33 277 7 34 278 6 33 279 4 31 280 5 32 281 4 31 282 2 29 283 3 30 284 2 29 285 0 27 286 1 28 287</p>
        </triangles>
      </mesh>
    </geometry>
    <geometry id="Cube_005-mesh" name="Cube.005">
      <mesh>
        <source id="Cube_005-mesh-positions">
          <float_array id="Cube_005-mesh-positions-array" count="24">-0.07074207 1.886484 0.3309302 -0.07074207 1.739527 0.4202926 -0.07074207 1.90031 0.3512453 -0.07074207 1.753353 0.4406076 0.07074207 1.886484 0.3309302 0.07074207 1.739527 0.4202926 0.07074207 1.90031 0.3512453 0.07074207 1.753353 0.4406076</float_array>
          <technique_common>
            <accessor source="#Cube_005-mesh-positions-array" count="8" stride="3">
              <param name="X" type="float"/>
              <param name="Y" type="float"/>
              <param name="Z" type="float"/>
            </accessor>
          </technique_common>
        </source>
        <source id="Cube_005-mesh-normals">
          <float_array id="Cube_005-mesh-normals-array" count="30">-1 0 0 0 0.5195667 0.85443 1 0 0 0 -0.5195679 -0.8544293 0 0.8267036 -0.5626376 0 -0.8267074 0.5626323 -1 0 0 0 0.5195678 0.8544294 0 -0.5195673 -0.8544296 0 -0.8267034 0.5626382</float_array>
          <technique_common>
            <accessor source="#Cube_005-mesh-normals-array" count="10" stride="3">
              <param name="X" type="float"/>
              <param name="Y" type="float"/>
              <param name="Z" type="float"/>
            </accessor>
          </technique_common>
        </source>
        <source id="Cube_005-mesh-map-0">
          <float_array id="Cube_005-mesh-map-0-array" count="72">0.3682531 0.5769729 0.374131 0.53608 0.374131 0.5772743 0.2946013 0.5357787 0.3284882 0.576973 0.2946013 0.576973 0.3623753 0.53608 0.3682532 0.576973 0.3623753 0.5772743 0.3284882 0.5357787 0.3623753 0.576973 0.3284882 0.576973 0.3564896 0.576973 0.3623753 0.6108599 0.3564896 0.6108599 0.350604 0.576973 0.3564896 0.6108599 0.350604 0.6108599 0.3682531 0.5769729 0.3682531 0.5357786 0.374131 0.53608 0.2946013 0.5357787 0.3284882 0.5357787 0.3284882 0.576973 0.3623753 0.53608 0.3682531 0.5357787 0.3682532 0.576973 0.3284882 0.5357787 0.3623753 0.5357787 0.3623753 0.576973 0.3564896 0.576973 0.3623753 0.576973 0.3623753 0.6108599 0.350604 0.576973 0.3564896 0.5769729 0.3564896 0.6108599</float_array>
          <technique_common>
            <accessor source="#Cube_005-mesh-map-0-array" count="36" stride="2">
              <param name="S" type="float"/>
              <param name="T" type="float"/>
            </accessor>
          </technique_common>
        </source>
        <vertices id="Cube_005-mesh-vertices">
          <input semantic="POSITION" source="#Cube_005-mesh-positions"/>
        </vertices>
        <triangles material="Beware-material" count="12">
          <input semantic="VERTEX" source="#Cube_005-mesh-vertices" offset="0"/>
          <input semantic="NORMAL" source="#Cube_005-mesh-normals" offset="1"/>
          <input semantic="TEXCOORD" source="#Cube_005-mesh-map-0" offset="2" set="0"/>
          <p>0 0 0 3 0 1 2 0 2 3 1 3 6 1 4 2 1 5 7 2 6 4 2 7 6 2 8 5 3 9 0 3 10 4 3 11 6 4 12 0 4 13 2 4 14 3 5 15 5 5 16 7 5 17 0 6 18 1 6 19 3 6 20 3 7 21 7 7 22 6 7 23 7 2 24 5 2 25 4 2 26 5 8 27 1 8 28 0 8 29 6 4 30 4 4 31 0 4 32 3 9 33 1 9 34 5 9 35</p>
        </triangles>
      </mesh>
    </geometry>
    <geometry id="Cube_002-mesh" name="Cube.002">
      <mesh>
        <source id="Cube_002-mesh-positions">
          <float_array id="Cube_002-mesh-positions-array" count="108">-0.2770387 -0.7075504 0.4372928 -0.2770387 -0.6898314 0.7410586 -0.1150287 1.974174 0.2166731 -0.1423331 1.982732 0.363401 0.2770387 -0.7075504 0.4372928 0.2770387 -0.6898314 0.7410586 0.1150287 1.974174 0.2166731 0.1423331 1.982732 0.363401 -0.4078334 -0.3595098 0.3965867 -0.3330869 -0.2719308 0.7010802 0.4078334 -0.35951 0.3965867 0.3330869 -0.2719308 0.7010802 -0.2499849 1.036559 0.5533993 0.3159028 1.091465 0.2800108 -0.3159028 1.091465 0.2800108 0.2499849 1.036559 0.5533993 0 1.974174 0.2166731 0 1.982526 0.359864 0 -0.7075504 0.4372928 0 -0.6898314 0.7410586 0 -0.2674092 0.7596362 0 -0.3595099 0.3965867 0 1.091465 0.2800108 0 1.0397 0.5927365 0.3159028 1.11223 0.6360056 0.4078334 -0.3346996 0.8062251 0 -0.3312737 0.8649595 -0.4078334 -0.3346998 0.8062251 -0.3159028 1.11223 0.6360056 0 1.114533 0.6754793 -0.333087 -0.3271232 0.448354 0.3330869 -0.3271232 0.448354 -0.249985 0.9818205 0.308447 0.2499849 0.9818205 0.308447 0 -0.3263828 0.4420863 0 0.9822324 0.3009983</float_array>
          <technique_common>
            <accessor source="#Cube_002-mesh-positions-array" count="36" stride="3">
              <param name="X" type="float"/>
              <param name="Y" type="float"/>
              <param name="Z" type="float"/>
            </accessor>
          </technique_common>
        </source>
        <source id="Cube_002-mesh-normals">
          <float_array id="Cube_002-mesh-normals-array" count="282">-0.9914511 0.1293743 -0.01694566 -0.9671804 0.2026898 -0.1532281 -0.960066 0.2048013 -0.1906036 0 0.9983031 -0.0582323 -1.31482e-7 0.9983031 -0.05823183 0 0.9983032 -0.05823165 0.9899057 -0.1414779 0.008409976 0.9367943 -0.3492631 0.02078133 0.9366701 -0.3496186 0.02039343 0 -0.9983032 0.05823189 0 -0.9983032 0.05823189 0 -0.09814167 -0.9951725 0 -0.1161659 -0.9932298 0 -0.1161659 -0.9932299 0 -0.2702838 0.9627807 -0.07045376 -0.2767294 0.9583617 0 -0.3266039 0.9451614 0.00589174 0.9800871 -0.1984807 0 0.9806912 -0.1955629 -0.006186306 0.976955 -0.2133558 0 -0.0762369 -0.9970898 0 -0.07582807 -0.9971209 0.9925951 0.1212633 -0.007086575 0.9914511 0.1293743 -0.01694566 -0.9367944 -0.3492631 0.02078127 -0.9899057 -0.1414779 0.008409917 -0.9366703 -0.3496184 0.02039343 0.9671806 0.2026898 -0.1532279 0.9600661 0.2048013 -0.1906034 0 -0.07156968 -0.9974356 0 -0.07156968 -0.9974356 -0.004077911 0.33767 0.9412558 0 0.3228006 0.946467 0 0.3417252 0.9398 -0.9925951 0.1212633 -0.007086575 0.004077911 0.33767 0.9412558 0.1198235 0.3183733 0.940362 0 -0.07623684 -0.9970898 1.60157e-7 -0.09619092 -0.9953629 0.07045376 -0.2767294 0.9583618 0.1369407 -0.2273535 0.9641357 0 -0.1161659 -0.9932298 0 -0.9983031 0.05823189 1.29085e-7 0.9983031 -0.05823254 -0.8091971 0.01756387 0.5872747 -0.7915512 0.01888954 0.610811 -0.7899158 0.01900905 0.6129207 0.07977098 0.874325 0.4787405 0 0.8617213 0.5073819 0.07523661 0.8788347 0.4711572 0.8091974 0.01756387 0.5872743 0.7915511 0.01888954 0.610811 0.8099505 0.01750576 0.586237 0.07872968 -0.759176 0.6461064 0 -0.7488295 0.6627628 0 -0.7416701 0.6707648 -0.07977128 0.8743246 0.4787412 0 0.8550819 0.5184932 -0.07872968 -0.759176 0.6461064 -0.07447981 -0.7642284 0.640631 0.02775752 0.1068348 0.9938893 0.01847571 0.1051021 0.9942899 0 0.1053674 0.9944334 0.99799 -0.06190448 0.01355475 0.9979914 -0.06183367 0.01378089 0.9979916 -0.06182295 0.01381516 -0.99799 -0.06190437 0.01355522 -0.9979914 -0.06183367 0.01378124 -0.9979899 -0.06191486 0.01352173 -0.006412327 -0.9788783 0.2043439 0 -0.9786101 0.2057238 0 -0.9811456 0.1932706 0.006412327 -0.9788783 0.2043436 -0.008105874 -0.9758971 0.2180806 -0.005891859 0.9800871 -0.1984806 0 0.9831886 -0.1825926 -2.68354e-7 0.9983032 -0.05823212 0.9910005 -0.1336134 0.008092463 0 -0.09619092 -0.9953629 -0.1369407 -0.2273535 0.9641357 -0.9910005 -0.1336137 0.008092403 -0.1198235 0.3183733 0.940362 2.63462e-7 0.9983031 -0.05823355 -0.8099503 0.01750576 0.5862374 0.7899158 0.01900905 0.6129207 0.07447981 -0.7642284 0.640631 -0.07523691 0.8788342 0.471158 -0.01847583 0.1051021 0.9942899 -0.02775752 0.1068348 0.9938893 0 0.1071935 0.9942382 0.9979899 -0.06191498 0.01352125 -0.9979916 -0.06182295 0.01381552 0.008105874 -0.9758969 0.2180815 0.006186127 0.9769551 -0.2133554</float_array>
          <technique_common>
            <accessor source="#Cube_002-mesh-normals-array" count="94" stride="3">
              <param name="X" type="float"/>
              <param name="Y" type="float"/>
              <param name="Z" type="float"/>
            </accessor>
          </technique_common>
        </source>
        <source id="Cube_002-mesh-map-0">
          <float_array id="Cube_002-mesh-map-0-array" count="408">0.1441551 0.2993108 0.1670266 0.4299244 0.1450293 0.4302765 0.4121119 0.3995072 0.4334872 0.3823235 0.4334872 0.3995072 0.2667346 0.08253228 0.2196648 0.0284655 0.2651058 0.02951449 0.3662523 0.4196305 0.4115839 0.3782445 0.4115839 0.4196305 0.08323013 0.08079355 0.04184412 0.0284655 0.08323013 0.0284655 0.4875804 0.08939057 0.4349228 0.1307765 0.4349228 0.08939057 0.3946031 0.139395 0.4349228 0.0903688 0.433094 0.1401025 0.03603833 0.2982395 0.08323013 0.08079355 0.08323013 0.2982395 0.2134805 0.2980814 0.2667346 0.08253228 0.2667346 0.2993108 0.1912249 0.0284655 0.1441551 0.08253228 0.1457839 0.02951449 0.2438631 0.4299244 0.2667346 0.2993108 0.2658604 0.4302765 0.06604629 0.4304227 0.08323013 0.2982395 0.08323013 0.4304227 0.3921813 0.3782445 0.413444 0.2465432 0.413444 0.378238 0.1441551 0.08253228 0.1974092 0.2980814 0.1441551 0.2993108 0.4347067 0.3782445 0.413444 0.2465432 0.4606358 0.2464703 0.1004139 0.4304227 0.08323013 0.2982395 0.1304219 0.2982395 0.1304219 0.2982395 0.08323013 0.08079355 0.144155 0.08079355 0.4875804 0.08939057 0.4349228 0.04800456 0.4874719 0.02846556 0.08323013 0.08079355 0.124616 0.0284655 0.144155 0.08079355 0.3662523 0.4610165 0.4115839 0.4196305 0.4115839 0.4610165 0.4334872 0.416691 0.4121119 0.3995072 0.4334872 0.3995072 0.3580051 0.04001885 0.372371 0.2464703 0.3589326 0.2370564 0.3964318 0.0398941 0.372371 0.08921915 0.3822568 0.02846556 0.2811003 0.04001885 0.2667346 0.2464703 0.2667346 0.0284655 0.3908813 0.235197 0.372371 0.1972938 0.3860912 0.197696 0.3946031 0.139395 0.372371 0.08921915 0.3867568 0.08948355 0.3930702 0.1605401 0.372371 0.1972938 0.3796422 0.1502949 0.2791489 0.4427629 0.2667346 0.2464703 0.3164934 0.2466238 0.2811003 0.04001885 0.3174639 0.2332007 0.2801728 0.2370564 0.3580051 0.04001885 0.3216416 0.2332007 0.3195528 0.0362311 0.3930702 0.1605401 0.4304054 0.1989953 0.3860912 0.197696 0.3908813 0.235197 0.4304054 0.1989953 0.4282165 0.2362917 0.3964318 0.0398941 0.4349228 0.0903688 0.3867568 0.08948355 0.1441551 0.2993108 0.1974092 0.2980814 0.1670266 0.4299244 0.4121119 0.3995072 0.4115839 0.3782445 0.4334872 0.3823235 0.2667346 0.08253228 0.2054449 0.08125394 0.2196648 0.0284655 0.3662523 0.4196305 0.3662523 0.3782445 0.4115839 0.3782445 0.08323013 0.08079355 0.02230507 0.08079355 0.04184412 0.0284655 0.4875804 0.08939057 0.4874718 0.1503155 0.4349228 0.1307765 0.3946031 0.139395 0.3867568 0.08948355 0.4349228 0.0903688 0.03603833 0.2982395 0.02230507 0.08079355 0.08323013 0.08079355 0.2134805 0.2980814 0.2054449 0.08125394 0.2667346 0.08253228 0.1912249 0.0284655 0.2054449 0.08125394 0.1441551 0.08253228 0.2438631 0.4299244 0.2134805 0.2980814 0.2667346 0.2993108 0.06604629 0.4304227 0.03603833 0.2982395 0.08323013 0.2982395 0.3921813 0.3782445 0.3662523 0.2464703 0.413444 0.2465432 0.1441551 0.08253228 0.2054449 0.08125394 0.1974092 0.2980814 0.4347067 0.3782445 0.413444 0.378238 0.413444 0.2465432 0.1004139 0.4304227 0.08323013 0.4304227 0.08323013 0.2982395 0.1304219 0.2982395 0.08323013 0.2982395 0.08323013 0.08079355 0.4875804 0.08939057 0.4349228 0.08939057 0.4349228 0.04800456 0.08323013 0.08079355 0.08323013 0.0284655 0.124616 0.0284655 0.3662523 0.4610165 0.3662523 0.4196305 0.4115839 0.4196305 0.4334872 0.416691 0.4115839 0.4207699 0.4121119 0.3995072 0.3580051 0.04001885 0.372371 0.02846556 0.372371 0.2464703 0.3964318 0.0398941 0.3867568 0.08948355 0.372371 0.08921915 0.2811003 0.04001885 0.2801728 0.2370564 0.2667346 0.2464703 0.3908813 0.235197 0.3768761 0.2446379 0.372371 0.1972938 0.3946031 0.139395 0.3800176 0.150295 0.372371 0.08921915 0.3930702 0.1605401 0.3860912 0.197696 0.372371 0.1972938 0.3662523 0.2464703 0.3538379 0.4427629 0.3164934 0.2466238 0.3538379 0.4427629 0.3164934 0.4428754 0.3164934 0.2466238 0.3164934 0.4428754 0.2791489 0.4427629 0.3164934 0.2466238 0.2811003 0.04001885 0.3195527 0.0362311 0.3174639 0.2332007 0.3580051 0.04001885 0.3589326 0.2370564 0.3216416 0.2332007 0.3930702 0.1605401 0.4304054 0.1616348 0.4304054 0.1989953 0.3908813 0.235197 0.3860912 0.197696 0.4304054 0.1989953 0.3964318 0.0398941 0.4349228 0.04060155 0.4349228 0.0903688</float_array>
          <technique_common>
            <accessor source="#Cube_002-mesh-map-0-array" count="204" stride="2">
              <param name="S" type="float"/>
              <param name="T" type="float"/>
            </accessor>
          </technique_common>
        </source>
        <vertices id="Cube_002-mesh-vertices">
          <input semantic="POSITION" source="#Cube_002-mesh-positions"/>
        </vertices>
        <triangles material="Beware-material" count="68">
          <input semantic="VERTEX" source="#Cube_002-mesh-vertices" offset="0"/>
          <input semantic="NORMAL" source="#Cube_002-mesh-normals" offset="1"/>
          <input semantic="TEXCOORD" source="#Cube_002-mesh-map-0" offset="2" set="0"/>
          <p>14 0 0 3 1 1 2 2 2 17 3 3 6 4 4 16 5 5 10 6 6 5 7 7 4 8 8 19 9 9 0 10 10 18 9 11 21 11 12 4 12 13 18 13 14 26 14 15 1 15 16 19 16 17 9 17 18 34 18 19 30 19 20 13 20 21 21 11 22 22 21 23 24 22 24 10 6 25 13 23 26 1 24 27 8 25 28 0 26 29 7 27 30 13 23 31 6 28 32 6 29 33 22 21 34 16 30 35 3 31 36 29 32 37 17 33 38 8 25 39 28 34 40 14 0 41 7 35 42 29 32 43 24 36 44 2 29 45 22 21 46 14 37 47 14 37 48 21 11 49 8 38 50 26 14 51 5 39 52 25 40 53 21 11 54 0 41 55 8 38 56 5 10 57 18 9 58 4 42 59 2 43 60 17 3 61 16 5 62 11 44 63 24 45 64 15 46 65 11 47 66 26 48 67 25 49 68 9 50 69 28 51 70 27 52 71 15 53 72 29 54 73 23 55 74 9 56 75 26 48 76 20 57 77 12 58 78 29 54 79 28 59 80 32 60 81 30 61 82 34 62 83 9 63 84 32 64 85 12 65 86 11 66 87 33 67 88 31 68 89 12 69 90 35 70 91 23 71 92 15 72 93 35 70 94 33 73 95 11 74 96 34 18 97 20 75 98 14 0 99 28 34 100 3 1 101 17 3 102 7 76 103 6 4 104 10 6 105 25 77 106 5 7 107 19 9 108 1 42 109 0 10 110 21 11 111 10 78 112 4 12 113 26 14 114 27 79 115 1 15 116 9 17 117 20 75 118 34 18 119 13 20 120 10 78 121 21 11 122 24 22 123 25 77 124 10 6 125 1 24 126 27 80 127 8 25 128 7 27 129 24 22 130 13 23 131 6 29 132 13 20 133 22 21 134 3 31 135 28 81 136 29 32 137 8 25 138 27 80 139 28 34 140 7 35 141 17 33 142 29 32 143 2 29 144 16 30 145 22 21 146 14 37 147 22 21 148 21 11 149 26 14 150 19 16 151 5 39 152 21 11 153 18 13 154 0 41 155 5 10 156 19 9 157 18 9 158 2 43 159 3 82 160 17 3 161 11 44 162 25 83 163 24 45 164 11 47 165 20 57 166 26 48 167 9 50 168 12 84 169 28 51 170 15 53 171 24 85 172 29 54 173 9 56 174 27 86 175 26 48 176 12 58 177 23 55 178 29 54 179 31 87 180 33 88 181 34 62 182 33 88 183 35 89 184 34 62 185 35 89 186 32 60 187 34 62 188 9 63 189 30 90 190 32 64 191 11 66 192 15 91 193 33 67 194 12 69 195 32 92 196 35 70 197 15 72 198 23 71 199 35 70 200 11 74 201 31 93 202 34 18 203</p>
        </triangles>
      </mesh>
    </geometry>
    <geometry id="Cube-mesh" name="Cube">
      <mesh>
        <source id="Cube-mesh-positions">
          <float_array id="Cube-mesh-positions-array" count="24">-1.045882 -0.1862822 0.3719412 -1.045882 -0.1862822 0.4055261 -1.045882 -0.0914523 0.3719412 -1.045882 -0.0914523 0.4055261 1.045882 -0.1862822 0.3719412 1.045882 -0.1862822 0.4055261 1.045882 -0.0914523 0.3719412 1.045882 -0.0914523 0.4055261</float_array>
          <technique_common>
            <accessor source="#Cube-mesh-positions-array" count="8" stride="3">
              <param name="X" type="float"/>
              <param name="Y" type="float"/>
              <param name="Z" type="float"/>
            </accessor>
          </technique_common>
        </source>
        <source id="Cube-mesh-normals">
          <float_array id="Cube-mesh-normals-array" count="18">-1 0 0 0 1 0 1 0 0 0 -1 0 0 0 -1 0 0 1</float_array>
          <technique_common>
            <accessor source="#Cube-mesh-normals-array" count="6" stride="3">
              <param name="X" type="float"/>
              <param name="Y" type="float"/>
              <param name="Z" type="float"/>
            </accessor>
          </technique_common>
        </source>
        <source id="Cube-mesh-map-0">
          <float_array id="Cube-mesh-map-0-array" count="72">0.7220625 0.5414959 0.7292761 0.5211279 0.7292761 0.5414959 0.7076355 0.9704046 0.714849 0.5211279 0.714849 0.9704046 0.7220625 0.5618638 0.7292761 0.5414959 0.7292761 0.5618638 0.7148491 0.9704046 0.7220625 0.5211279 0.7220625 0.9704046 0.6872676 0.9704046 0.6668997 0.5211279 0.6872676 0.5211279 0.7076355 0.9704046 0.6872676 0.5211279 0.7076355 0.5211279 0.7220625 0.5414959 0.7220625 0.5211279 0.7292761 0.5211279 0.7076355 0.9704046 0.7076355 0.5211279 0.714849 0.5211279 0.7220625 0.5618638 0.7220625 0.5414959 0.7292761 0.5414959 0.7148491 0.9704046 0.714849 0.5211279 0.7220625 0.5211279 0.6872676 0.9704046 0.6668997 0.9704046 0.6668997 0.5211279 0.7076355 0.9704046 0.6872676 0.9704046 0.6872676 0.5211279</float_array>
          <technique_common>
            <accessor source="#Cube-mesh-map-0-array" count="36" stride="2">
              <param name="S" type="float"/>
              <param name="T" type="float"/>
            </accessor>
          </technique_common>
        </source>
        <vertices id="Cube-mesh-vertices">
          <input semantic="POSITION" source="#Cube-mesh-positions"/>
        </vertices>
        <triangles material="Beware-material" count="12">
          <input semantic="VERTEX" source="#Cube-mesh-vertices" offset="0"/>
          <input semantic="NORMAL" source="#Cube-mesh-normals" offset="1"/>
          <input semantic="TEXCOORD" source="#Cube-mesh-map-0" offset="2" set="0"/>
          <p>1 0 0 2 0 1 0 0 2 3 1 3 6 1 4 2 1 5 7 2 6 4 2 7 6 2 8 5 3 9 0 3 10 4 3 11 6 4 12 0 4 13 2 4 14 3 5 15 5 5 16 7 5 17 1 0 18 3 0 19 2 0 20 3 1 21 7 1 22 6 1 23 7 2 24 5 2 25 4 2 26 5 3 27 1 3 28 0 3 29 6 4 30 4 4 31 0 4 32 3 5 33 1 5 34 5 5 35</p>
        </triangles>
      </mesh>
    </geometry>
    <geometry id="Body-mesh" name="Body">
      <mesh>
        <source id="Body-mesh-positions">
          <float_array id="Body-mesh-positions-array" count="48">-0.03543865 1.546387 0.4257599 0 1.528131 0.4346168 0.03543865 1.546387 0.4257599 0.05011779 1.590462 0.4043775 0.03543865 1.634536 0.3829951 0 1.652793 0.3741382 -0.03543865 1.634536 0.3829951 -0.05011779 1.590462 0.4043775 -0.03535532 1.474771 0.7449469 0 1.460509 0.7416223 0.03535532 1.474771 0.7449469 0.05000001 1.509203 0.7529731 0.03535532 1.543635 0.7609994 0 1.557898 0.764324 -0.03535532 1.543635 0.7609994 -0.05000001 1.509203 0.7529731</float_array>
          <technique_common>
            <accessor source="#Body-mesh-positions-array" count="16" stride="3">
              <param name="X" type="float"/>
              <param name="Y" type="float"/>
              <param name="Z" type="float"/>
            </accessor>
          </technique_common>
        </source>
        <source id="Body-mesh-normals">
          <float_array id="Body-mesh-normals-array" count="114">-0.9326522 -0.3514637 -0.08144408 -0.9246259 -0.3716381 -0.08337908 -0.9331246 -0.3502354 -0.08132553 -0.4071577 -0.891273 -0.1996374 -0.3847233 -0.9013654 -0.1988176 -0.4088292 -0.8904949 -0.199694 0.3847234 -0.9013655 -0.1988176 0.4071574 -0.8912731 -0.1996375 0.408829 -0.890495 -0.1996941 0.9246259 -0.3716381 -0.08337914 0.9326523 -0.3514637 -0.08144396 0.9331246 -0.3502354 -0.08132541 0.9244983 0.3711253 0.08700072 0.9319018 0.3526395 0.08487981 0.9322949 0.3516269 0.0847631 0.3840226 0.8976784 0.2161023 0.4027958 0.8893938 0.2161811 0.4038911 0.8888965 0.2161829 -0.4027958 0.8893938 0.2161811 -0.3840225 0.8976784 0.2161021 -0.4038912 0.8888965 0.2161829 -0.9319018 0.3526394 0.08487987 -0.9244983 0.3711253 0.08700054 -0.9322949 0.3516269 0.08476316 0 -0.2270162 0.973891 0 -0.2270166 0.9738909 0 -0.2270167 0.9738909 -0.9238741 -0.3734644 -0.08355307 -0.3826615 -0.9022606 -0.1987367 0.3826616 -0.9022604 -0.1987367 0.9238741 -0.3734644 -0.08355319 0.9238792 0.3726237 0.08717185 0.382678 0.8982546 0.2160931 -0.3826779 0.8982548 0.216093 -0.9238792 0.3726236 0.08717167 0 -0.2270167 0.973891 0 -0.2270129 0.9738918 0 -0.227016 0.9738911</float_array>
          <technique_common>
            <accessor source="#Body-mesh-normals-array" count="38" stride="3">
              <param name="X" type="float"/>
              <param name="Y" type="float"/>
              <param name="Z" type="float"/>
            </accessor>
          </technique_common>
        </source>
        <source id="Body-mesh-map-0">
          <float_array id="Body-mesh-map-0-array" count="132">0.02193933 0.53024 0.02833771 0.466566 0.02771019 0.5363073 0.06764578 0.5277853 0.07521075 0.4665102 0.07521075 0.5302494 0.06134784 0.4665538 0.06764584 0.5277537 0.0622515 0.5302865 0.05389213 0.4666029 0.0622515 0.5302865 0.05434143 0.5363456 0.04854941 0.4666289 0.05434143 0.5363456 0.04854941 0.5423814 0.04100167 0.4665377 0.04854935 0.5422634 0.04100167 0.5447807 0.03560608 0.5423849 0.04100161 0.4666697 0.04100161 0.5449126 0.02771019 0.5363073 0.03579342 0.466632 0.03560608 0.5423849 0.08793979 0.4845119 0.07521075 0.4792393 0.08048337 0.4665103 0.02193933 0.53024 0.02300202 0.4665102 0.02833771 0.466566 0.06764578 0.5277853 0.06775504 0.466532 0.07521075 0.4665102 0.06134784 0.4665538 0.066549 0.4665103 0.06764584 0.5277537 0.05389213 0.4666029 0.06134784 0.4665538 0.0622515 0.5302865 0.04854941 0.4666289 0.05389213 0.4666029 0.05434143 0.5363456 0.04100167 0.4665377 0.04845762 0.4665102 0.04854935 0.5422634 0.03560608 0.5423849 0.03579342 0.466632 0.04100161 0.4666697 0.02771019 0.5363073 0.02833771 0.466566 0.03579342 0.466632 0.08048337 0.4665103 0.08793985 0.4665103 0.09321236 0.4717829 0.09321236 0.4717829 0.09321236 0.4792395 0.08793979 0.4845119 0.08793979 0.4845119 0.08048325 0.4845119 0.07521075 0.4792393 0.07521075 0.4792393 0.07521075 0.4717828 0.08048337 0.4665103 0.08048337 0.4665103 0.09321236 0.4717829 0.08793979 0.4845119</float_array>
          <technique_common>
            <accessor source="#Body-mesh-map-0-array" count="66" stride="2">
              <param name="S" type="float"/>
              <param name="T" type="float"/>
            </accessor>
          </technique_common>
        </source>
        <vertices id="Body-mesh-vertices">
          <input semantic="POSITION" source="#Body-mesh-positions"/>
        </vertices>
        <triangles material="Beware-material" count="22">
          <input semantic="VERTEX" source="#Body-mesh-vertices" offset="0"/>
          <input semantic="NORMAL" source="#Body-mesh-normals" offset="1"/>
          <input semantic="TEXCOORD" source="#Body-mesh-map-0" offset="2" set="0"/>
          <p>0 0 0 15 1 1 7 2 2 1 3 3 8 4 4 0 5 5 10 6 6 1 7 7 2 8 8 11 9 9 2 10 10 3 11 11 12 12 12 3 13 13 4 14 14 13 15 15 4 16 16 5 17 17 6 18 18 13 19 19 5 20 20 7 21 21 14 22 22 6 23 23 10 24 24 12 25 25 14 26 26 0 0 27 8 27 28 15 1 29 1 3 30 9 28 31 8 4 32 10 6 33 9 29 34 1 7 35 11 9 36 10 30 37 2 10 38 12 12 39 11 31 40 3 13 41 13 15 42 12 32 43 4 16 44 6 18 45 14 33 46 13 19 47 7 21 48 15 34 49 14 22 50 14 26 51 15 35 52 8 24 53 8 24 54 9 36 55 10 24 56 10 24 57 11 35 58 12 25 59 12 25 60 13 37 61 14 26 62 14 26 63 8 24 64 10 24 65</p>
        </triangles>
      </mesh>
    </geometry>
    <geometry id="Cube_009-mesh" name="Cube.009">
      <mesh>
        <source id="Cube_009-mesh-positions">
          <float_array id="Cube_009-mesh-positions-array" count="24">0.01924264 1.447981 0.3470934 0.01924264 1.44664 0.3855547 0.01924264 1.40952 0.3457518 0.01924264 1.408178 0.3842132 -0.01924204 1.447981 0.3470934 -0.01924204 1.44664 0.3855547 -0.01924198 1.40952 0.3457518 -0.01924198 1.408178 0.3842132</float_array>
          <technique_common>
            <accessor source="#Cube_009-mesh-positions-array" count="8" stride="3">
              <param name="X" type="float"/>
              <param name="Y" type="float"/>
              <param name="Z" type="float"/>
            </accessor>
          </technique_common>
        </source>
        <source id="Cube_009-mesh-normals">
          <float_array id="Cube_009-mesh-normals-array" count="36">1 3.31602e-7 0 0 -0.9993924 -0.03485649 -1 -4.71612e-7 0 0 0.9993923 0.03485655 0 0.03485924 -0.9993923 0 -0.03485846 0.9993923 1 3.9301e-7 0 0 -0.9993922 -0.0348615 -1 -3.38971e-7 0 0 0.9993922 0.03486156 0 0.03485941 -0.9993923 0 -0.03485864 0.9993923</float_array>
          <technique_common>
            <accessor source="#Cube_009-mesh-normals-array" count="12" stride="3">
              <param name="X" type="float"/>
              <param name="Y" type="float"/>
              <param name="Z" type="float"/>
            </accessor>
          </technique_common>
        </source>
        <source id="Cube_009-mesh-map-0">
          <float_array id="Cube_009-mesh-map-0-array" count="72">0.02491021 0.01927894 0.01998579 0.02420336 0.01998579 0.01927894 0.02491021 0.02420336 0.01998579 0.02912783 0.01998579 0.02420336 0.01998579 0.02912783 0.02491021 0.03405225 0.01998579 0.03405225 0.02491021 0.03405225 0.01998579 0.03897672 0.01998579 0.03405225 0.01998579 0.02912783 0.01506137 0.03405225 0.01506137 0.02912783 0.02491021 0.02912783 0.02983462 0.03405225 0.02491021 0.03405225 0.02491021 0.01927894 0.02491021 0.02420336 0.01998579 0.02420336 0.02491021 0.02420336 0.02491021 0.02912783 0.01998579 0.02912783 0.01998579 0.02912783 0.02491021 0.02912783 0.02491021 0.03405225 0.02491021 0.03405225 0.02491021 0.03897672 0.01998579 0.03897672 0.01998579 0.02912783 0.01998579 0.03405225 0.01506137 0.03405225 0.02491021 0.02912783 0.02983462 0.02912783 0.02983462 0.03405225</float_array>
          <technique_common>
            <accessor source="#Cube_009-mesh-map-0-array" count="36" stride="2">
              <param name="S" type="float"/>
              <param name="T" type="float"/>
            </accessor>
          </technique_common>
        </source>
        <vertices id="Cube_009-mesh-vertices">
          <input semantic="POSITION" source="#Cube_009-mesh-positions"/>
        </vertices>
        <triangles material="Beware-material" count="12">
          <input semantic="VERTEX" source="#Cube_009-mesh-vertices" offset="0"/>
          <input semantic="NORMAL" source="#Cube_009-mesh-normals" offset="1"/>
          <input semantic="TEXCOORD" source="#Cube_009-mesh-map-0" offset="2" set="0"/>
          <p>1 0 0 2 0 1 0 0 2 3 1 3 6 1 4 2 1 5 6 2 6 5 2 7 4 2 8 5 3 9 0 3 10 4 3 11 6 4 12 0 4 13 2 4 14 7 5 15 1 5 16 5 5 17 1 6 18 3 6 19 2 6 20 3 7 21 7 7 22 6 7 23 6 8 24 7 8 25 5 8 26 5 9 27 1 9 28 0 9 29 6 10 30 4 10 31 0 10 32 7 11 33 3 11 34 1 11 35</p>
        </triangles>
      </mesh>
    </geometry>
    <geometry id="Cube_003-mesh" name="Cube.003">
      <mesh>
        <source id="Cube_003-mesh-positions">
          <float_array id="Cube_003-mesh-positions-array" count="108">0.01964789 1.986267 0.3788841 0.02167344 1.919377 0.4530625 0.02397483 1.873223 0.3551706 0.02397483 1.760596 0.4305557 -0.01965087 1.986267 0.3788841 -0.02167642 1.919377 0.4530625 -0.02397763 1.873223 0.3551706 -0.02397757 1.760596 0.4305557 -0.01899302 1.974384 0.3601719 -0.01899296 1.878549 0.4542424 -0.04585081 1.993198 0.3793389 -0.04585075 1.897363 0.4734093 -0.04585081 2.019805 0.4064451 -0.04585075 1.92397 0.5005155 -0.01899296 2.03862 0.4256121 -0.01899296 1.942785 0.5196825 0.01898974 2.03862 0.4256123 0.0189898 1.942785 0.5196828 0.04584753 2.019805 0.4064451 0.04584759 1.92397 0.5005155 0.04584759 1.993198 0.3793389 0.04584759 1.897363 0.4734093 0.01898974 1.974384 0.3601722 0.0189898 1.878549 0.4542426 -1.55594e-6 2.02727 0.3553043 -1.4916e-6 1.862056 0.50847 -0.0172168 2.034028 0.3625932 -0.01721674 1.868814 0.5157589 -0.0172168 2.047542 0.3771708 -0.01721674 1.882329 0.5303365 -1.56646e-6 2.0543 0.3844597 -1.50213e-6 1.889086 0.5376254 0.0172137 2.047542 0.3771708 0.01721376 1.882329 0.5303365 0.0172137 2.034028 0.3625932 0.01721376 1.868814 0.5157589</float_array>
          <technique_common>
            <accessor source="#Cube_003-mesh-positions-array" count="36" stride="3">
              <param name="X" type="float"/>
              <param name="Y" type="float"/>
              <param name="Z" type="float"/>
            </accessor>
          </technique_common>
        </source>
        <source id="Cube_003-mesh-normals">
          <float_array id="Cube_003-mesh-normals-array" count="324">0.9996081 0.02554458 0.01145631 0.9996748 0.02181136 0.01321804 0.9992977 0.03697884 0.006057977 0 -0.5562321 -0.8310271 0 -0.5562309 -0.8310279 0 -0.5562325 -0.8310268 -0.9996748 0.02181011 0.01321703 -0.9996081 0.02554333 0.01145535 -0.9992977 0.03697735 0.006057143 0 0.7426484 0.6696816 0 0.7426502 0.6696797 0 0.7426511 0.6696786 0 0.2053037 -0.9786983 0 0.2053042 -0.9786983 0 0.2053035 -0.9786984 0 -0.1403439 0.9901028 0 -0.1403442 0.9901029 0 -0.1403443 0.9901028 -0.7071036 -0.4953365 -0.5046248 -0.7071101 -0.4953309 -0.5046213 -0.7071019 -0.4953381 -0.5046257 -1 -3.89209e-7 0 -1 -4.78087e-7 0 -1 -5.02116e-7 0 -0.7071112 0.4953295 0.5046212 -0.707112 0.4953293 0.5046201 -0.7071109 0.4953296 0.5046215 -6.05375e-6 0.700505 0.7136476 -1.22366e-5 0.7005068 0.7136458 -1.39083e-5 0.7005073 0.7136453 0.7071154 0.4953271 0.5046177 0.7071186 0.4953241 0.5046161 0.7071195 0.4953233 0.5046157 1 5.39754e-7 2.25629e-7 1 5.1013e-7 2.25636e-7 1 5.47764e-7 2.25627e-7 -6.08625e-7 -0.7136391 0.7005136 -3.65171e-6 -0.7136307 0.7005221 -2.56057e-6 -0.7136442 0.7005084 0.7071041 -0.4953361 -0.5046246 0.7071021 -0.4953378 -0.5046256 0.7071016 -0.4953383 -0.5046259 2.34358e-6 -0.7005059 -0.7136467 1.10117e-5 -0.7005081 -0.7136445 0 -0.7005053 -0.7136473 -2.57848e-6 0.713642 -0.7005107 1.71248e-6 0.7136399 -0.7005127 1.99517e-6 0.7136428 -0.7005099 -0.5000223 -0.5887688 -0.635082 -0.5000131 -0.5887723 -0.635086 -0.5000229 -0.5887686 -0.6350817 -1 -4.1009e-7 0 -1 -3.1777e-7 0 -1 -3.11944e-7 0 -0.4999966 0.5887785 0.6350933 -0.5000137 0.5887727 0.6350852 -0.5000147 0.5887724 0.6350847 0.500015 0.5887727 0.6350841 0.4999955 0.5887783 0.6350942 0.5000162 0.5887724 0.6350834 6.80367e-7 -0.7333419 0.67986 0 -0.7333751 0.6798242 0 -0.7333384 0.6798638 1 3.14857e-7 0 1 3.61014e-7 0 1 3.11945e-7 0 0.5000143 -0.5887727 -0.6350846 0.5000218 -0.5887686 -0.6350827 0.5000222 -0.5887683 -0.6350825 5.44288e-6 0.7333438 -0.679858 0 0.7333367 -0.6798657 -2.7215e-6 0.7333353 -0.6798672 0.999769 0.0119583 0.01786583 0 -0.5562304 -0.8310282 -0.9997689 0.01195728 0.0178647 0 0.7426476 0.6696825 0 0.2053044 -0.9786982 0 -0.1403439 0.9901028 -0.7071119 -0.4953294 -0.5046204 -1 -3.65179e-7 0 -0.7071123 0.4953293 0.5046198 -4.3821e-6 0.7005045 0.7136481 0.7071145 0.4953278 0.5046181 1 5.02121e-7 2.25637e-7 -2.0085e-5 -0.7136541 0.7004984 -8.26486e-7 -0.7136431 0.7005096 4.5737e-6 -0.7136451 0.7005075 2.67397e-6 -0.7136493 0.7005032 0 -0.7136478 0.7005047 0.7071046 -0.4953356 -0.5046243 1.33553e-5 -0.7005088 -0.7136439 9.12943e-6 0.7136544 -0.7004979 2.61079e-7 0.7136417 -0.7005109 -4.06946e-6 0.7136422 -0.7005105 -5.47748e-6 0.7136412 -0.7005114 3.65174e-6 0.7136403 -0.7005124 -0.5000125 -0.5887725 -0.6350862 -1 -4.15915e-7 0 -0.4999955 0.5887788 0.6350938 0.4999943 0.5887786 0.6350949 -2.72144e-6 -0.7333269 0.6798763 -2.04103e-6 -0.7333304 0.6798725 8.16442e-6 -0.733339 0.6798632 1 3.63926e-7 0 0.5000138 -0.588773 -0.6350848 0 0.7333072 -0.6798975 -2.17721e-5 0.7333465 -0.6798551 2.72148e-6 0.7333425 -0.6798595</float_array>
          <technique_common>
            <accessor source="#Cube_003-mesh-normals-array" count="108" stride="3">
              <param name="X" type="float"/>
              <param name="Y" type="float"/>
              <param name="Z" type="float"/>
            </accessor>
          </technique_common>
        </source>
        <source id="Cube_003-mesh-map-0">
          <float_array id="Cube_003-mesh-map-0-array" count="360">0.05543166 0.5642259 0.0397073 0.5745617 0.04103243 0.55452 0.07115596 0.5779025 0.07949233 0.55452 0.07949227 0.5779025 0.07115596 0.5745617 0.05543166 0.5642259 0.06983089 0.55452 0.07827013 0.5921075 0.08545422 0.6094428 0.07862228 0.6094428 0.07949233 0.5710679 0.08707654 0.55452 0.08782869 0.5710679 0.02916079 0.6156067 0.02122455 0.5937221 0.02876079 0.5937221 0.05097955 0.6154067 0.05564868 0.5924019 0.05564868 0.615701 0.06695955 0.5921077 0.07356244 0.6154531 0.06695944 0.6154531 0.07356244 0.6154531 0.07827013 0.5921179 0.07827013 0.6154634 0.0327959 0.5936856 0.03939914 0.6170312 0.0327959 0.6170312 0.05564886 0.5921179 0.06035643 0.6154531 0.05564868 0.6154634 0.06035643 0.6154531 0.06695944 0.5921077 0.06695944 0.6154532 0.09543222 0.575737 0.09543222 0.5823402 0.09076344 0.5870093 0.03970736 0.5924019 0.04437643 0.6154067 0.0397073 0.615701 0.04437643 0.6154067 0.05097967 0.5921075 0.05097955 0.6154067 0.07827019 0.6207151 0.08293896 0.6094428 0.09420996 0.614112 0.0238173 0.5936622 0.02681022 0.5545797 0.02681016 0.5937221 0.03625154 0.5545201 0.03970718 0.5936855 0.03625154 0.5936856 0.02681022 0.5545747 0.02980309 0.5936661 0.02681028 0.5937207 0.02980309 0.5936661 0.03279584 0.5545747 0.0327959 0.5937207 0.07115596 0.5869243 0.07414877 0.5851966 0.07714158 0.5869243 0.03279596 0.5936855 0.03625154 0.5545201 0.03625154 0.5936856 0.02082461 0.5545797 0.0238173 0.5936622 0.02082449 0.5937221 0.07714116 0.5830863 0.07414871 0.5848138 0.07115602 0.57963 0.05543166 0.5642259 0.05543166 0.5921075 0.0397073 0.5745617 0.07115596 0.5779025 0.07115602 0.55452 0.07949233 0.55452 0.07115596 0.5745617 0.05543166 0.5921075 0.05543166 0.5642259 0.07827013 0.5921075 0.08580625 0.5921075 0.08545422 0.6094428 0.07949233 0.5710679 0.0802446 0.55452 0.08707654 0.55452 0.02916079 0.6156067 0.02082449 0.6156067 0.02122455 0.5937221 0.05097955 0.6154067 0.05097967 0.5921075 0.05564868 0.5924019 0.06695955 0.5921077 0.07356244 0.5921075 0.07356244 0.6154531 0.07356244 0.6154531 0.07356244 0.5921075 0.07827013 0.5921179 0.0327959 0.5936856 0.03939908 0.5936856 0.03939914 0.6170312 0.05564886 0.5921179 0.06035661 0.5921075 0.06035643 0.6154531 0.06035643 0.6154531 0.06035661 0.5921075 0.06695944 0.5921077 0.09076344 0.5870093 0.08416104 0.5870093 0.07949233 0.5823402 0.07949233 0.5823402 0.07949244 0.575737 0.09076344 0.5870093 0.07949244 0.575737 0.08416104 0.5710679 0.09076344 0.5870093 0.08416104 0.5710679 0.09076344 0.5710679 0.09076344 0.5870093 0.09076344 0.5710679 0.09543222 0.575737 0.09076344 0.5870093 0.03970736 0.5924019 0.04437649 0.5921075 0.04437643 0.6154067 0.04437643 0.6154067 0.04437649 0.5921075 0.05097967 0.5921075 0.09420996 0.614112 0.09421002 0.6207151 0.08954143 0.6253842 0.08954143 0.6253842 0.08293896 0.6253842 0.09420996 0.614112 0.08293896 0.6253842 0.07827019 0.6207151 0.09420996 0.614112 0.07827019 0.6207151 0.07827013 0.614112 0.08293896 0.6094428 0.08293896 0.6094428 0.08954143 0.6094428 0.09420996 0.614112 0.0238173 0.5936622 0.02381736 0.55452 0.02681022 0.5545797 0.03625154 0.5545201 0.0397073 0.55452 0.03970718 0.5936855 0.02681022 0.5545747 0.02980303 0.55452 0.02980309 0.5936661 0.02980309 0.5936661 0.02980303 0.55452 0.03279584 0.5545747 0.07714158 0.5869243 0.07714158 0.5903797 0.07115596 0.5869243 0.07714158 0.5903797 0.07414877 0.5921075 0.07115596 0.5869243 0.07414877 0.5921075 0.07115596 0.5903797 0.07115596 0.5869243 0.03279596 0.5936855 0.0327959 0.55452 0.03625154 0.5545201 0.02082461 0.5545797 0.02381736 0.55452 0.0238173 0.5936622 0.07414871 0.5848138 0.07115596 0.5830858 0.07115602 0.57963 0.07115602 0.57963 0.07414847 0.5779024 0.07714116 0.5796305 0.07714116 0.5796305 0.07714116 0.5830863 0.07115602 0.57963</float_array>
          <technique_common>
            <accessor source="#Cube_003-mesh-map-0-array" count="180" stride="2">
              <param name="S" type="float"/>
              <param name="T" type="float"/>
            </accessor>
          </technique_common>
        </source>
        <vertices id="Cube_003-mesh-vertices">
          <input semantic="POSITION" source="#Cube_003-mesh-positions"/>
        </vertices>
        <triangles material="Beware-material" count="60">
          <input semantic="VERTEX" source="#Cube_003-mesh-vertices" offset="0"/>
          <input semantic="NORMAL" source="#Cube_003-mesh-normals" offset="1"/>
          <input semantic="TEXCOORD" source="#Cube_003-mesh-map-0" offset="2" set="0"/>
          <p>1 0 0 2 1 1 0 2 2 2 3 3 7 4 4 6 5 5 6 6 6 5 7 7 4 8 8 5 9 9 0 10 10 4 11 11 6 12 12 0 13 13 2 14 14 7 15 15 1 16 16 5 17 17 8 18 18 11 19 19 10 20 20 11 21 21 12 22 22 10 23 23 12 24 24 15 25 25 14 26 26 15 27 27 16 28 28 14 29 29 17 30 30 18 31 31 16 32 32 18 33 33 21 34 34 20 35 35 17 36 36 15 37 37 13 38 38 21 39 39 22 40 40 20 41 41 22 42 42 9 43 43 8 44 44 14 45 45 18 46 46 22 47 47 24 48 48 27 49 49 26 50 50 27 51 51 28 52 52 26 53 53 29 54 54 30 55 55 28 56 56 30 57 57 33 58 58 32 59 59 33 60 60 31 61 61 29 62 62 32 63 63 35 64 64 34 65 65 35 66 66 24 67 67 34 68 68 32 69 69 34 70 70 26 71 71 1 0 72 3 72 73 2 1 74 2 3 75 3 73 76 7 4 77 6 6 78 7 74 79 5 7 80 5 9 81 1 75 82 0 10 83 6 12 84 4 76 85 0 13 86 7 15 87 3 77 88 1 16 89 8 18 90 9 78 91 11 19 92 11 21 93 13 79 94 12 22 95 12 24 96 13 80 97 15 25 98 15 27 99 17 81 100 16 28 101 17 30 102 19 82 103 18 31 104 18 33 105 19 83 106 21 34 107 13 38 108 11 84 109 9 85 110 9 85 111 23 86 112 13 38 113 23 86 114 21 87 115 13 38 116 21 87 117 19 88 118 13 38 119 19 88 120 17 36 121 13 38 122 21 39 123 23 89 124 22 40 125 22 42 126 23 90 127 9 43 128 22 47 129 8 91 130 10 92 131 10 92 132 12 93 133 22 47 134 12 93 135 14 45 136 22 47 137 14 45 138 16 94 139 18 46 140 18 46 141 20 95 142 22 47 143 24 48 144 25 96 145 27 49 146 27 51 147 29 97 148 28 52 149 29 54 150 31 98 151 30 55 152 30 57 153 31 99 154 33 58 155 29 62 156 27 100 157 33 60 158 27 100 159 25 101 160 33 60 161 25 101 162 35 102 163 33 60 164 32 63 165 33 103 166 35 64 167 35 66 168 25 104 169 24 67 170 34 70 171 24 105 172 26 71 173 26 71 174 28 106 175 30 107 176 30 107 177 32 69 178 26 71 179</p>
        </triangles>
      </mesh>
    </geometry>
  </library_geometries>
  <library_controllers>
    <controller id="Armature_Mastvanger-skin" name="Armature">
      <skin source="#Cube_001-mesh">
        <bind_shape_matrix>1 0 0 0 0 1 0 0 0 0 1 0 0 0 0 1</bind_shape_matrix>
        <source id="Armature_Mastvanger-skin-joints">
          <Name_array id="Armature_Mastvanger-skin-joints-array" count="9">Body Mast Boom Sail Fork Wheel_Front Wheel_Left Wheel_Right Cam</Name_array>
          <technique_common>
            <accessor source="#Armature_Mastvanger-skin-joints-array" count="9" stride="1">
              <param name="JOINT" type="name"/>
            </accessor>
          </technique_common>
        </source>
        <source id="Armature_Mastvanger-skin-bind_poses">
          <float_array id="Armature_Mastvanger-skin-bind_poses-array" count="144">-1 0 2.60027e-4 -7.39147e-5 0 1 -2.9621e-5 -0.3719461 -2.60027e-4 -2.9621e-5 -1 0.2842574 0 0 0 1 -1 3.53167e-6 -2.45527e-7 -5.11066e-6 -1.03042e-6 -0.2239944 0.9745905 -0.3980039 3.38694e-6 0.9745905 0.2239945 -1.629873 0 0 0 1 -1 0 -3.75219e-7 6.62527e-7 0 -0.9635626 0.2674831 0.9552611 -3.89453e-7 0.2674832 0.9635626 -1.637868 0 0 0 1 -1 -3.68803e-5 -3.60429e-5 1.03392e-4 1.34231e-7 -0.7008013 0.7133567 -0.1871792 -5.15677e-5 0.7133567 0.7008013 -2.005041 0 0 0 1 -1 -5.05048e-7 -1.84823e-7 -2.05109e-7 -2.33966e-7 0.7178956 -0.6961508 -0.9823448 4.8423e-7 -0.6961507 -0.7178957 1.681175 0 0 0 1 0 -0.5900596 0.8073599 1.142486 -1 0 0 -1.4177e-6 0 -0.8073598 -0.5900597 1.96739 0 0 0 1 0 0.03485846 -0.9993924 0.3933157 -1 0 0 -0.9669833 0 0.9993923 0.03485846 0.1245868 0 0 0 1 0 -0.03485697 0.9993925 -0.3933156 1 0 0 -0.9669834 0 0.9993924 0.03485697 0.1245874 0 0 0 1 3.19678e-7 -0.03485816 0.9993924 -1.163998 -3.31776e-7 0.9993925 0.03485816 0.09066218 -1 -3.34354e-7 3.08122e-7 -3.14869e-7 0 0 0 1</float_array>
          <technique_common>
            <accessor source="#Armature_Mastvanger-skin-bind_poses-array" count="9" stride="16">
              <param name="TRANSFORM" type="float4x4"/>
            </accessor>
          </technique_common>
        </source>
        <source id="Armature_Mastvanger-skin-weights">
          <float_array id="Armature_Mastvanger-skin-weights-array" count="28">1 1 1 1 1 1 1 1 1 1 1 1 1 1 1 1 1 1 1 1 1 1 1 1 1 1 1 1</float_array>
          <technique_common>
            <accessor source="#Armature_Mastvanger-skin-weights-array" count="28" stride="1">
              <param name="WEIGHT" type="float"/>
            </accessor>
          </technique_common>
        </source>
        <joints>
          <input semantic="JOINT" source="#Armature_Mastvanger-skin-joints"/>
          <input semantic="INV_BIND_MATRIX" source="#Armature_Mastvanger-skin-bind_poses"/>
        </joints>
        <vertex_weights count="28">
          <input semantic="JOINT" source="#Armature_Mastvanger-skin-joints" offset="0"/>
          <input semantic="WEIGHT" source="#Armature_Mastvanger-skin-weights" offset="1"/>
          <vcount>1 1 1 1 1 1 1 1 1 1 1 1 1 1 1 1 1 1 1 1 1 1 1 1 1 1 1 1 </vcount>
          <v>2 0 2 1 2 2 2 3 2 4 2 5 2 6 2 7 2 8 2 9 2 10 2 11 2 12 2 13 2 14 2 15 2 16 2 17 2 18 2 19 2 20 2 21 2 22 2 23 2 24 2 25 2 26 2 27</v>
        </vertex_weights>
      </skin>
    </controller>
    <controller id="Armature_Mastslurf-skin" name="Armature">
      <skin source="#Vert_003-mesh">
        <bind_shape_matrix>1 0 0 0 0 1 0 0 0 0 1 0 0 0 0 1</bind_shape_matrix>
        <source id="Armature_Mastslurf-skin-joints">
          <Name_array id="Armature_Mastslurf-skin-joints-array" count="9">Body Mast Boom Sail Fork Wheel_Front Wheel_Left Wheel_Right Cam</Name_array>
          <technique_common>
            <accessor source="#Armature_Mastslurf-skin-joints-array" count="9" stride="1">
              <param name="JOINT" type="name"/>
            </accessor>
          </technique_common>
        </source>
        <source id="Armature_Mastslurf-skin-bind_poses">
          <float_array id="Armature_Mastslurf-skin-bind_poses-array" count="144">-1 0 2.60027e-4 -7.39147e-5 0 1 -2.9621e-5 -0.3719461 -2.60027e-4 -2.9621e-5 -1 0.2842574 0 0 0 1 -1 3.53167e-6 -2.45527e-7 -5.11066e-6 -1.03042e-6 -0.2239944 0.9745905 -0.3980039 3.38694e-6 0.9745905 0.2239945 -1.629873 0 0 0 1 -1 0 -3.75219e-7 6.62527e-7 0 -0.9635626 0.2674831 0.9552611 -3.89453e-7 0.2674832 0.9635626 -1.637868 0 0 0 1 -1 -3.68803e-5 -3.60429e-5 1.03392e-4 1.34231e-7 -0.7008013 0.7133567 -0.1871792 -5.15677e-5 0.7133567 0.7008013 -2.005041 0 0 0 1 -1 -5.05048e-7 -1.84823e-7 -2.05109e-7 -2.33966e-7 0.7178956 -0.6961508 -0.9823448 4.8423e-7 -0.6961507 -0.7178957 1.681175 0 0 0 1 0 -0.5900596 0.8073599 1.142486 -1 0 0 -1.4177e-6 0 -0.8073598 -0.5900597 1.96739 0 0 0 1 0 0.03485846 -0.9993924 0.3933157 -1 0 0 -0.9669833 0 0.9993923 0.03485846 0.1245868 0 0 0 1 0 -0.03485697 0.9993925 -0.3933156 1 0 0 -0.9669834 0 0.9993924 0.03485697 0.1245874 0 0 0 1 3.19678e-7 -0.03485816 0.9993924 -1.163998 -3.31776e-7 0.9993925 0.03485816 0.09066218 -1 -3.34354e-7 3.08122e-7 -3.14869e-7 0 0 0 1</float_array>
          <technique_common>
            <accessor source="#Armature_Mastslurf-skin-bind_poses-array" count="9" stride="16">
              <param name="TRANSFORM" type="float4x4"/>
            </accessor>
          </technique_common>
        </source>
        <source id="Armature_Mastslurf-skin-weights">
          <float_array id="Armature_Mastslurf-skin-weights-array" count="32">1 1 1 1 1 1 1 1 1 1 1 1 1 1 1 1 1 1 1 1 1 1 1 1 1 1 1 1 1 1 1 1</float_array>
          <technique_common>
            <accessor source="#Armature_Mastslurf-skin-weights-array" count="32" stride="1">
              <param name="WEIGHT" type="float"/>
            </accessor>
          </technique_common>
        </source>
        <joints>
          <input semantic="JOINT" source="#Armature_Mastslurf-skin-joints"/>
          <input semantic="INV_BIND_MATRIX" source="#Armature_Mastslurf-skin-bind_poses"/>
        </joints>
        <vertex_weights count="32">
          <input semantic="JOINT" source="#Armature_Mastslurf-skin-joints" offset="0"/>
          <input semantic="WEIGHT" source="#Armature_Mastslurf-skin-weights" offset="1"/>
          <vcount>1 1 1 1 1 1 1 1 1 1 1 1 1 1 1 1 1 1 1 1 1 1 1 1 1 1 1 1 1 1 1 1 </vcount>
          <v>1 0 1 1 1 2 1 3 1 4 1 5 1 6 1 7 1 8 1 9 1 10 1 11 1 12 1 13 1 14 1 15 1 16 1 17 1 18 1 19 1 20 1 21 1 22 1 23 1 24 1 25 1 26 1 27 1 28 1 29 1 30 1 31</v>
        </vertex_weights>
      </skin>
    </controller>
    <controller id="Armature_Sail-skin" name="Armature">
      <skin source="#Vert_002-mesh">
        <bind_shape_matrix>1 0 0 0 0 1 0 0 0 0 1 0 0 0 0 1</bind_shape_matrix>
        <source id="Armature_Sail-skin-joints">
          <Name_array id="Armature_Sail-skin-joints-array" count="9">Body Mast Boom Sail Fork Wheel_Front Wheel_Left Wheel_Right Cam</Name_array>
          <technique_common>
            <accessor source="#Armature_Sail-skin-joints-array" count="9" stride="1">
              <param name="JOINT" type="name"/>
            </accessor>
          </technique_common>
        </source>
        <source id="Armature_Sail-skin-bind_poses">
          <float_array id="Armature_Sail-skin-bind_poses-array" count="144">-1 0 2.60027e-4 -7.39147e-5 0 1 -2.9621e-5 -0.3719461 -2.60027e-4 -2.9621e-5 -1 0.2842574 0 0 0 1 -1 3.53167e-6 -2.45527e-7 -5.11066e-6 -1.03042e-6 -0.2239944 0.9745905 -0.3980039 3.38694e-6 0.9745905 0.2239945 -1.629873 0 0 0 1 -1 0 -3.75219e-7 6.62527e-7 0 -0.9635626 0.2674831 0.9552611 -3.89453e-7 0.2674832 0.9635626 -1.637868 0 0 0 1 -1 -3.68803e-5 -3.60429e-5 1.03392e-4 1.34231e-7 -0.7008013 0.7133567 -0.1871792 -5.15677e-5 0.7133567 0.7008013 -2.005041 0 0 0 1 -1 -5.05048e-7 -1.84823e-7 -2.05109e-7 -2.33966e-7 0.7178956 -0.6961508 -0.9823448 4.8423e-7 -0.6961507 -0.7178957 1.681175 0 0 0 1 0 -0.5900596 0.8073599 1.142486 -1 0 0 -1.4177e-6 0 -0.8073598 -0.5900597 1.96739 0 0 0 1 0 0.03485846 -0.9993924 0.3933157 -1 0 0 -0.9669833 0 0.9993923 0.03485846 0.1245868 0 0 0 1 0 -0.03485697 0.9993925 -0.3933156 1 0 0 -0.9669834 0 0.9993924 0.03485697 0.1245874 0 0 0 1 3.19678e-7 -0.03485816 0.9993924 -1.163998 -3.31776e-7 0.9993925 0.03485816 0.09066218 -1 -3.34354e-7 3.08122e-7 -3.14869e-7 0 0 0 1</float_array>
          <technique_common>
            <accessor source="#Armature_Sail-skin-bind_poses-array" count="9" stride="16">
              <param name="TRANSFORM" type="float4x4"/>
            </accessor>
          </technique_common>
        </source>
        <source id="Armature_Sail-skin-weights">
          <float_array id="Armature_Sail-skin-weights-array" count="256">0.1935119 0.806488 1 0.9289078 0.07109224 0.01859819 0.6280014 0.3534004 0.9491747 0.02099931 0.02982598 0.08038008 0.2964301 0.6231898 0.9600242 0.008177876 0.03179782 0.171821 0.115787 0.712392 0.9697406 2.788e-4 0.02998054 0.2895187 0.01840597 0.6920753 0.9737803 0.02621972 0.4185992 0.5814008 1 0.5891725 0.4108275 1 1 0.04852783 0.9514722 0.001020312 0.9989797 1 1 3.4483e-4 0.9919909 0.007664203 0.5209422 0.3185147 0.1605432 0.2096869 0.4913607 0.2989524 0.1102772 0.5438958 0.3458269 0.06874495 0.5718446 0.3594104 0.03945243 0.5998125 0.3607351 0.6908134 0.1103003 0.1988863 0.4009281 0.1988145 0.4002572 0.2563526 0.2367104 0.5069369 0.1786153 0.257561 0.5638237 0.1229966 0.2768093 0.6001941 0.7922285 0.03364783 0.1741236 0.5635869 0.06448382 0.3719293 0.4097505 0.0833854 0.5068641 0.3015332 0.0964595 0.6020073 0.2305274 0.1060349 0.6634377 0.8597247 0.00145173 0.1388235 0.6958928 0.00386554 0.3002417 0.5515089 0.007013916 0.4414771 0.4397983 0.01057124 0.5496304 0.3553876 0.01434928 0.630263 0.8998973 0.1001026 0.7876679 0.212332 0.6755622 0.3244379 0.5708483 0.4291517 0.4864842 0.5135158 1 0.8712593 0.1287407 0.8006296 0.1993704 0.7289435 0.2710565 0.6569827 0.3430173 1 1 1 1 1 0.1847606 0.8152393 1 0.9240095 0.07599049 0.0176407 0.6326061 0.3497532 0.9474795 0.02160489 0.03091555 0.07844543 0.2982387 0.6233159 0.9589655 0.008301675 0.03273278 0.1689933 0.1165393 0.7144673 0.968708 2.8681e-4 0.03100514 0.2858545 0.01864039 0.695505 0.9725729 0.02742713 0.4147387 0.5852614 1 0.585985 0.4140151 1 1 0.04596078 0.9540392 0.001029789 0.9989702 1 1 2.37621e-4 0.9942095 0.005552887 0.514603 0.3245031 0.1608939 0.206617 0.4958962 0.2974867 0.107558 0.5486317 0.3438103 0.06679558 0.576484 0.3567204 0.03806728 0.6044325 0.3575002 0.6878498 0.1112965 0.2008537 0.397883 0.1999682 0.4021488 0.2531332 0.2381499 0.508717 0.1756933 0.2591975 0.5651092 0.1206388 0.2785355 0.6008257 0.7898663 0.03393578 0.1761978 0.5608799 0.0648868 0.3742333 0.4064544 0.0839284 0.5096172 0.2978814 0.09710735 0.6050112 0.2272097 0.1067364 0.6660539 0.8576728 0.001482009 0.1408451 0.6933057 0.003931283 0.3027629 0.5486657 0.00712198 0.4442123 0.4361707 0.01072275 0.5531066 0.3514707 0.01455074 0.6339786 0.8979027 0.1020972 0.7851981 0.2148019 0.6731312 0.3268688 0.5678862 0.4321138 0.4829632 0.5170368 1 0.8687534 0.1312465 0.7981675 0.2018325 0.7262896 0.2737104 0.6541466 0.3458534 1 1 1 1 1</float_array>
          <technique_common>
            <accessor source="#Armature_Sail-skin-weights-array" count="256" stride="1">
              <param name="WEIGHT" type="float"/>
            </accessor>
          </technique_common>
        </source>
        <joints>
          <input semantic="JOINT" source="#Armature_Sail-skin-joints"/>
          <input semantic="INV_BIND_MATRIX" source="#Armature_Sail-skin-bind_poses"/>
        </joints>
        <vertex_weights count="112">
          <input semantic="JOINT" source="#Armature_Sail-skin-joints" offset="0"/>
          <input semantic="WEIGHT" source="#Armature_Sail-skin-weights" offset="1"/>
          <vcount>2 1 2 3 3 3 3 3 3 3 2 2 1 2 1 1 2 2 1 1 3 3 3 3 3 3 3 3 3 3 3 3 3 3 3 3 3 3 3 3 3 2 2 2 2 2 1 2 2 2 2 1 1 1 1 1 2 1 2 3 3 3 3 3 3 3 2 2 1 2 1 1 2 2 1 1 3 3 3 3 3 3 3 3 3 3 3 3 3 3 3 3 3 3 3 3 3 2 2 2 2 2 1 2 2 2 2 1 1 1 1 1 </vcount>
          <v>1 0 2 1 2 2 1 3 2 4 1 5 2 6 3 7 1 8 2 9 3 10 1 11 2 12 3 13 1 14 2 15 3 16 1 17 2 18 3 19 1 20 2 21 3 22 1 23 2 24 3 25 1 26 3 27 1 28 3 29 1 30 1 31 3 32 1 33 1 34 1 35 2 36 1 37 2 38 2 39 2 40 1 41 2 42 3 43 1 44 2 45 3 46 1 47 2 48 3 49 1 50 2 51 3 52 1 53 2 54 3 55 1 56 2 57 3 58 1 59 2 60 3 61 1 62 2 63 3 64 1 65 2 66 3 67 1 68 2 69 3 70 1 71 2 72 3 73 1 74 2 75 3 76 1 77 2 78 3 79 1 80 2 81 3 82 1 83 2 84 3 85 1 86 2 87 3 88 1 89 2 90 3 91 1 92 2 93 3 94 1 95 2 96 3 97 1 98 2 99 3 100 1 101 2 102 3 103 1 104 3 105 1 106 3 107 1 108 3 109 1 110 3 111 1 112 3 113 1 114 1 115 3 116 1 117 3 118 1 119 3 120 1 121 3 122 1 123 1 124 1 125 1 126 1 127 1 128 2 129 2 130 1 131 2 132 1 133 2 134 3 135 1 136 2 137 3 138 1 139 2 140 3 141 1 142 2 143 3 144 1 145 2 146 3 147 1 148 2 149 3 150 1 151 2 152 3 153 1 154 3 155 1 156 3 157 1 158 1 159 3 160 1 161 1 162 1 163 2 164 1 165 2 166 2 167 2 168 1 169 2 170 3 171 1 172 2 173 3 174 1 175 2 176 3 177 1 178 2 179 3 180 1 181 2 182 3 183 1 184 2 185 3 186 1 187 2 188 3 189 1 190 2 191 3 192 1 193 2 194 3 195 1 196 2 197 3 198 1 199 2 200 3 201 1 202 2 203 3 204 1 205 2 206 3 207 1 208 2 209 3 210 1 211 2 212 3 213 1 214 2 215 3 216 1 217 2 218 3 219 1 220 2 221 3 222 1 223 2 224 3 225 1 226 2 227 3 228 1 229 2 230 3 231 1 232 3 233 1 234 3 235 1 236 3 237 1 238 3 239 1 240 3 241 1 242 1 243 3 244 1 245 3 246 1 247 3 248 1 249 3 250 1 251 1 252 1 253 1 254 1 255</v>
        </vertex_weights>
      </skin>
    </controller>
    <controller id="Armature_Giek-skin" name="Armature">
      <skin source="#Cylinder-mesh">
        <bind_shape_matrix>1 0 0 0 0 1 0 0 0 0 1 0 0 0 0 1</bind_shape_matrix>
        <source id="Armature_Giek-skin-joints">
          <Name_array id="Armature_Giek-skin-joints-array" count="9">Body Mast Boom Sail Fork Wheel_Front Wheel_Left Wheel_Right Cam</Name_array>
          <technique_common>
            <accessor source="#Armature_Giek-skin-joints-array" count="9" stride="1">
              <param name="JOINT" type="name"/>
            </accessor>
          </technique_common>
        </source>
        <source id="Armature_Giek-skin-bind_poses">
          <float_array id="Armature_Giek-skin-bind_poses-array" count="144">-1 0 2.60027e-4 -7.39147e-5 0 1 -2.9621e-5 -0.3719461 -2.60027e-4 -2.9621e-5 -1 0.2842574 0 0 0 1 -1 3.53167e-6 -2.45527e-7 -5.11066e-6 -1.03042e-6 -0.2239944 0.9745905 -0.3980039 3.38694e-6 0.9745905 0.2239945 -1.629873 0 0 0 1 -1 0 -3.75219e-7 6.62527e-7 0 -0.9635626 0.2674831 0.9552611 -3.89453e-7 0.2674832 0.9635626 -1.637868 0 0 0 1 -1 -3.68803e-5 -3.60429e-5 1.03392e-4 1.34231e-7 -0.7008013 0.7133567 -0.1871792 -5.15677e-5 0.7133567 0.7008013 -2.005041 0 0 0 1 -1 -5.05048e-7 -1.84823e-7 -2.05109e-7 -2.33966e-7 0.7178956 -0.6961508 -0.9823448 4.8423e-7 -0.6961507 -0.7178957 1.681175 0 0 0 1 0 -0.5900596 0.8073599 1.142486 -1 0 0 -1.4177e-6 0 -0.8073598 -0.5900597 1.96739 0 0 0 1 0 0.03485846 -0.9993924 0.3933157 -1 0 0 -0.9669833 0 0.9993923 0.03485846 0.1245868 0 0 0 1 0 -0.03485697 0.9993925 -0.3933156 1 0 0 -0.9669834 0 0.9993924 0.03485697 0.1245874 0 0 0 1 3.19678e-7 -0.03485816 0.9993924 -1.163998 -3.31776e-7 0.9993925 0.03485816 0.09066218 -1 -3.34354e-7 3.08122e-7 -3.14869e-7 0 0 0 1</float_array>
          <technique_common>
            <accessor source="#Armature_Giek-skin-bind_poses-array" count="9" stride="16">
              <param name="TRANSFORM" type="float4x4"/>
            </accessor>
          </technique_common>
        </source>
        <source id="Armature_Giek-skin-weights">
          <float_array id="Armature_Giek-skin-weights-array" count="16">1 1 1 1 1 1 1 1 1 1 1 1 1 1 1 1</float_array>
          <technique_common>
            <accessor source="#Armature_Giek-skin-weights-array" count="16" stride="1">
              <param name="WEIGHT" type="float"/>
            </accessor>
          </technique_common>
        </source>
        <joints>
          <input semantic="JOINT" source="#Armature_Giek-skin-joints"/>
          <input semantic="INV_BIND_MATRIX" source="#Armature_Giek-skin-bind_poses"/>
        </joints>
        <vertex_weights count="16">
          <input semantic="JOINT" source="#Armature_Giek-skin-joints" offset="0"/>
          <input semantic="WEIGHT" source="#Armature_Giek-skin-weights" offset="1"/>
          <vcount>1 1 1 1 1 1 1 1 1 1 1 1 1 1 1 1 </vcount>
          <v>2 0 2 1 2 2 2 3 2 4 2 5 2 6 2 7 2 8 2 9 2 10 2 11 2 12 2 13 2 14 2 15</v>
        </vertex_weights>
      </skin>
    </controller>
    <controller id="Armature_Mast-skin" name="Armature">
      <skin source="#Cylinder_010-mesh">
        <bind_shape_matrix>1 0 0 0 0 1 0 0 0 0 1 0 0 0 0 1</bind_shape_matrix>
        <source id="Armature_Mast-skin-joints">
          <Name_array id="Armature_Mast-skin-joints-array" count="9">Body Mast Boom Sail Fork Wheel_Front Wheel_Left Wheel_Right Cam</Name_array>
          <technique_common>
            <accessor source="#Armature_Mast-skin-joints-array" count="9" stride="1">
              <param name="JOINT" type="name"/>
            </accessor>
          </technique_common>
        </source>
        <source id="Armature_Mast-skin-bind_poses">
          <float_array id="Armature_Mast-skin-bind_poses-array" count="144">-1 0 2.60027e-4 -7.39147e-5 0 1 -2.9621e-5 -0.3719461 -2.60027e-4 -2.9621e-5 -1 0.2842574 0 0 0 1 -1 3.53167e-6 -2.45527e-7 -5.11066e-6 -1.03042e-6 -0.2239944 0.9745905 -0.3980039 3.38694e-6 0.9745905 0.2239945 -1.629873 0 0 0 1 -1 0 -3.75219e-7 6.62527e-7 0 -0.9635626 0.2674831 0.9552611 -3.89453e-7 0.2674832 0.9635626 -1.637868 0 0 0 1 -1 -3.68803e-5 -3.60429e-5 1.03392e-4 1.34231e-7 -0.7008013 0.7133567 -0.1871792 -5.15677e-5 0.7133567 0.7008013 -2.005041 0 0 0 1 -1 -5.05048e-7 -1.84823e-7 -2.05109e-7 -2.33966e-7 0.7178956 -0.6961508 -0.9823448 4.8423e-7 -0.6961507 -0.7178957 1.681175 0 0 0 1 0 -0.5900596 0.8073599 1.142486 -1 0 0 -1.4177e-6 0 -0.8073598 -0.5900597 1.96739 0 0 0 1 0 0.03485846 -0.9993924 0.3933157 -1 0 0 -0.9669833 0 0.9993923 0.03485846 0.1245868 0 0 0 1 0 -0.03485697 0.9993925 -0.3933156 1 0 0 -0.9669834 0 0.9993924 0.03485697 0.1245874 0 0 0 1 3.19678e-7 -0.03485816 0.9993924 -1.163998 -3.31776e-7 0.9993925 0.03485816 0.09066218 -1 -3.34354e-7 3.08122e-7 -3.14869e-7 0 0 0 1</float_array>
          <technique_common>
            <accessor source="#Armature_Mast-skin-bind_poses-array" count="9" stride="16">
              <param name="TRANSFORM" type="float4x4"/>
            </accessor>
          </technique_common>
        </source>
        <source id="Armature_Mast-skin-weights">
          <float_array id="Armature_Mast-skin-weights-array" count="64">1 1 1 1 1 1 1 1 1 1 1 1 1 1 1 1 1 1 1 1 1 1 1 1 1 1 1 1 1 1 1 1 1 1 1 1 1 1 1 1 1 1 1 1 1 1 1 1 1 1 1 1 1 1 1 1 1 1 1 1 1 1 1 1</float_array>
          <technique_common>
            <accessor source="#Armature_Mast-skin-weights-array" count="64" stride="1">
              <param name="WEIGHT" type="float"/>
            </accessor>
          </technique_common>
        </source>
        <joints>
          <input semantic="JOINT" source="#Armature_Mast-skin-joints"/>
          <input semantic="INV_BIND_MATRIX" source="#Armature_Mast-skin-bind_poses"/>
        </joints>
        <vertex_weights count="64">
          <input semantic="JOINT" source="#Armature_Mast-skin-joints" offset="0"/>
          <input semantic="WEIGHT" source="#Armature_Mast-skin-weights" offset="1"/>
          <vcount>1 1 1 1 1 1 1 1 1 1 1 1 1 1 1 1 1 1 1 1 1 1 1 1 1 1 1 1 1 1 1 1 1 1 1 1 1 1 1 1 1 1 1 1 1 1 1 1 1 1 1 1 1 1 1 1 1 1 1 1 1 1 1 1 </vcount>
          <v>1 0 1 1 1 2 1 3 1 4 1 5 1 6 1 7 1 8 1 9 1 10 1 11 1 12 1 13 1 14 1 15 1 16 1 17 1 18 1 19 1 20 1 21 1 22 1 23 1 24 1 25 1 26 1 27 1 28 1 29 1 30 1 31 1 32 1 33 1 34 1 35 1 36 1 37 1 38 1 39 1 40 1 41 1 42 1 43 1 44 1 45 1 46 1 47 1 48 1 49 1 50 1 51 1 52 1 53 1 54 1 55 1 56 1 57 1 58 1 59 1 60 1 61 1 62 1 63</v>
        </vertex_weights>
      </skin>
    </controller>
    <controller id="Armature_Velg_002-skin" name="Armature">
      <skin source="#Cylinder_003-mesh">
        <bind_shape_matrix>1 0 0 0 0 1 0 0 0 0 1 0 0 0 0 1</bind_shape_matrix>
        <source id="Armature_Velg_002-skin-joints">
          <Name_array id="Armature_Velg_002-skin-joints-array" count="7">Body Mast Boom Fork Wheel_Front Wheel_Left Wheel_Right</Name_array>
          <technique_common>
            <accessor source="#Armature_Velg_002-skin-joints-array" count="7" stride="1">
              <param name="JOINT" type="name"/>
            </accessor>
          </technique_common>
        </source>
        <source id="Armature_Velg_002-skin-bind_poses">
          <float_array id="Armature_Velg_002-skin-bind_poses-array" count="112">-1 0 2.60027e-4 -7.39147e-5 0 1 -2.9621e-5 -0.3719461 -2.60027e-4 -2.9621e-5 -1 0.2842574 0 0 0 1 -1 3.53167e-6 -2.45527e-7 -5.11066e-6 -1.03042e-6 -0.2239944 0.9745905 -0.3980039 3.38694e-6 0.9745905 0.2239945 -1.629873 0 0 0 1 -1 0 -3.75219e-7 6.62527e-7 0 -0.9635626 0.2674831 0.9552611 -3.89453e-7 0.2674832 0.9635626 -1.637868 0 0 0 1 -1 -5.05048e-7 -1.84823e-7 -2.05109e-7 -2.33966e-7 0.7178956 -0.6961508 -0.9823448 4.8423e-7 -0.6961507 -0.7178957 1.681175 0 0 0 1 0 -0.5900596 0.8073599 1.142486 -1 0 0 -1.4177e-6 0 -0.8073598 -0.5900597 1.96739 0 0 0 1 0 0.03485846 -0.9993924 0.3933157 -1 0 0 -0.9669833 0 0.9993923 0.03485846 0.1245868 0 0 0 1 0 -0.03485697 0.9993925 -0.3933156 1 0 0 -0.9669834 0 0.9993924 0.03485697 0.1245874 0 0 0 1</float_array>
          <technique_common>
            <accessor source="#Armature_Velg_002-skin-bind_poses-array" count="7" stride="16">
              <param name="TRANSFORM" type="float4x4"/>
            </accessor>
          </technique_common>
        </source>
        <source id="Armature_Velg_002-skin-weights">
          <float_array id="Armature_Velg_002-skin-weights-array" count="180">1 1 1 1 1 1 1 1 1 1 1 1 1 1 1 1 1 1 1 1 1 1 1 1 1 1 1 1 1 1 1 1 1 1 1 1 1 1 1 1 1 1 1 1 1 1 1 1 1 1 1 1 1 1 1 1 1 1 1 1 1 1 1 1 1 1 1 1 1 1 1 1 1 1 1 1 1 1 1 1 1 1 1 1 1 1 1 1 1 1 1 1 1 1 1 1 1 1 1 1 1 1 1 1 1 1 1 1 1 1 1 1 1 1 1 1 1 1 1 1 1 1 1 1 1 1 1 1 1 1 1 1 1 1 1 1 1 1 1 1 1 1 1 1 1 1 1 1 1 1 1 1 1 1 1 1 1 1 1 1 1 1 1 1 1 1 1 1 1 1 1 1 1 1 1 1 1 1 1 1</float_array>
          <technique_common>
            <accessor source="#Armature_Velg_002-skin-weights-array" count="180" stride="1">
              <param name="WEIGHT" type="float"/>
            </accessor>
          </technique_common>
        </source>
        <joints>
          <input semantic="JOINT" source="#Armature_Velg_002-skin-joints"/>
          <input semantic="INV_BIND_MATRIX" source="#Armature_Velg_002-skin-bind_poses"/>
        </joints>
        <vertex_weights count="180">
          <input semantic="JOINT" source="#Armature_Velg_002-skin-joints" offset="0"/>
          <input semantic="WEIGHT" source="#Armature_Velg_002-skin-weights" offset="1"/>
          <vcount>1 1 1 1 1 1 1 1 1 1 1 1 1 1 1 1 1 1 1 1 1 1 1 1 1 1 1 1 1 1 1 1 1 1 1 1 1 1 1 1 1 1 1 1 1 1 1 1 1 1 1 1 1 1 1 1 1 1 1 1 1 1 1 1 1 1 1 1 1 1 1 1 1 1 1 1 1 1 1 1 1 1 1 1 1 1 1 1 1 1 1 1 1 1 1 1 1 1 1 1 1 1 1 1 1 1 1 1 1 1 1 1 1 1 1 1 1 1 1 1 1 1 1 1 1 1 1 1 1 1 1 1 1 1 1 1 1 1 1 1 1 1 1 1 1 1 1 1 1 1 1 1 1 1 1 1 1 1 1 1 1 1 1 1 1 1 1 1 1 1 1 1 1 1 1 1 1 1 1 1 </vcount>
          <v>4 0 4 1 4 2 4 3 4 4 4 5 4 6 4 7 4 8 4 9 4 10 4 11 4 12 4 13 4 14 4 15 4 16 4 17 4 18 4 19 4 20 4 21 4 22 4 23 4 24 4 25 4 26 4 27 4 28 4 29 4 30 4 31 4 32 4 33 4 34 4 35 4 36 4 37 4 38 4 39 4 40 4 41 4 42 4 43 4 44 4 45 4 46 4 47 4 48 4 49 4 50 4 51 4 52 4 53 4 54 4 55 4 56 4 57 4 58 4 59 4 60 4 61 4 62 4 63 4 64 4 65 4 66 4 67 4 68 4 69 4 70 4 71 4 72 4 73 4 74 4 75 4 76 4 77 4 78 4 79 4 80 4 81 4 82 4 83 4 84 4 85 4 86 4 87 4 88 4 89 4 90 4 91 4 92 4 93 4 94 4 95 4 96 4 97 4 98 4 99 4 100 4 101 4 102 4 103 4 104 4 105 4 106 4 107 4 108 4 109 4 110 4 111 4 112 4 113 4 114 4 115 4 116 4 117 4 118 4 119 4 120 4 121 4 122 4 123 4 124 4 125 4 126 4 127 4 128 4 129 4 130 4 131 4 132 4 133 4 134 4 135 4 136 4 137 4 138 4 139 4 140 4 141 4 142 4 143 4 144 4 145 4 146 4 147 4 148 4 149 4 150 4 151 4 152 4 153 4 154 4 155 4 156 4 157 4 158 4 159 4 160 4 161 4 162 4 163 4 164 4 165 4 166 4 167 4 168 4 169 4 170 4 171 4 172 4 173 4 174 4 175 4 176 4 177 4 178 4 179</v>
        </vertex_weights>
      </skin>
    </controller>
    <controller id="Armature_Band-skin" name="Armature">
      <skin source="#Cylinder_002-mesh">
        <bind_shape_matrix>1 0 0 0 0 1 0 0 0 0 1 0 0 0 0 1</bind_shape_matrix>
        <source id="Armature_Band-skin-joints">
          <Name_array id="Armature_Band-skin-joints-array" count="7">Body Mast Boom Fork Wheel_Front Wheel_Left Wheel_Right</Name_array>
          <technique_common>
            <accessor source="#Armature_Band-skin-joints-array" count="7" stride="1">
              <param name="JOINT" type="name"/>
            </accessor>
          </technique_common>
        </source>
        <source id="Armature_Band-skin-bind_poses">
          <float_array id="Armature_Band-skin-bind_poses-array" count="112">-1 0 2.60027e-4 -7.39147e-5 0 1 -2.9621e-5 -0.3719461 -2.60027e-4 -2.9621e-5 -1 0.2842574 0 0 0 1 -1 3.53167e-6 -2.45527e-7 -5.11066e-6 -1.03042e-6 -0.2239944 0.9745905 -0.3980039 3.38694e-6 0.9745905 0.2239945 -1.629873 0 0 0 1 -1 0 -3.75219e-7 6.62527e-7 0 -0.9635626 0.2674831 0.9552611 -3.89453e-7 0.2674832 0.9635626 -1.637868 0 0 0 1 -1 -5.05048e-7 -1.84823e-7 -2.05109e-7 -2.33966e-7 0.7178956 -0.6961508 -0.9823448 4.8423e-7 -0.6961507 -0.7178957 1.681175 0 0 0 1 0 -0.5900596 0.8073599 1.142486 -1 0 0 -1.4177e-6 0 -0.8073598 -0.5900597 1.96739 0 0 0 1 0 0.03485846 -0.9993924 0.3933157 -1 0 0 -0.9669833 0 0.9993923 0.03485846 0.1245868 0 0 0 1 0 -0.03485697 0.9993925 -0.3933156 1 0 0 -0.9669834 0 0.9993924 0.03485697 0.1245874 0 0 0 1</float_array>
          <technique_common>
            <accessor source="#Armature_Band-skin-bind_poses-array" count="7" stride="16">
              <param name="TRANSFORM" type="float4x4"/>
            </accessor>
          </technique_common>
        </source>
        <source id="Armature_Band-skin-weights">
          <float_array id="Armature_Band-skin-weights-array" count="48">1 1 1 1 1 1 1 1 1 1 1 1 1 1 1 1 1 1 1 1 1 1 1 1 1 1 1 1 1 1 1 1 1 1 1 1 1 1 1 1 1 1 1 1 1 1 1 1</float_array>
          <technique_common>
            <accessor source="#Armature_Band-skin-weights-array" count="48" stride="1">
              <param name="WEIGHT" type="float"/>
            </accessor>
          </technique_common>
        </source>
        <joints>
          <input semantic="JOINT" source="#Armature_Band-skin-joints"/>
          <input semantic="INV_BIND_MATRIX" source="#Armature_Band-skin-bind_poses"/>
        </joints>
        <vertex_weights count="48">
          <input semantic="JOINT" source="#Armature_Band-skin-joints" offset="0"/>
          <input semantic="WEIGHT" source="#Armature_Band-skin-weights" offset="1"/>
          <vcount>1 1 1 1 1 1 1 1 1 1 1 1 1 1 1 1 1 1 1 1 1 1 1 1 1 1 1 1 1 1 1 1 1 1 1 1 1 1 1 1 1 1 1 1 1 1 1 1 </vcount>
          <v>4 0 4 1 4 2 4 3 4 4 4 5 4 6 4 7 4 8 4 9 4 10 4 11 4 12 4 13 4 14 4 15 4 16 4 17 4 18 4 19 4 20 4 21 4 22 4 23 4 24 4 25 4 26 4 27 4 28 4 29 4 30 4 31 4 32 4 33 4 34 4 35 4 36 4 37 4 38 4 39 4 40 4 41 4 42 4 43 4 44 4 45 4 46 4 47</v>
        </vertex_weights>
      </skin>
    </controller>
    <controller id="Armature_Voorvork-skin" name="Armature">
      <skin source="#Cube_004-mesh">
        <bind_shape_matrix>1 0 0 0 0 1 0 0 0 0 1 0 0 0 0 1</bind_shape_matrix>
        <source id="Armature_Voorvork-skin-joints">
          <Name_array id="Armature_Voorvork-skin-joints-array" count="7">Body Mast Boom Fork Wheel_Front Wheel_Left Wheel_Right</Name_array>
          <technique_common>
            <accessor source="#Armature_Voorvork-skin-joints-array" count="7" stride="1">
              <param name="JOINT" type="name"/>
            </accessor>
          </technique_common>
        </source>
        <source id="Armature_Voorvork-skin-bind_poses">
          <float_array id="Armature_Voorvork-skin-bind_poses-array" count="112">-1 0 2.60027e-4 -7.39147e-5 0 1 -2.9621e-5 -0.3719461 -2.60027e-4 -2.9621e-5 -1 0.2842574 0 0 0 1 -1 3.53167e-6 -2.45527e-7 -5.11066e-6 -1.03042e-6 -0.2239944 0.9745905 -0.3980039 3.38694e-6 0.9745905 0.2239945 -1.629873 0 0 0 1 -1 0 -3.75219e-7 6.62527e-7 0 -0.9635626 0.2674831 0.9552611 -3.89453e-7 0.2674832 0.9635626 -1.637868 0 0 0 1 -1 -5.05048e-7 -1.84823e-7 -2.05109e-7 -2.33966e-7 0.7178956 -0.6961508 -0.9823448 4.8423e-7 -0.6961507 -0.7178957 1.681175 0 0 0 1 0 -0.5900596 0.8073599 1.142486 -1 0 0 -1.4177e-6 0 -0.8073598 -0.5900597 1.96739 0 0 0 1 0 0.03485846 -0.9993924 0.3933157 -1 0 0 -0.9669833 0 0.9993923 0.03485846 0.1245868 0 0 0 1 0 -0.03485697 0.9993925 -0.3933156 1 0 0 -0.9669834 0 0.9993924 0.03485697 0.1245874 0 0 0 1</float_array>
          <technique_common>
            <accessor source="#Armature_Voorvork-skin-bind_poses-array" count="7" stride="16">
              <param name="TRANSFORM" type="float4x4"/>
            </accessor>
          </technique_common>
        </source>
        <source id="Armature_Voorvork-skin-weights">
          <float_array id="Armature_Voorvork-skin-weights-array" count="56">1 1 1 1 1 1 1 1 1 1 1 1 1 1 1 1 1 1 1 1 1 1 1 1 1 1 1 1 1 1 1 1 1 1 1 1 1 1 1 1 1 1 1 1 1 1 1 1 1 1 1 1 1 1 1 1</float_array>
          <technique_common>
            <accessor source="#Armature_Voorvork-skin-weights-array" count="56" stride="1">
              <param name="WEIGHT" type="float"/>
            </accessor>
          </technique_common>
        </source>
        <joints>
          <input semantic="JOINT" source="#Armature_Voorvork-skin-joints"/>
          <input semantic="INV_BIND_MATRIX" source="#Armature_Voorvork-skin-bind_poses"/>
        </joints>
        <vertex_weights count="56">
          <input semantic="JOINT" source="#Armature_Voorvork-skin-joints" offset="0"/>
          <input semantic="WEIGHT" source="#Armature_Voorvork-skin-weights" offset="1"/>
          <vcount>1 1 1 1 1 1 1 1 1 1 1 1 1 1 1 1 1 1 1 1 1 1 1 1 1 1 1 1 1 1 1 1 1 1 1 1 1 1 1 1 1 1 1 1 1 1 1 1 1 1 1 1 1 1 1 1 </vcount>
          <v>3 0 3 1 3 2 3 3 3 4 3 5 3 6 3 7 3 8 3 9 3 10 3 11 3 12 3 13 3 14 3 15 3 16 3 17 3 18 3 19 3 20 3 21 3 22 3 23 3 24 3 25 3 26 3 27 3 28 3 29 3 30 3 31 3 32 3 33 3 34 3 35 3 36 3 37 3 38 3 39 3 40 3 41 3 42 3 43 3 44 3 45 3 46 3 47 3 48 3 49 3 50 3 51 3 52 3 53 3 54 3 55</v>
        </vertex_weights>
      </skin>
    </controller>
    <controller id="Armature_Velg_001-skin" name="Armature">
      <skin source="#Cylinder_007-mesh">
        <bind_shape_matrix>1 0 0 0 0 1 0 0 0 0 1 0 0 0 0 1</bind_shape_matrix>
        <source id="Armature_Velg_001-skin-joints">
          <Name_array id="Armature_Velg_001-skin-joints-array" count="9">Body Mast Boom Fork Wheel_Front Wheel_Left Wheel_Right Sail Cam</Name_array>
          <technique_common>
            <accessor source="#Armature_Velg_001-skin-joints-array" count="9" stride="1">
              <param name="JOINT" type="name"/>
            </accessor>
          </technique_common>
        </source>
        <source id="Armature_Velg_001-skin-bind_poses">
          <float_array id="Armature_Velg_001-skin-bind_poses-array" count="144">-1 0 2.60027e-4 -7.39147e-5 0 1 -2.9621e-5 -0.3719461 -2.60027e-4 -2.9621e-5 -1 0.2842574 0 0 0 1 -1 3.53167e-6 -2.45527e-7 -5.11066e-6 -1.03042e-6 -0.2239944 0.9745905 -0.3980039 3.38694e-6 0.9745905 0.2239945 -1.629873 0 0 0 1 -1 0 -3.75219e-7 6.62527e-7 0 -0.9635626 0.2674831 0.9552611 -3.89453e-7 0.2674832 0.9635626 -1.637868 0 0 0 1 -1 -5.05048e-7 -1.84823e-7 -2.05109e-7 -2.33966e-7 0.7178956 -0.6961508 -0.9823448 4.8423e-7 -0.6961507 -0.7178957 1.681175 0 0 0 1 0 -0.5900596 0.8073599 1.142486 -1 0 0 -1.4177e-6 0 -0.8073598 -0.5900597 1.96739 0 0 0 1 0 0.03485846 -0.9993924 0.3933157 -1 0 0 -0.9669833 0 0.9993923 0.03485846 0.1245868 0 0 0 1 0 -0.03485697 0.9993925 -0.3933156 1 0 0 -0.9669834 0 0.9993924 0.03485697 0.1245874 0 0 0 1 -1 -3.68803e-5 -3.60429e-5 1.03392e-4 1.34231e-7 -0.7008013 0.7133567 -0.1871792 -5.15677e-5 0.7133567 0.7008013 -2.005041 0 0 0 1 3.19678e-7 -0.03485816 0.9993924 -1.163998 -3.31776e-7 0.9993925 0.03485816 0.09066218 -1 -3.34354e-7 3.08122e-7 -3.14869e-7 0 0 0 1</float_array>
          <technique_common>
            <accessor source="#Armature_Velg_001-skin-bind_poses-array" count="9" stride="16">
              <param name="TRANSFORM" type="float4x4"/>
            </accessor>
          </technique_common>
        </source>
        <source id="Armature_Velg_001-skin-weights">
          <float_array id="Armature_Velg_001-skin-weights-array" count="168">1 1 1 1 1 1 1 1 1 1 1 1 1 1 1 1 1 1 1 1 1 1 1 1 1 1 1 1 1 1 1 1 1 1 1 1 1 1 1 1 1 1 1 1 1 1 1 1 1 1 1 1 1 1 1 1 1 1 1 1 1 1 1 1 1 1 1 1 1 1 1 1 1 1 1 1 1 1 1 1 1 1 1 1 1 1 1 1 1 1 1 1 1 1 1 1 1 1 1 1 1 1 1 1 1 1 1 1 1 1 1 1 1 1 1 1 1 1 1 1 1 1 1 1 1 1 1 1 1 1 1 1 1 1 1 1 1 1 1 1 1 1 1 1 1 1 1 1 1 1 1 1 1 1 1 1 1 1 1 1 1 1 1 1 1 1 1 1</float_array>
          <technique_common>
            <accessor source="#Armature_Velg_001-skin-weights-array" count="168" stride="1">
              <param name="WEIGHT" type="float"/>
            </accessor>
          </technique_common>
        </source>
        <joints>
          <input semantic="JOINT" source="#Armature_Velg_001-skin-joints"/>
          <input semantic="INV_BIND_MATRIX" source="#Armature_Velg_001-skin-bind_poses"/>
        </joints>
        <vertex_weights count="168">
          <input semantic="JOINT" source="#Armature_Velg_001-skin-joints" offset="0"/>
          <input semantic="WEIGHT" source="#Armature_Velg_001-skin-weights" offset="1"/>
          <vcount>1 1 1 1 1 1 1 1 1 1 1 1 1 1 1 1 1 1 1 1 1 1 1 1 1 1 1 1 1 1 1 1 1 1 1 1 1 1 1 1 1 1 1 1 1 1 1 1 1 1 1 1 1 1 1 1 1 1 1 1 1 1 1 1 1 1 1 1 1 1 1 1 1 1 1 1 1 1 1 1 1 1 1 1 1 1 1 1 1 1 1 1 1 1 1 1 1 1 1 1 1 1 1 1 1 1 1 1 1 1 1 1 1 1 1 1 1 1 1 1 1 1 1 1 1 1 1 1 1 1 1 1 1 1 1 1 1 1 1 1 1 1 1 1 1 1 1 1 1 1 1 1 1 1 1 1 1 1 1 1 1 1 1 1 1 1 1 1 </vcount>
          <v>5 0 5 1 5 2 5 3 5 4 5 5 5 6 5 7 5 8 5 9 5 10 5 11 5 12 5 13 5 14 5 15 5 16 5 17 5 18 5 19 5 20 5 21 5 22 5 23 5 24 5 25 5 26 5 27 5 28 5 29 5 30 5 31 5 32 5 33 5 34 5 35 5 36 5 37 5 38 5 39 5 40 5 41 5 42 5 43 5 44 5 45 5 46 5 47 5 48 5 49 5 50 5 51 5 52 5 53 5 54 5 55 5 56 5 57 5 58 5 59 5 60 5 61 5 62 5 63 5 64 5 65 5 66 5 67 5 68 5 69 5 70 5 71 5 72 5 73 5 74 5 75 5 76 5 77 5 78 5 79 5 80 5 81 5 82 5 83 5 84 5 85 5 86 5 87 5 88 5 89 5 90 5 91 5 92 5 93 5 94 5 95 5 96 5 97 5 98 5 99 5 100 5 101 5 102 5 103 5 104 5 105 5 106 5 107 5 108 5 109 5 110 5 111 5 112 5 113 5 114 5 115 5 116 5 117 5 118 5 119 5 120 5 121 5 122 5 123 5 124 5 125 5 126 5 127 5 128 5 129 5 130 5 131 5 132 5 133 5 134 5 135 5 136 5 137 5 138 5 139 5 140 5 141 5 142 5 143 5 144 5 145 5 146 5 147 5 148 5 149 5 150 5 151 5 152 5 153 5 154 5 155 5 156 5 157 5 158 5 159 5 160 5 161 5 162 5 163 5 164 5 165 5 166 5 167</v>
        </vertex_weights>
      </skin>
    </controller>
    <controller id="Armature_Band_001-skin" name="Armature">
      <skin source="#Cylinder_005-mesh">
        <bind_shape_matrix>1 0 0 0 0 1 0 0 0 0 1 0 0 0 0 1</bind_shape_matrix>
        <source id="Armature_Band_001-skin-joints">
          <Name_array id="Armature_Band_001-skin-joints-array" count="9">Body Mast Boom Fork Wheel_Front Wheel_Left Wheel_Right Sail Cam</Name_array>
          <technique_common>
            <accessor source="#Armature_Band_001-skin-joints-array" count="9" stride="1">
              <param name="JOINT" type="name"/>
            </accessor>
          </technique_common>
        </source>
        <source id="Armature_Band_001-skin-bind_poses">
          <float_array id="Armature_Band_001-skin-bind_poses-array" count="144">-1 0 2.60027e-4 -7.39147e-5 0 1 -2.9621e-5 -0.3719461 -2.60027e-4 -2.9621e-5 -1 0.2842574 0 0 0 1 -1 3.53167e-6 -2.45527e-7 -5.11066e-6 -1.03042e-6 -0.2239944 0.9745905 -0.3980039 3.38694e-6 0.9745905 0.2239945 -1.629873 0 0 0 1 -1 0 -3.75219e-7 6.62527e-7 0 -0.9635626 0.2674831 0.9552611 -3.89453e-7 0.2674832 0.9635626 -1.637868 0 0 0 1 -1 -5.05048e-7 -1.84823e-7 -2.05109e-7 -2.33966e-7 0.7178956 -0.6961508 -0.9823448 4.8423e-7 -0.6961507 -0.7178957 1.681175 0 0 0 1 0 -0.5900596 0.8073599 1.142486 -1 0 0 -1.4177e-6 0 -0.8073598 -0.5900597 1.96739 0 0 0 1 0 0.03485846 -0.9993924 0.3933157 -1 0 0 -0.9669833 0 0.9993923 0.03485846 0.1245868 0 0 0 1 0 -0.03485697 0.9993925 -0.3933156 1 0 0 -0.9669834 0 0.9993924 0.03485697 0.1245874 0 0 0 1 -1 -3.68803e-5 -3.60429e-5 1.03392e-4 1.34231e-7 -0.7008013 0.7133567 -0.1871792 -5.15677e-5 0.7133567 0.7008013 -2.005041 0 0 0 1 3.19678e-7 -0.03485816 0.9993924 -1.163998 -3.31776e-7 0.9993925 0.03485816 0.09066218 -1 -3.34354e-7 3.08122e-7 -3.14869e-7 0 0 0 1</float_array>
          <technique_common>
            <accessor source="#Armature_Band_001-skin-bind_poses-array" count="9" stride="16">
              <param name="TRANSFORM" type="float4x4"/>
            </accessor>
          </technique_common>
        </source>
        <source id="Armature_Band_001-skin-weights">
          <float_array id="Armature_Band_001-skin-weights-array" count="48">1 1 1 1 1 1 1 1 1 1 1 1 1 1 1 1 1 1 1 1 1 1 1 1 1 1 1 1 1 1 1 1 1 1 1 1 1 1 1 1 1 1 1 1 1 1 1 1</float_array>
          <technique_common>
            <accessor source="#Armature_Band_001-skin-weights-array" count="48" stride="1">
              <param name="WEIGHT" type="float"/>
            </accessor>
          </technique_common>
        </source>
        <joints>
          <input semantic="JOINT" source="#Armature_Band_001-skin-joints"/>
          <input semantic="INV_BIND_MATRIX" source="#Armature_Band_001-skin-bind_poses"/>
        </joints>
        <vertex_weights count="48">
          <input semantic="JOINT" source="#Armature_Band_001-skin-joints" offset="0"/>
          <input semantic="WEIGHT" source="#Armature_Band_001-skin-weights" offset="1"/>
          <vcount>1 1 1 1 1 1 1 1 1 1 1 1 1 1 1 1 1 1 1 1 1 1 1 1 1 1 1 1 1 1 1 1 1 1 1 1 1 1 1 1 1 1 1 1 1 1 1 1 </vcount>
          <v>5 0 5 1 5 2 5 3 5 4 5 5 5 6 5 7 5 8 5 9 5 10 5 11 5 12 5 13 5 14 5 15 5 16 5 17 5 18 5 19 5 20 5 21 5 22 5 23 5 24 5 25 5 26 5 27 5 28 5 29 5 30 5 31 5 32 5 33 5 34 5 35 5 36 5 37 5 38 5 39 5 40 5 41 5 42 5 43 5 44 5 45 5 46 5 47</v>
        </vertex_weights>
      </skin>
    </controller>
    <controller id="Armature_Velg_003-skin" name="Armature">
      <skin source="#Cylinder_009-mesh">
        <bind_shape_matrix>1 0 0 0 0 1 0 0 0 0 1 0 0 0 0 1</bind_shape_matrix>
        <source id="Armature_Velg_003-skin-joints">
          <Name_array id="Armature_Velg_003-skin-joints-array" count="9">Body Mast Boom Fork Wheel_Front Wheel_Left Wheel_Right Sail Cam</Name_array>
          <technique_common>
            <accessor source="#Armature_Velg_003-skin-joints-array" count="9" stride="1">
              <param name="JOINT" type="name"/>
            </accessor>
          </technique_common>
        </source>
        <source id="Armature_Velg_003-skin-bind_poses">
          <float_array id="Armature_Velg_003-skin-bind_poses-array" count="144">-1 0 2.60027e-4 -7.39147e-5 0 1 -2.9621e-5 -0.3719461 -2.60027e-4 -2.9621e-5 -1 0.2842574 0 0 0 1 -1 3.53167e-6 -2.45527e-7 -5.11066e-6 -1.03042e-6 -0.2239944 0.9745905 -0.3980039 3.38694e-6 0.9745905 0.2239945 -1.629873 0 0 0 1 -1 0 -3.75219e-7 6.62527e-7 0 -0.9635626 0.2674831 0.9552611 -3.89453e-7 0.2674832 0.9635626 -1.637868 0 0 0 1 -1 -5.05048e-7 -1.84823e-7 -2.05109e-7 -2.33966e-7 0.7178956 -0.6961508 -0.9823448 4.8423e-7 -0.6961507 -0.7178957 1.681175 0 0 0 1 0 -0.5900596 0.8073599 1.142486 -1 0 0 -1.4177e-6 0 -0.8073598 -0.5900597 1.96739 0 0 0 1 0 0.03485846 -0.9993924 0.3933157 -1 0 0 -0.9669833 0 0.9993923 0.03485846 0.1245868 0 0 0 1 0 -0.03485697 0.9993925 -0.3933156 1 0 0 -0.9669834 0 0.9993924 0.03485697 0.1245874 0 0 0 1 -1 -3.68803e-5 -3.60429e-5 1.03392e-4 1.34231e-7 -0.7008013 0.7133567 -0.1871792 -5.15677e-5 0.7133567 0.7008013 -2.005041 0 0 0 1 3.19678e-7 -0.03485816 0.9993924 -1.163998 -3.31776e-7 0.9993925 0.03485816 0.09066218 -1 -3.34354e-7 3.08122e-7 -3.14869e-7 0 0 0 1</float_array>
          <technique_common>
            <accessor source="#Armature_Velg_003-skin-bind_poses-array" count="9" stride="16">
              <param name="TRANSFORM" type="float4x4"/>
            </accessor>
          </technique_common>
        </source>
        <source id="Armature_Velg_003-skin-weights">
          <float_array id="Armature_Velg_003-skin-weights-array" count="168">1 1 1 1 1 1 1 1 1 1 1 1 1 1 1 1 1 1 1 1 1 1 1 1 1 1 1 1 1 1 1 1 1 1 1 1 1 1 1 1 1 1 1 1 1 1 1 1 1 1 1 1 1 1 1 1 1 1 1 1 1 1 1 1 1 1 1 1 1 1 1 1 1 1 1 1 1 1 1 1 1 1 1 1 1 1 1 1 1 1 1 1 1 1 1 1 1 1 1 1 1 1 1 1 1 1 1 1 1 1 1 1 1 1 1 1 1 1 1 1 1 1 1 1 1 1 1 1 1 1 1 1 1 1 1 1 1 1 1 1 1 1 1 1 1 1 1 1 1 1 1 1 1 1 1 1 1 1 1 1 1 1 1 1 1 1 1 1</float_array>
          <technique_common>
            <accessor source="#Armature_Velg_003-skin-weights-array" count="168" stride="1">
              <param name="WEIGHT" type="float"/>
            </accessor>
          </technique_common>
        </source>
        <joints>
          <input semantic="JOINT" source="#Armature_Velg_003-skin-joints"/>
          <input semantic="INV_BIND_MATRIX" source="#Armature_Velg_003-skin-bind_poses"/>
        </joints>
        <vertex_weights count="168">
          <input semantic="JOINT" source="#Armature_Velg_003-skin-joints" offset="0"/>
          <input semantic="WEIGHT" source="#Armature_Velg_003-skin-weights" offset="1"/>
          <vcount>1 1 1 1 1 1 1 1 1 1 1 1 1 1 1 1 1 1 1 1 1 1 1 1 1 1 1 1 1 1 1 1 1 1 1 1 1 1 1 1 1 1 1 1 1 1 1 1 1 1 1 1 1 1 1 1 1 1 1 1 1 1 1 1 1 1 1 1 1 1 1 1 1 1 1 1 1 1 1 1 1 1 1 1 1 1 1 1 1 1 1 1 1 1 1 1 1 1 1 1 1 1 1 1 1 1 1 1 1 1 1 1 1 1 1 1 1 1 1 1 1 1 1 1 1 1 1 1 1 1 1 1 1 1 1 1 1 1 1 1 1 1 1 1 1 1 1 1 1 1 1 1 1 1 1 1 1 1 1 1 1 1 1 1 1 1 1 1 </vcount>
          <v>6 0 6 1 6 2 6 3 6 4 6 5 6 6 6 7 6 8 6 9 6 10 6 11 6 12 6 13 6 14 6 15 6 16 6 17 6 18 6 19 6 20 6 21 6 22 6 23 6 24 6 25 6 26 6 27 6 28 6 29 6 30 6 31 6 32 6 33 6 34 6 35 6 36 6 37 6 38 6 39 6 40 6 41 6 42 6 43 6 44 6 45 6 46 6 47 6 48 6 49 6 50 6 51 6 52 6 53 6 54 6 55 6 56 6 57 6 58 6 59 6 60 6 61 6 62 6 63 6 64 6 65 6 66 6 67 6 68 6 69 6 70 6 71 6 72 6 73 6 74 6 75 6 76 6 77 6 78 6 79 6 80 6 81 6 82 6 83 6 84 6 85 6 86 6 87 6 88 6 89 6 90 6 91 6 92 6 93 6 94 6 95 6 96 6 97 6 98 6 99 6 100 6 101 6 102 6 103 6 104 6 105 6 106 6 107 6 108 6 109 6 110 6 111 6 112 6 113 6 114 6 115 6 116 6 117 6 118 6 119 6 120 6 121 6 122 6 123 6 124 6 125 6 126 6 127 6 128 6 129 6 130 6 131 6 132 6 133 6 134 6 135 6 136 6 137 6 138 6 139 6 140 6 141 6 142 6 143 6 144 6 145 6 146 6 147 6 148 6 149 6 150 6 151 6 152 6 153 6 154 6 155 6 156 6 157 6 158 6 159 6 160 6 161 6 162 6 163 6 164 6 165 6 166 6 167</v>
        </vertex_weights>
      </skin>
    </controller>
    <controller id="Armature_Band_002-skin" name="Armature">
      <skin source="#Cylinder_008-mesh">
        <bind_shape_matrix>1 0 0 0 0 1 0 0 0 0 1 0 0 0 0 1</bind_shape_matrix>
        <source id="Armature_Band_002-skin-joints">
          <Name_array id="Armature_Band_002-skin-joints-array" count="9">Body Mast Boom Fork Wheel_Front Wheel_Left Wheel_Right Sail Cam</Name_array>
          <technique_common>
            <accessor source="#Armature_Band_002-skin-joints-array" count="9" stride="1">
              <param name="JOINT" type="name"/>
            </accessor>
          </technique_common>
        </source>
        <source id="Armature_Band_002-skin-bind_poses">
          <float_array id="Armature_Band_002-skin-bind_poses-array" count="144">-1 0 2.60027e-4 -7.39147e-5 0 1 -2.9621e-5 -0.3719461 -2.60027e-4 -2.9621e-5 -1 0.2842574 0 0 0 1 -1 3.53167e-6 -2.45527e-7 -5.11066e-6 -1.03042e-6 -0.2239944 0.9745905 -0.3980039 3.38694e-6 0.9745905 0.2239945 -1.629873 0 0 0 1 -1 0 -3.75219e-7 6.62527e-7 0 -0.9635626 0.2674831 0.9552611 -3.89453e-7 0.2674832 0.9635626 -1.637868 0 0 0 1 -1 -5.05048e-7 -1.84823e-7 -2.05109e-7 -2.33966e-7 0.7178956 -0.6961508 -0.9823448 4.8423e-7 -0.6961507 -0.7178957 1.681175 0 0 0 1 0 -0.5900596 0.8073599 1.142486 -1 0 0 -1.4177e-6 0 -0.8073598 -0.5900597 1.96739 0 0 0 1 0 0.03485846 -0.9993924 0.3933157 -1 0 0 -0.9669833 0 0.9993923 0.03485846 0.1245868 0 0 0 1 0 -0.03485697 0.9993925 -0.3933156 1 0 0 -0.9669834 0 0.9993924 0.03485697 0.1245874 0 0 0 1 -1 -3.68803e-5 -3.60429e-5 1.03392e-4 1.34231e-7 -0.7008013 0.7133567 -0.1871792 -5.15677e-5 0.7133567 0.7008013 -2.005041 0 0 0 1 3.19678e-7 -0.03485816 0.9993924 -1.163998 -3.31776e-7 0.9993925 0.03485816 0.09066218 -1 -3.34354e-7 3.08122e-7 -3.14869e-7 0 0 0 1</float_array>
          <technique_common>
            <accessor source="#Armature_Band_002-skin-bind_poses-array" count="9" stride="16">
              <param name="TRANSFORM" type="float4x4"/>
            </accessor>
          </technique_common>
        </source>
        <source id="Armature_Band_002-skin-weights">
          <float_array id="Armature_Band_002-skin-weights-array" count="48">1 1 1 1 1 1 1 1 1 1 1 1 1 1 1 1 1 1 1 1 1 1 1 1 1 1 1 1 1 1 1 1 1 1 1 1 1 1 1 1 1 1 1 1 1 1 1 1</float_array>
          <technique_common>
            <accessor source="#Armature_Band_002-skin-weights-array" count="48" stride="1">
              <param name="WEIGHT" type="float"/>
            </accessor>
          </technique_common>
        </source>
        <joints>
          <input semantic="JOINT" source="#Armature_Band_002-skin-joints"/>
          <input semantic="INV_BIND_MATRIX" source="#Armature_Band_002-skin-bind_poses"/>
        </joints>
        <vertex_weights count="48">
          <input semantic="JOINT" source="#Armature_Band_002-skin-joints" offset="0"/>
          <input semantic="WEIGHT" source="#Armature_Band_002-skin-weights" offset="1"/>
          <vcount>1 1 1 1 1 1 1 1 1 1 1 1 1 1 1 1 1 1 1 1 1 1 1 1 1 1 1 1 1 1 1 1 1 1 1 1 1 1 1 1 1 1 1 1 1 1 1 1 </vcount>
          <v>6 0 6 1 6 2 6 3 6 4 6 5 6 6 6 7 6 8 6 9 6 10 6 11 6 12 6 13 6 14 6 15 6 16 6 17 6 18 6 19 6 20 6 21 6 22 6 23 6 24 6 25 6 26 6 27 6 28 6 29 6 30 6 31 6 32 6 33 6 34 6 35 6 36 6 37 6 38 6 39 6 40 6 41 6 42 6 43 6 44 6 45 6 46 6 47</v>
        </vertex_weights>
      </skin>
    </controller>
    <controller id="Armature_balhoofd2-skin" name="Armature">
      <skin source="#Cube_005-mesh">
        <bind_shape_matrix>1 0 0 0 0 1 0 0 0 0 1 0 0 0 0 1</bind_shape_matrix>
        <source id="Armature_balhoofd2-skin-joints">
          <Name_array id="Armature_balhoofd2-skin-joints-array" count="9">Body Mast Boom Sail Fork Wheel_Front Wheel_Left Wheel_Right Cam</Name_array>
          <technique_common>
            <accessor source="#Armature_balhoofd2-skin-joints-array" count="9" stride="1">
              <param name="JOINT" type="name"/>
            </accessor>
          </technique_common>
        </source>
        <source id="Armature_balhoofd2-skin-bind_poses">
          <float_array id="Armature_balhoofd2-skin-bind_poses-array" count="144">-1 0 2.60027e-4 -7.39147e-5 0 1 -2.9621e-5 -0.3719461 -2.60027e-4 -2.9621e-5 -1 0.2842574 0 0 0 1 -1 3.53167e-6 -2.45527e-7 -5.11066e-6 -1.03042e-6 -0.2239944 0.9745905 -0.3980039 3.38694e-6 0.9745905 0.2239945 -1.629873 0 0 0 1 -1 0 -3.75219e-7 6.62527e-7 0 -0.9635626 0.2674831 0.9552611 -3.89453e-7 0.2674832 0.9635626 -1.637868 0 0 0 1 -1 -3.68803e-5 -3.60429e-5 1.03392e-4 1.34231e-7 -0.7008013 0.7133567 -0.1871792 -5.15677e-5 0.7133567 0.7008013 -2.005041 0 0 0 1 -1 -5.05048e-7 -1.84823e-7 -2.05109e-7 -2.33966e-7 0.7178956 -0.6961508 -0.9823448 4.8423e-7 -0.6961507 -0.7178957 1.681175 0 0 0 1 0 -0.5900596 0.8073599 1.142486 -1 0 0 -1.4177e-6 0 -0.8073598 -0.5900597 1.96739 0 0 0 1 0 0.03485846 -0.9993924 0.3933157 -1 0 0 -0.9669833 0 0.9993923 0.03485846 0.1245868 0 0 0 1 0 -0.03485697 0.9993925 -0.3933156 1 0 0 -0.9669834 0 0.9993924 0.03485697 0.1245874 0 0 0 1 3.19678e-7 -0.03485816 0.9993924 -1.163998 -3.31776e-7 0.9993925 0.03485816 0.09066218 -1 -3.34354e-7 3.08122e-7 -3.14869e-7 0 0 0 1</float_array>
          <technique_common>
            <accessor source="#Armature_balhoofd2-skin-bind_poses-array" count="9" stride="16">
              <param name="TRANSFORM" type="float4x4"/>
            </accessor>
          </technique_common>
        </source>
        <source id="Armature_balhoofd2-skin-weights">
          <float_array id="Armature_balhoofd2-skin-weights-array" count="8">1 1 1 1 1 1 1 1</float_array>
          <technique_common>
            <accessor source="#Armature_balhoofd2-skin-weights-array" count="8" stride="1">
              <param name="WEIGHT" type="float"/>
            </accessor>
          </technique_common>
        </source>
        <joints>
          <input semantic="JOINT" source="#Armature_balhoofd2-skin-joints"/>
          <input semantic="INV_BIND_MATRIX" source="#Armature_balhoofd2-skin-bind_poses"/>
        </joints>
        <vertex_weights count="8">
          <input semantic="JOINT" source="#Armature_balhoofd2-skin-joints" offset="0"/>
          <input semantic="WEIGHT" source="#Armature_balhoofd2-skin-weights" offset="1"/>
          <vcount>1 1 1 1 1 1 1 1 </vcount>
          <v>0 0 0 1 0 2 0 3 0 4 0 5 0 6 0 7</v>
        </vertex_weights>
      </skin>
    </controller>
    <controller id="Armature_Kuip-skin" name="Armature">
      <skin source="#Cube_002-mesh">
        <bind_shape_matrix>1 0 0 0 0 1 0 0 0 0 1 0 0 0 0 1</bind_shape_matrix>
        <source id="Armature_Kuip-skin-joints">
          <Name_array id="Armature_Kuip-skin-joints-array" count="9">Body Mast Boom Sail Fork Wheel_Front Wheel_Left Wheel_Right Cam</Name_array>
          <technique_common>
            <accessor source="#Armature_Kuip-skin-joints-array" count="9" stride="1">
              <param name="JOINT" type="name"/>
            </accessor>
          </technique_common>
        </source>
        <source id="Armature_Kuip-skin-bind_poses">
          <float_array id="Armature_Kuip-skin-bind_poses-array" count="144">-1 0 2.60027e-4 -7.39147e-5 0 1 -2.9621e-5 -0.3719461 -2.60027e-4 -2.9621e-5 -1 0.2842574 0 0 0 1 -1 3.53167e-6 -2.45527e-7 -5.11066e-6 -1.03042e-6 -0.2239944 0.9745905 -0.3980039 3.38694e-6 0.9745905 0.2239945 -1.629873 0 0 0 1 -1 0 -3.75219e-7 6.62527e-7 0 -0.9635626 0.2674831 0.9552611 -3.89453e-7 0.2674832 0.9635626 -1.637868 0 0 0 1 -1 -3.68803e-5 -3.60429e-5 1.03392e-4 1.34231e-7 -0.7008013 0.7133567 -0.1871792 -5.15677e-5 0.7133567 0.7008013 -2.005041 0 0 0 1 -1 -5.05048e-7 -1.84823e-7 -2.05109e-7 -2.33966e-7 0.7178956 -0.6961508 -0.9823448 4.8423e-7 -0.6961507 -0.7178957 1.681175 0 0 0 1 0 -0.5900596 0.8073599 1.142486 -1 0 0 -1.4177e-6 0 -0.8073598 -0.5900597 1.96739 0 0 0 1 0 0.03485846 -0.9993924 0.3933157 -1 0 0 -0.9669833 0 0.9993923 0.03485846 0.1245868 0 0 0 1 0 -0.03485697 0.9993925 -0.3933156 1 0 0 -0.9669834 0 0.9993924 0.03485697 0.1245874 0 0 0 1 3.19678e-7 -0.03485816 0.9993924 -1.163998 -3.31776e-7 0.9993925 0.03485816 0.09066218 -1 -3.34354e-7 3.08122e-7 -3.14869e-7 0 0 0 1</float_array>
          <technique_common>
            <accessor source="#Armature_Kuip-skin-bind_poses-array" count="9" stride="16">
              <param name="TRANSFORM" type="float4x4"/>
            </accessor>
          </technique_common>
        </source>
        <source id="Armature_Kuip-skin-weights">
          <float_array id="Armature_Kuip-skin-weights-array" count="36">1 1 1 1 1 1 1 1 1 1 1 1 1 1 1 1 1 1 1 1 1 1 1 1 1 1 1 1 1 1 1 1 1 1 1 1</float_array>
          <technique_common>
            <accessor source="#Armature_Kuip-skin-weights-array" count="36" stride="1">
              <param name="WEIGHT" type="float"/>
            </accessor>
          </technique_common>
        </source>
        <joints>
          <input semantic="JOINT" source="#Armature_Kuip-skin-joints"/>
          <input semantic="INV_BIND_MATRIX" source="#Armature_Kuip-skin-bind_poses"/>
        </joints>
        <vertex_weights count="36">
          <input semantic="JOINT" source="#Armature_Kuip-skin-joints" offset="0"/>
          <input semantic="WEIGHT" source="#Armature_Kuip-skin-weights" offset="1"/>
          <vcount>1 1 1 1 1 1 1 1 1 1 1 1 1 1 1 1 1 1 1 1 1 1 1 1 1 1 1 1 1 1 1 1 1 1 1 1 </vcount>
          <v>0 0 0 1 0 2 0 3 0 4 0 5 0 6 0 7 0 8 0 9 0 10 0 11 0 12 0 13 0 14 0 15 0 16 0 17 0 18 0 19 0 20 0 21 0 22 0 23 0 24 0 25 0 26 0 27 0 28 0 29 0 30 0 31 0 32 0 33 0 34 0 35</v>
        </vertex_weights>
      </skin>
    </controller>
    <controller id="Armature_Achterloper-skin" name="Armature">
      <skin source="#Cube-mesh">
        <bind_shape_matrix>1 0 0 0 0 1 0 0 0 0 1 0 0 0 0 1</bind_shape_matrix>
        <source id="Armature_Achterloper-skin-joints">
          <Name_array id="Armature_Achterloper-skin-joints-array" count="9">Body Mast Boom Sail Fork Wheel_Front Wheel_Left Wheel_Right Cam</Name_array>
          <technique_common>
            <accessor source="#Armature_Achterloper-skin-joints-array" count="9" stride="1">
              <param name="JOINT" type="name"/>
            </accessor>
          </technique_common>
        </source>
        <source id="Armature_Achterloper-skin-bind_poses">
          <float_array id="Armature_Achterloper-skin-bind_poses-array" count="144">-1 0 2.60027e-4 -7.39147e-5 0 1 -2.9621e-5 -0.3719461 -2.60027e-4 -2.9621e-5 -1 0.2842574 0 0 0 1 -1 3.53167e-6 -2.45527e-7 -5.11066e-6 -1.03042e-6 -0.2239944 0.9745905 -0.3980039 3.38694e-6 0.9745905 0.2239945 -1.629873 0 0 0 1 -1 0 -3.75219e-7 6.62527e-7 0 -0.9635626 0.2674831 0.9552611 -3.89453e-7 0.2674832 0.9635626 -1.637868 0 0 0 1 -1 -3.68803e-5 -3.60429e-5 1.03392e-4 1.34231e-7 -0.7008013 0.7133567 -0.1871792 -5.15677e-5 0.7133567 0.7008013 -2.005041 0 0 0 1 -1 -5.05048e-7 -1.84823e-7 -2.05109e-7 -2.33966e-7 0.7178956 -0.6961508 -0.9823448 4.8423e-7 -0.6961507 -0.7178957 1.681175 0 0 0 1 0 -0.5900596 0.8073599 1.142486 -1 0 0 -1.4177e-6 0 -0.8073598 -0.5900597 1.96739 0 0 0 1 0 0.03485846 -0.9993924 0.3933157 -1 0 0 -0.9669833 0 0.9993923 0.03485846 0.1245868 0 0 0 1 0 -0.03485697 0.9993925 -0.3933156 1 0 0 -0.9669834 0 0.9993924 0.03485697 0.1245874 0 0 0 1 3.19678e-7 -0.03485816 0.9993924 -1.163998 -3.31776e-7 0.9993925 0.03485816 0.09066218 -1 -3.34354e-7 3.08122e-7 -3.14869e-7 0 0 0 1</float_array>
          <technique_common>
            <accessor source="#Armature_Achterloper-skin-bind_poses-array" count="9" stride="16">
              <param name="TRANSFORM" type="float4x4"/>
            </accessor>
          </technique_common>
        </source>
        <source id="Armature_Achterloper-skin-weights">
          <float_array id="Armature_Achterloper-skin-weights-array" count="8">1 1 1 1 1 1 1 1</float_array>
          <technique_common>
            <accessor source="#Armature_Achterloper-skin-weights-array" count="8" stride="1">
              <param name="WEIGHT" type="float"/>
            </accessor>
          </technique_common>
        </source>
        <joints>
          <input semantic="JOINT" source="#Armature_Achterloper-skin-joints"/>
          <input semantic="INV_BIND_MATRIX" source="#Armature_Achterloper-skin-bind_poses"/>
        </joints>
        <vertex_weights count="8">
          <input semantic="JOINT" source="#Armature_Achterloper-skin-joints" offset="0"/>
          <input semantic="WEIGHT" source="#Armature_Achterloper-skin-weights" offset="1"/>
          <vcount>1 1 1 1 1 1 1 1 </vcount>
          <v>0 0 0 1 0 2 0 3 0 4 0 5 0 6 0 7</v>
        </vertex_weights>
      </skin>
    </controller>
    <controller id="Armature_Body_001-skin" name="Armature">
      <skin source="#Body-mesh">
        <bind_shape_matrix>1 0 0 0 0 1 0 0 0 0 1 0 0 0 0 1</bind_shape_matrix>
        <source id="Armature_Body_001-skin-joints">
          <Name_array id="Armature_Body_001-skin-joints-array" count="9">Body Mast Boom Sail Fork Wheel_Front Wheel_Left Wheel_Right Cam</Name_array>
          <technique_common>
            <accessor source="#Armature_Body_001-skin-joints-array" count="9" stride="1">
              <param name="JOINT" type="name"/>
            </accessor>
          </technique_common>
        </source>
        <source id="Armature_Body_001-skin-bind_poses">
          <float_array id="Armature_Body_001-skin-bind_poses-array" count="144">-1 0 2.60027e-4 -7.39147e-5 0 1 -2.9621e-5 -0.3719461 -2.60027e-4 -2.9621e-5 -1 0.2842574 0 0 0 1 -1 3.53167e-6 -2.45527e-7 -5.11066e-6 -1.03042e-6 -0.2239944 0.9745905 -0.3980039 3.38694e-6 0.9745905 0.2239945 -1.629873 0 0 0 1 -1 0 -3.75219e-7 6.62527e-7 0 -0.9635626 0.2674831 0.9552611 -3.89453e-7 0.2674832 0.9635626 -1.637868 0 0 0 1 -1 -3.68803e-5 -3.60429e-5 1.03392e-4 1.34231e-7 -0.7008013 0.7133567 -0.1871792 -5.15677e-5 0.7133567 0.7008013 -2.005041 0 0 0 1 -1 -5.05048e-7 -1.84823e-7 -2.05109e-7 -2.33966e-7 0.7178956 -0.6961508 -0.9823448 4.8423e-7 -0.6961507 -0.7178957 1.681175 0 0 0 1 0 -0.5900596 0.8073599 1.142486 -1 0 0 -1.4177e-6 0 -0.8073598 -0.5900597 1.96739 0 0 0 1 0 0.03485846 -0.9993924 0.3933157 -1 0 0 -0.9669833 0 0.9993923 0.03485846 0.1245868 0 0 0 1 0 -0.03485697 0.9993925 -0.3933156 1 0 0 -0.9669834 0 0.9993924 0.03485697 0.1245874 0 0 0 1 3.19678e-7 -0.03485816 0.9993924 -1.163998 -3.31776e-7 0.9993925 0.03485816 0.09066218 -1 -3.34354e-7 3.08122e-7 -3.14869e-7 0 0 0 1</float_array>
          <technique_common>
            <accessor source="#Armature_Body_001-skin-bind_poses-array" count="9" stride="16">
              <param name="TRANSFORM" type="float4x4"/>
            </accessor>
          </technique_common>
        </source>
        <source id="Armature_Body_001-skin-weights">
          <float_array id="Armature_Body_001-skin-weights-array" count="16">1 1 1 1 1 1 1 1 1 1 1 1 1 1 1 1</float_array>
          <technique_common>
            <accessor source="#Armature_Body_001-skin-weights-array" count="16" stride="1">
              <param name="WEIGHT" type="float"/>
            </accessor>
          </technique_common>
        </source>
        <joints>
          <input semantic="JOINT" source="#Armature_Body_001-skin-joints"/>
          <input semantic="INV_BIND_MATRIX" source="#Armature_Body_001-skin-bind_poses"/>
        </joints>
        <vertex_weights count="16">
          <input semantic="JOINT" source="#Armature_Body_001-skin-joints" offset="0"/>
          <input semantic="WEIGHT" source="#Armature_Body_001-skin-weights" offset="1"/>
          <vcount>1 1 1 1 1 1 1 1 1 1 1 1 1 1 1 1 </vcount>
          <v>0 0 0 1 0 2 0 3 0 4 0 5 0 6 0 7 0 8 0 9 0 10 0 11 0 12 0 13 0 14 0 15</v>
        </vertex_weights>
      </skin>
    </controller>
    <controller id="Armature_Camcube-skin" name="Armature">
      <skin source="#Cube_009-mesh">
        <bind_shape_matrix>1 0 0 0 0 1 0 0 0 0 1 0 0 0 0 1</bind_shape_matrix>
        <source id="Armature_Camcube-skin-joints">
          <Name_array id="Armature_Camcube-skin-joints-array" count="8">Body Mast Boom Fork Wheel_Front Wheel_Left Wheel_Right Cam</Name_array>
          <technique_common>
            <accessor source="#Armature_Camcube-skin-joints-array" count="8" stride="1">
              <param name="JOINT" type="name"/>
            </accessor>
          </technique_common>
        </source>
        <source id="Armature_Camcube-skin-bind_poses">
          <float_array id="Armature_Camcube-skin-bind_poses-array" count="128">-1 0 2.60027e-4 -7.39147e-5 0 1 -2.9621e-5 -0.3719461 -2.60027e-4 -2.9621e-5 -1 0.2842574 0 0 0 1 -1 3.53167e-6 -2.45527e-7 -5.11066e-6 -1.03042e-6 -0.2239944 0.9745905 -0.3980039 3.38694e-6 0.9745905 0.2239945 -1.629873 0 0 0 1 -1 0 -3.75219e-7 6.62527e-7 0 -0.9635626 0.2674831 0.9552611 -3.89453e-7 0.2674832 0.9635626 -1.637868 0 0 0 1 -1 -5.05048e-7 -1.84823e-7 -2.05109e-7 -2.33966e-7 0.7178956 -0.6961508 -0.9823448 4.8423e-7 -0.6961507 -0.7178957 1.681175 0 0 0 1 0 -0.5900596 0.8073599 1.142486 -1 0 0 -1.4177e-6 0 -0.8073598 -0.5900597 1.96739 0 0 0 1 0 0.03485846 -0.9993924 0.3933157 -1 0 0 -0.9669833 0 0.9993923 0.03485846 0.1245868 0 0 0 1 0 -0.03485697 0.9993925 -0.3933156 1 0 0 -0.9669834 0 0.9993924 0.03485697 0.1245874 0 0 0 1 3.19678e-7 -0.03485816 0.9993924 -1.163998 -3.31776e-7 0.9993925 0.03485816 0.09066218 -1 -3.34354e-7 3.08122e-7 -3.14869e-7 0 0 0 1</float_array>
          <technique_common>
            <accessor source="#Armature_Camcube-skin-bind_poses-array" count="8" stride="16">
              <param name="TRANSFORM" type="float4x4"/>
            </accessor>
          </technique_common>
        </source>
        <source id="Armature_Camcube-skin-weights">
          <float_array id="Armature_Camcube-skin-weights-array" count="8">1 1 1 1 1 1 1 1</float_array>
          <technique_common>
            <accessor source="#Armature_Camcube-skin-weights-array" count="8" stride="1">
              <param name="WEIGHT" type="float"/>
            </accessor>
          </technique_common>
        </source>
        <joints>
          <input semantic="JOINT" source="#Armature_Camcube-skin-joints"/>
          <input semantic="INV_BIND_MATRIX" source="#Armature_Camcube-skin-bind_poses"/>
        </joints>
        <vertex_weights count="8">
          <input semantic="JOINT" source="#Armature_Camcube-skin-joints" offset="0"/>
          <input semantic="WEIGHT" source="#Armature_Camcube-skin-weights" offset="1"/>
          <vcount>1 1 1 1 1 1 1 1 </vcount>
          <v>7 0 7 1 7 2 7 3 7 4 7 5 7 6 7 7</v>
        </vertex_weights>
      </skin>
    </controller>
    <controller id="Armature_Balhoofd-skin" name="Armature">
      <skin source="#Cube_003-mesh">
        <bind_shape_matrix>1 0 0 0 0 1 0 0 0 0 1 0 0 0 0 1</bind_shape_matrix>
        <source id="Armature_Balhoofd-skin-joints">
          <Name_array id="Armature_Balhoofd-skin-joints-array" count="3">Body Mast Boom</Name_array>
          <technique_common>
            <accessor source="#Armature_Balhoofd-skin-joints-array" count="3" stride="1">
              <param name="JOINT" type="name"/>
            </accessor>
          </technique_common>
        </source>
        <source id="Armature_Balhoofd-skin-bind_poses">
          <float_array id="Armature_Balhoofd-skin-bind_poses-array" count="48">-1 0 2.60027e-4 -7.39147e-5 0 1 -2.9621e-5 -0.3719461 -2.60027e-4 -2.9621e-5 -1 0.2842574 0 0 0 1 -1 3.53167e-6 -2.45527e-7 -5.11066e-6 -1.03042e-6 -0.2239944 0.9745905 -0.3980039 3.38694e-6 0.9745905 0.2239945 -1.629873 0 0 0 1 -1 0 -3.75219e-7 6.62527e-7 0 -0.9635626 0.2674831 0.9552611 -3.89453e-7 0.2674832 0.9635626 -1.637868 0 0 0 1</float_array>
          <technique_common>
            <accessor source="#Armature_Balhoofd-skin-bind_poses-array" count="3" stride="16">
              <param name="TRANSFORM" type="float4x4"/>
            </accessor>
          </technique_common>
        </source>
        <source id="Armature_Balhoofd-skin-weights">
          <float_array id="Armature_Balhoofd-skin-weights-array" count="36">1 1 1 1 1 1 1 1 1 1 1 1 1 1 1 1 1 1 1 1 1 1 1 1 1 1 1 1 1 1 1 1 1 1 1 1</float_array>
          <technique_common>
            <accessor source="#Armature_Balhoofd-skin-weights-array" count="36" stride="1">
              <param name="WEIGHT" type="float"/>
            </accessor>
          </technique_common>
        </source>
        <joints>
          <input semantic="JOINT" source="#Armature_Balhoofd-skin-joints"/>
          <input semantic="INV_BIND_MATRIX" source="#Armature_Balhoofd-skin-bind_poses"/>
        </joints>
        <vertex_weights count="36">
          <input semantic="JOINT" source="#Armature_Balhoofd-skin-joints" offset="0"/>
          <input semantic="WEIGHT" source="#Armature_Balhoofd-skin-weights" offset="1"/>
          <vcount>1 1 1 1 1 1 1 1 1 1 1 1 1 1 1 1 1 1 1 1 1 1 1 1 1 1 1 1 1 1 1 1 1 1 1 1 </vcount>
          <v>0 0 0 1 0 2 0 3 0 4 0 5 0 6 0 7 0 8 0 9 0 10 0 11 0 12 0 13 0 14 0 15 0 16 0 17 0 18 0 19 0 20 0 21 0 22 0 23 0 24 0 25 0 26 0 27 0 28 0 29 0 30 0 31 0 32 0 33 0 34 0 35</v>
        </vertex_weights>
      </skin>
    </controller>
  </library_controllers>
  <library_visual_scenes>
    <visual_scene id="Scene" name="Scene">
      <node id="Rotation" name="Rotation" type="NODE">
        <matrix sid="transform">0.1273209 0 0 5.5147e-11 0 0.1273209 0 -0.274848 0 0 0.1273209 0.4000404 0 0 0 1</matrix>
      </node>
      <node id="Armature" name="Armature" type="NODE">
        <matrix sid="transform">1 0 0 0 0 1 0 0 0 0 1 0 0 0 0 1</matrix>
        <node id="Armature_Body" name="Body" sid="Body" type="JOINT">
          <matrix sid="transform">-0.9999999 0 -2.60027e-4 0 7.70227e-9 1 -2.9621e-5 0.3719546 2.60027e-4 -2.9621e-5 -0.9999999 0.2842464 0 0 0 1</matrix>
          <node id="Armature_Mast" name="Mast" sid="Mast" type="JOINT">
            <matrix sid="transform">0.9999999 2.54449e-4 5.48652e-5 1.21891e-4 3.53169e-6 -0.2240234 0.9745837 1.12734 2.60273e-4 -0.9745837 -0.2240233 -0.4687603 0 0 0 1</matrix>
            <node id="Armature_Boom" name="Boom" sid="Boom" type="JOINT">
              <matrix sid="transform">1 -3.46866e-6 1.09749e-6 -6.62169e-7 6.8801e-7 0.4765193 0.8791641 0.5867505 -3.57249e-6 -0.8791641 0.4765193 -0.009566307 0 0 0 1</matrix>
              <extra>
                <technique profile="blender">
                  <collections type="string">Bones</collections>
                  <roll sid="roll" type="float">-3.141592</roll>
                  <tip_x sid="tip_x" type="float">0</tip_x>
                  <tip_y sid="tip_y" type="float">-2.738092</tip_y>
                  <tip_z sid="tip_z" type="float">0.7600894</tip_z>
                </technique>
              </extra>
            </node>
            <node id="Armature_Sail" name="Sail" sid="Sail" type="JOINT">
              <matrix sid="transform">1 -2.78442e-6 5.3915e-5 -9.218e-7 -2.58357e-5 0.8522062 0.5232062 0.8105614 -4.74035e-5 -0.5232062 0.8522062 -0.01909828 0 0 0 1</matrix>
              <extra>
                <technique profile="blender">
                  <collections type="string">Bones</collections>
                  <roll sid="roll" type="float">-3.141541</roll>
                  <tip_x sid="tip_x" type="float">4.45021e-7</tip_x>
                  <tip_y sid="tip_y" type="float">-2.322628</tip_y>
                  <tip_z sid="tip_z" type="float">2.364239</tip_z>
                </technique>
              </extra>
            </node>
            <extra>
              <technique profile="blender">
                <collections type="string">Bones</collections>
                <roll sid="roll" type="float">3.141588</roll>
                <tip_x sid="tip_x" type="float">-4.96162e-6</tip_x>
                <tip_y sid="tip_y" type="float">-1.078613</tip_y>
                <tip_z sid="tip_z" type="float">4.693001</tip_z>
              </technique>
            </extra>
          </node>
          <node id="Armature_Fork" name="Fork" sid="Fork" type="JOINT">
            <matrix sid="transform">1 -1.80779e-4 -1.87162e-4 6.33555e-5 -5.05055e-7 0.7179163 -0.6961294 1.50361 2.60212e-4 0.6961294 0.7179161 -0.2388459 0 0 0 1</matrix>
            <node id="Armature_Wheel_Front" name="Wheel_Front" sid="Wheel_Front" type="JOINT">
              <matrix sid="transform">1.49972e-7 1 5.37725e-7 -1.66665e-8 -0.9856452 2.51259e-7 -0.1688296 0.4758949 -0.1688296 -5.02518e-7 0.9856452 -0.06508791 0 0 0 1</matrix>
              <extra>
                <technique profile="blender">
                  <collections type="string">Bones</collections>
                  <roll sid="roll" type="float">-2.201929</roll>
                  <tip_x sid="tip_x" type="float">-0.1037853</tip_x>
                  <tip_y sid="tip_y" type="float">0</tip_y>
                  <tip_z sid="tip_z" type="float">0</tip_z>
                </technique>
              </extra>
            </node>
            <extra>
              <technique profile="blender">
                <collections type="string">Bones</collections>
                <roll sid="roll" type="float">3.141592</roll>
                <tip_x sid="tip_x" type="float">0</tip_x>
                <tip_y sid="tip_y" type="float">0.3386523</tip_y>
                <tip_z sid="tip_z" type="float">-0.3283945</tip_z>
              </technique>
            </extra>
          </node>
          <node id="Armature_Wheel_Left" name="Wheel_Left" sid="Wheel_Left" type="JOINT">
            <matrix sid="transform">-2.59854e-4 0.9999999 9.07315e-6 0.9670103 0.03488808 -5.6346e-16 0.9993912 -0.5101792 0.9993911 2.60064e-4 -0.03488807 -0.1042208 0 0 0 1</matrix>
            <extra>
              <technique profile="blender">
                <collections type="string">Bones</collections>
                <roll sid="roll" type="float">1.535931</roll>
                <tip_x sid="tip_x" type="float">-0.1218158</tip_x>
                <tip_y sid="tip_y" type="float">0</tip_y>
                <tip_z sid="tip_z" type="float">0</tip_z>
              </technique>
            </extra>
          </node>
          <node id="Armature_Wheel_Right" name="Wheel_Right" sid="Wheel_Right" type="JOINT">
            <matrix sid="transform">2.59896e-4 -0.9999998 9.07062e-6 -0.966956 -0.0348866 0 0.9993913 -0.5101792 -0.9993912 -2.60002e-4 -0.0348866 -0.1047237 0 0 0 1</matrix>
            <extra>
              <technique profile="blender">
                <collections type="string">Bones</collections>
                <roll sid="roll" type="float">-1.535932</roll>
                <tip_x sid="tip_x" type="float">0.1218158</tip_x>
                <tip_y sid="tip_y" type="float">0</tip_y>
                <tip_z sid="tip_z" type="float">0</tip_z>
              </technique>
            </extra>
          </node>
          <node id="Armature_Cam" name="Cam" sid="Cam" type="JOINT">
            <matrix sid="transform">2.59549e-4 9.39518e-6 0.9999999 2.27663e-4 -0.03488778 0.9993911 -3.42727e-7 -0.5031625 -0.9993911 -0.03488777 2.59719e-4 -0.8758695 0 0 0 1</matrix>
            <extra>
              <technique profile="blender">
                <collections type="string">Bones</collections>
                <roll sid="roll" type="float">-1.570796</roll>
                <tip_x sid="tip_x" type="float">0</tip_x>
                <tip_y sid="tip_y" type="float">0.1998785</tip_y>
                <tip_z sid="tip_z" type="float">0.006971597</tip_z>
              </technique>
            </extra>
          </node>
          <extra>
            <technique profile="blender">
              <collections type="string">Bones</collections>
              <roll sid="roll" type="float">-3.141333</roll>
              <tip_x sid="tip_x" type="float">0</tip_x>
              <tip_y sid="tip_y" type="float">1.377379</tip_y>
              <tip_z sid="tip_z" type="float">-4.07994e-5</tip_z>
            </technique>
          </extra>
        </node>
        <node id="Balhoofd" name="Balhoofd" type="NODE">
          <matrix sid="transform">1 0 0 0 0 1 0 0 0 0 1 0 0 0 0 1</matrix>
          <instance_controller url="#Armature_Balhoofd-skin">
            <skeleton>#Armature_Body</skeleton>
            <bind_material>
              <technique_common>
                <instance_material symbol="Beware-material" target="#Beware-material">
                  <bind_vertex_input semantic="UVMap" input_semantic="TEXCOORD" input_set="0"/>
                </instance_material>
              </technique_common>
            </bind_material>
          </instance_controller>
        </node>
        <node id="Camcube" name="Camcube" type="NODE">
          <matrix sid="transform">1 0 0 0 0 1 0 0 0 0 1 0 0 0 0 1</matrix>
          <instance_controller url="#Armature_Camcube-skin">
            <skeleton>#Armature_Body</skeleton>
            <bind_material>
              <technique_common>
                <instance_material symbol="Beware-material" target="#Beware-material">
                  <bind_vertex_input semantic="UVMap" input_semantic="TEXCOORD" input_set="0"/>
                </instance_material>
              </technique_common>
            </bind_material>
          </instance_controller>
        </node>
        <node id="Body_001" name="Body.001" type="NODE">
          <matrix sid="transform">1 0 0 0 0 1 0 0 0 0 1 0 0 0 0 1</matrix>
          <instance_controller url="#Armature_Body_001-skin">
            <skeleton>#Armature_Body</skeleton>
            <bind_material>
              <technique_common>
                <instance_material symbol="Beware-material" target="#Beware-material">
                  <bind_vertex_input semantic="UVMap" input_semantic="TEXCOORD" input_set="0"/>
                </instance_material>
              </technique_common>
            </bind_material>
          </instance_controller>
        </node>
        <node id="Achterloper" name="Achterloper" type="NODE">
          <matrix sid="transform">1 0 0 0 0 1 0 0 0 0 1 0 0 0 0 1</matrix>
          <instance_controller url="#Armature_Achterloper-skin">
            <skeleton>#Armature_Body</skeleton>
            <bind_material>
              <technique_common>
                <instance_material symbol="Beware-material" target="#Beware-material">
                  <bind_vertex_input semantic="UVMap" input_semantic="TEXCOORD" input_set="0"/>
                </instance_material>
              </technique_common>
            </bind_material>
          </instance_controller>
        </node>
        <node id="Kuip" name="Kuip" type="NODE">
          <matrix sid="transform">1 0 0 0 0 1 0 0 0 0 1 0 0 0 0 1</matrix>
          <instance_controller url="#Armature_Kuip-skin">
            <skeleton>#Armature_Body</skeleton>
            <bind_material>
              <technique_common>
                <instance_material symbol="Beware-material" target="#Beware-material">
                  <bind_vertex_input semantic="UVMap" input_semantic="TEXCOORD" input_set="0"/>
                </instance_material>
              </technique_common>
            </bind_material>
          </instance_controller>
        </node>
        <node id="balhoofd2" name="balhoofd2" type="NODE">
          <matrix sid="transform">1 0 0 0 0 1 0 0 0 0 1 0 0 0 0 1</matrix>
          <instance_controller url="#Armature_balhoofd2-skin">
            <skeleton>#Armature_Body</skeleton>
            <bind_material>
              <technique_common>
                <instance_material symbol="Beware-material" target="#Beware-material">
                  <bind_vertex_input semantic="UVMap" input_semantic="TEXCOORD" input_set="0"/>
                </instance_material>
              </technique_common>
            </bind_material>
          </instance_controller>
        </node>
        <node id="Band_002" name="Band.002" type="NODE">
          <matrix sid="transform">1 0 0 0 0 1 0 0 0 0 1 0 0 0 0 1</matrix>
          <instance_controller url="#Armature_Band_002-skin">
            <skeleton>#Armature_Body</skeleton>
            <bind_material>
              <technique_common>
                <instance_material symbol="Beware-material" target="#Beware-material">
                  <bind_vertex_input semantic="UVMap" input_semantic="TEXCOORD" input_set="0"/>
                </instance_material>
              </technique_common>
            </bind_material>
          </instance_controller>
        </node>
        <node id="Velg_003" name="Velg.003" type="NODE">
          <matrix sid="transform">1 0 0 0 0 1 0 0 0 0 1 0 0 0 0 1</matrix>
          <instance_controller url="#Armature_Velg_003-skin">
            <skeleton>#Armature_Body</skeleton>
            <bind_material>
              <technique_common>
                <instance_material symbol="Beware-material" target="#Beware-material">
                  <bind_vertex_input semantic="UVMap" input_semantic="TEXCOORD" input_set="0"/>
                </instance_material>
              </technique_common>
            </bind_material>
          </instance_controller>
        </node>
        <node id="Band_001" name="Band.001" type="NODE">
          <matrix sid="transform">1 0 0 0 0 1 0 0 0 0 1 0 0 0 0 1</matrix>
          <instance_controller url="#Armature_Band_001-skin">
            <skeleton>#Armature_Body</skeleton>
            <bind_material>
              <technique_common>
                <instance_material symbol="Beware-material" target="#Beware-material">
                  <bind_vertex_input semantic="UVMap" input_semantic="TEXCOORD" input_set="0"/>
                </instance_material>
              </technique_common>
            </bind_material>
          </instance_controller>
        </node>
        <node id="Velg_001" name="Velg.001" type="NODE">
          <matrix sid="transform">1 0 0 0 0 1 0 0 0 0 1 0 0 0 0 1</matrix>
          <instance_controller url="#Armature_Velg_001-skin">
            <skeleton>#Armature_Body</skeleton>
            <bind_material>
              <technique_common>
                <instance_material symbol="Beware-material" target="#Beware-material">
                  <bind_vertex_input semantic="UVMap" input_semantic="TEXCOORD" input_set="0"/>
                </instance_material>
              </technique_common>
            </bind_material>
          </instance_controller>
        </node>
        <node id="Voorvork" name="Voorvork" type="NODE">
          <matrix sid="transform">1 0 0 0 0 1 0 0 0 0 1 0 0 0 0 1</matrix>
          <instance_controller url="#Armature_Voorvork-skin">
            <skeleton>#Armature_Body</skeleton>
            <bind_material>
              <technique_common>
                <instance_material symbol="Beware-material" target="#Beware-material">
                  <bind_vertex_input semantic="UVMap" input_semantic="TEXCOORD" input_set="0"/>
                </instance_material>
              </technique_common>
            </bind_material>
          </instance_controller>
        </node>
        <node id="Band" name="Band" type="NODE">
          <matrix sid="transform">1 0 0 0 0 1 0 0 0 0 1 0 0 0 0 1</matrix>
          <instance_controller url="#Armature_Band-skin">
            <skeleton>#Armature_Body</skeleton>
            <bind_material>
              <technique_common>
                <instance_material symbol="Beware-material" target="#Beware-material">
                  <bind_vertex_input semantic="UVMap" input_semantic="TEXCOORD" input_set="0"/>
                </instance_material>
              </technique_common>
            </bind_material>
          </instance_controller>
        </node>
        <node id="Velg_002" name="Velg.002" type="NODE">
          <matrix sid="transform">1 0 0 0 0 1 0 0 0 0 1 0 0 0 0 1</matrix>
          <instance_controller url="#Armature_Velg_002-skin">
            <skeleton>#Armature_Body</skeleton>
            <bind_material>
              <technique_common>
                <instance_material symbol="Beware-material" target="#Beware-material">
                  <bind_vertex_input semantic="UVMap" input_semantic="TEXCOORD" input_set="0"/>
                </instance_material>
              </technique_common>
            </bind_material>
          </instance_controller>
        </node>
        <node id="Mast" name="Mast" type="NODE">
          <matrix sid="transform">1 0 0 0 0 1 0 0 0 0 1 0 0 0 0 1</matrix>
          <instance_controller url="#Armature_Mast-skin">
            <skeleton>#Armature_Body</skeleton>
            <bind_material>
              <technique_common>
                <instance_material symbol="Beware-material" target="#Beware-material">
                  <bind_vertex_input semantic="UVMap" input_semantic="TEXCOORD" input_set="0"/>
                </instance_material>
              </technique_common>
            </bind_material>
          </instance_controller>
        </node>
        <node id="Giek" name="Giek" type="NODE">
          <matrix sid="transform">1 0 0 0 0 1 0 0 0 0 1 0 0 0 0 1</matrix>
          <instance_controller url="#Armature_Giek-skin">
            <skeleton>#Armature_Body</skeleton>
            <bind_material>
              <technique_common>
                <instance_material symbol="Beware-material" target="#Beware-material">
                  <bind_vertex_input semantic="UVMap" input_semantic="TEXCOORD" input_set="0"/>
                </instance_material>
              </technique_common>
            </bind_material>
          </instance_controller>
        </node>
        <node id="Sail" name="Sail" type="NODE">
          <matrix sid="transform">1 0 0 0 0 1 0 0 0 0 1 0 0 0 0 1</matrix>
          <instance_controller url="#Armature_Sail-skin">
            <skeleton>#Armature_Body</skeleton>
            <bind_material>
              <technique_common>
                <instance_material symbol="Beware-material" target="#Beware-material">
                  <bind_vertex_input semantic="UVMap" input_semantic="TEXCOORD" input_set="0"/>
                </instance_material>
              </technique_common>
            </bind_material>
          </instance_controller>
        </node>
        <node id="Mastslurf" name="Mastslurf" type="NODE">
          <matrix sid="transform">1 0 0 0 0 1 0 0 0 0 1 0 0 0 0 1</matrix>
          <instance_controller url="#Armature_Mastslurf-skin">
            <skeleton>#Armature_Body</skeleton>
            <bind_material>
              <technique_common>
                <instance_material symbol="Beware-material" target="#Beware-material">
                  <bind_vertex_input semantic="UVMap" input_semantic="TEXCOORD" input_set="0"/>
                </instance_material>
              </technique_common>
            </bind_material>
          </instance_controller>
        </node>
        <node id="Mastvanger" name="Mastvanger" type="NODE">
          <matrix sid="transform">1 0 0 0 0 1 0 0 0 0 1 0 0 0 0 1</matrix>
          <instance_controller url="#Armature_Mastvanger-skin">
            <skeleton>#Armature_Body</skeleton>
            <bind_material>
              <technique_common>
                <instance_material symbol="Beware-material" target="#Beware-material">
                  <bind_vertex_input semantic="UVMap" input_semantic="TEXCOORD" input_set="0"/>
                </instance_material>
              </technique_common>
            </bind_material>
          </instance_controller>
        </node>
        <extra>
          <technique profile="blender">
            <collections sid="collections" type="string">Bones</collections>
            <visible_collections sid="visible_collections" type="string">Bones</visible_collections>
            <active_collection sid="active_collection" type="string">Bones</active_collection>
          </technique>
        </extra>
      </node>
    </visual_scene>
  </library_visual_scenes>
  <scene>
    <instance_visual_scene url="#Scene"/>
  </scene>
</COLLADA>